[05Jan2026 18:38:59.524] [main/INFO] [cpw.mods.modlauncher.Launcher/MODLAUNCHER]: ModLauncher running: args [--launchTarget, forgeserver, --fml.forgeVersion, 47.3.7, --fml.mcVersion, 1.20.1, --fml.forgeGroup, net.minecraftforge, --fml.mcpVersion, 20230612.114412, nogui]
[05Jan2026 18:38:59.527] [main/INFO] [cpw.mods.modlauncher.Launcher/MODLAUNCHER]: ModLauncher 10.0.9+10.0.9+main.dcd20f30 starting: java version 17.0.17 by Ubuntu; OS Linux arch amd64 version 6.8.0-1030-azure
[05Jan2026 18:38:59.547] [main/DEBUG] [cpw.mods.modlauncher.LaunchServiceHandler/MODLAUNCHER]: Found launch services [fmlclientdev,forgeclient,minecraft,forgegametestserverdev,fmlserveruserdev,fmlclient,fmldatauserdev,forgeserverdev,forgeserveruserdev,forgeclientdev,forgeclientuserdev,forgeserver,forgedatadev,fmlserver,fmlclientuserdev,fmlserverdev,forgedatauserdev,testharness,forgegametestserveruserdev]
[05Jan2026 18:38:59.557] [main/DEBUG] [cpw.mods.modlauncher.NameMappingServiceHandler/MODLAUNCHER]: Found naming services : [srgtomcp]
[05Jan2026 18:38:59.663] [main/DEBUG] [cpw.mods.modlauncher.LaunchPluginHandler/MODLAUNCHER]: Found launch plugins: [mixin,eventbus,slf4jfixer,object_holder_definalize,runtime_enum_extender,capability_token_subclass,accesstransformer,runtimedistcleaner]
[05Jan2026 18:38:59.671] [main/DEBUG] [cpw.mods.modlauncher.TransformationServicesHandler/MODLAUNCHER]: Discovering transformation services
[05Jan2026 18:38:59.676] [main/DEBUG] [net.minecraftforge.fml.loading.FMLPaths/CORE]: Path GAMEDIR is /workspaces/shoshigam/servidor_minecraft
[05Jan2026 18:38:59.676] [main/DEBUG] [net.minecraftforge.fml.loading.FMLPaths/CORE]: Path MODSDIR is /workspaces/shoshigam/servidor_minecraft/mods
[05Jan2026 18:38:59.677] [main/DEBUG] [net.minecraftforge.fml.loading.FMLPaths/CORE]: Path CONFIGDIR is /workspaces/shoshigam/servidor_minecraft/config
[05Jan2026 18:38:59.677] [main/DEBUG] [net.minecraftforge.fml.loading.FMLPaths/CORE]: Path FMLCONFIG is /workspaces/shoshigam/servidor_minecraft/config/fml.toml
[05Jan2026 18:39:02.573] [main/DEBUG] [cpw.mods.modlauncher.TransformationServicesHandler/MODLAUNCHER]: Found additional transformation services from discovery services: 
[05Jan2026 18:39:02.579] [main/INFO] [net.minecraftforge.fml.loading.ImmediateWindowHandler/]: ImmediateWindowProvider not loading because launch target is forgeserver
[05Jan2026 18:39:02.587] [main/DEBUG] [cpw.mods.modlauncher.TransformationServicesHandler/MODLAUNCHER]: Found transformer services : [mixin,fml]
[05Jan2026 18:39:02.588] [main/DEBUG] [cpw.mods.modlauncher.TransformationServicesHandler/MODLAUNCHER]: Transformation services loading
[05Jan2026 18:39:02.588] [main/DEBUG] [cpw.mods.modlauncher.TransformationServiceDecorator/MODLAUNCHER]: Loading service mixin
[05Jan2026 18:39:02.588] [main/DEBUG] [cpw.mods.modlauncher.TransformationServiceDecorator/MODLAUNCHER]: Loaded service mixin
[05Jan2026 18:39:02.589] [main/DEBUG] [cpw.mods.modlauncher.TransformationServiceDecorator/MODLAUNCHER]: Loading service fml
[05Jan2026 18:39:02.589] [main/DEBUG] [net.minecraftforge.fml.loading.LauncherVersion/CORE]: Found FMLLauncher version 1.0
[05Jan2026 18:39:02.590] [main/DEBUG] [net.minecraftforge.fml.loading.FMLLoader/CORE]: FML 1.0 loading
[05Jan2026 18:39:02.590] [main/DEBUG] [net.minecraftforge.fml.loading.FMLLoader/CORE]: FML found ModLauncher version : 10.0.9+10.0.9+main.dcd20f30
[05Jan2026 18:39:02.590] [main/DEBUG] [net.minecraftforge.fml.loading.FMLLoader/CORE]: FML found AccessTransformer version : 8.0.4+66+master.c09db6d7
[05Jan2026 18:39:02.590] [main/DEBUG] [net.minecraftforge.fml.loading.FMLLoader/CORE]: FML found EventBus version : 6.0.5+6.0.5+master.eb8e549b
[05Jan2026 18:39:02.591] [main/DEBUG] [net.minecraftforge.fml.loading.FMLLoader/CORE]: Found Runtime Dist Cleaner
[05Jan2026 18:39:02.592] [main/DEBUG] [net.minecraftforge.fml.loading.FMLLoader/CORE]: FML found CoreMod version : 5.1.6
[05Jan2026 18:39:02.592] [main/DEBUG] [net.minecraftforge.fml.loading.FMLLoader/CORE]: Found ForgeSPI package implementation version 7.0.1+7.0.1+master.d2b38bf6
[05Jan2026 18:39:02.593] [main/DEBUG] [net.minecraftforge.fml.loading.FMLLoader/CORE]: Found ForgeSPI package specification 5
[05Jan2026 18:39:02.593] [main/DEBUG] [cpw.mods.modlauncher.TransformationServiceDecorator/MODLAUNCHER]: Loaded service fml
[05Jan2026 18:39:02.593] [main/DEBUG] [cpw.mods.modlauncher.TransformationServicesHandler/MODLAUNCHER]: Configuring option handling for services
[05Jan2026 18:39:02.600] [main/DEBUG] [cpw.mods.modlauncher.TransformationServicesHandler/MODLAUNCHER]: Transformation services initializing
[05Jan2026 18:39:02.601] [main/DEBUG] [cpw.mods.modlauncher.TransformationServiceDecorator/MODLAUNCHER]: Initializing transformation service mixin
[05Jan2026 18:39:02.614] [main/DEBUG] [mixin/]: MixinService [ModLauncher] was successfully booted in cpw.mods.cl.ModuleClassLoader@44c8afef
[05Jan2026 18:39:02.742] [main/INFO] [mixin/]: SpongePowered MIXIN Subsystem Version=0.8.5 Source=union:/workspaces/shoshigam/servidor_minecraft/libraries/org/spongepowered/mixin/0.8.5/mixin-0.8.5.jar%2363!/ Service=ModLauncher Env=SERVER
[05Jan2026 18:39:02.745] [main/DEBUG] [mixin/]: Initialising Mixin Platform Manager
[05Jan2026 18:39:02.746] [main/DEBUG] [mixin/]: Adding mixin platform agents for container ModLauncher Root Container(ModLauncher:4f56a0a2)
[05Jan2026 18:39:02.746] [main/DEBUG] [mixin/]: Instancing new MixinPlatformAgentMinecraftForge for ModLauncher Root Container(ModLauncher:4f56a0a2)
[05Jan2026 18:39:02.747] [main/DEBUG] [mixin/]: MixinPlatformAgentMinecraftForge rejected container ModLauncher Root Container(ModLauncher:4f56a0a2)
[05Jan2026 18:39:02.747] [main/DEBUG] [mixin/]: Instancing new MixinPlatformAgentDefault for ModLauncher Root Container(ModLauncher:4f56a0a2)
[05Jan2026 18:39:02.747] [main/DEBUG] [mixin/]: MixinPlatformAgentDefault accepted container ModLauncher Root Container(ModLauncher:4f56a0a2)
[05Jan2026 18:39:02.750] [main/DEBUG] [cpw.mods.modlauncher.TransformationServiceDecorator/MODLAUNCHER]: Initialized transformation service mixin
[05Jan2026 18:39:02.750] [main/DEBUG] [cpw.mods.modlauncher.TransformationServiceDecorator/MODLAUNCHER]: Initializing transformation service fml
[05Jan2026 18:39:02.750] [main/DEBUG] [net.minecraftforge.fml.loading.FMLServiceProvider/CORE]: Setting up basic FML game directories
[05Jan2026 18:39:02.751] [main/DEBUG] [net.minecraftforge.fml.loading.FMLPaths/CORE]: Path GAMEDIR is /workspaces/shoshigam/servidor_minecraft
[05Jan2026 18:39:02.751] [main/DEBUG] [net.minecraftforge.fml.loading.FMLPaths/CORE]: Path MODSDIR is /workspaces/shoshigam/servidor_minecraft/mods
[05Jan2026 18:39:02.751] [main/DEBUG] [net.minecraftforge.fml.loading.FMLPaths/CORE]: Path CONFIGDIR is /workspaces/shoshigam/servidor_minecraft/config
[05Jan2026 18:39:02.751] [main/DEBUG] [net.minecraftforge.fml.loading.FMLPaths/CORE]: Path FMLCONFIG is /workspaces/shoshigam/servidor_minecraft/config/fml.toml
[05Jan2026 18:39:02.751] [main/DEBUG] [net.minecraftforge.fml.loading.FMLServiceProvider/CORE]: Loading configuration
[05Jan2026 18:39:02.753] [main/DEBUG] [net.minecraftforge.fml.loading.FMLServiceProvider/CORE]: Preparing ModFile
[05Jan2026 18:39:02.755] [main/DEBUG] [net.minecraftforge.fml.loading.FMLServiceProvider/CORE]: Preparing launch handler
[05Jan2026 18:39:02.756] [main/DEBUG] [net.minecraftforge.fml.loading.FMLLoader/CORE]: Using forgeserver as launch service
[05Jan2026 18:39:02.767] [main/DEBUG] [net.minecraftforge.fml.loading.FMLLoader/CORE]: Received command line version data  : VersionInfo[forgeVersion=47.3.7, mcVersion=1.20.1, mcpVersion=20230612.114412, forgeGroup=net.minecraftforge]
[05Jan2026 18:39:02.768] [main/DEBUG] [cpw.mods.modlauncher.TransformationServiceDecorator/MODLAUNCHER]: Initialized transformation service fml
[05Jan2026 18:39:02.769] [main/DEBUG] [cpw.mods.modlauncher.NameMappingServiceHandler/MODLAUNCHER]: Current naming domain is 'srg'
[05Jan2026 18:39:02.769] [main/DEBUG] [cpw.mods.modlauncher.NameMappingServiceHandler/MODLAUNCHER]: Identified name mapping providers {}
[05Jan2026 18:39:02.769] [main/DEBUG] [cpw.mods.modlauncher.TransformationServicesHandler/MODLAUNCHER]: Transformation services begin scanning
[05Jan2026 18:39:02.770] [main/DEBUG] [cpw.mods.modlauncher.TransformationServiceDecorator/MODLAUNCHER]: Beginning scan trigger - transformation service mixin
[05Jan2026 18:39:02.770] [main/DEBUG] [cpw.mods.modlauncher.TransformationServiceDecorator/MODLAUNCHER]: End scan trigger - transformation service mixin
[05Jan2026 18:39:02.770] [main/DEBUG] [cpw.mods.modlauncher.TransformationServiceDecorator/MODLAUNCHER]: Beginning scan trigger - transformation service fml
[05Jan2026 18:39:02.771] [main/DEBUG] [net.minecraftforge.fml.loading.FMLServiceProvider/CORE]: Initiating mod scan
[05Jan2026 18:39:02.779] [main/DEBUG] [net.minecraftforge.fml.loading.moddiscovery.ModListHandler/CORE]: Found mod coordinates from lists: []
[05Jan2026 18:39:02.782] [main/DEBUG] [net.minecraftforge.fml.loading.moddiscovery.ModDiscoverer/CORE]: Found Mod Locators : (mods folder:null),(maven libs:null),(exploded directory:null),(minecraft:null),(userdev classpath:null)
[05Jan2026 18:39:02.783] [main/DEBUG] [net.minecraftforge.fml.loading.moddiscovery.ModDiscoverer/CORE]: Found Dependency Locators : (JarInJar:null)
[05Jan2026 18:39:02.793] [main/DEBUG] [net.minecraftforge.fml.loading.moddiscovery.ModFileParser/LOADING]: Considering mod file candidate /workspaces/shoshigam/servidor_minecraft/mods/[1.20.1] SecurityCraft v1.10.1.jar
[05Jan2026 18:39:02.832] [main/DEBUG] [net.minecraftforge.fml.loading.moddiscovery.ModFileInfo/LOADING]: Found valid mod file [1.20.1] SecurityCraft v1.10.1.jar with {securitycraft} mods - versions {1.10.1}
[05Jan2026 18:39:02.833] [main/DEBUG] [net.minecraftforge.fml.loading.moddiscovery.ModFileParser/LOADING]: Considering mod file candidate /workspaces/shoshigam/servidor_minecraft/mods/BetterF3-7.0.2-Forge-1.20.1.jar
[05Jan2026 18:39:02.834] [main/DEBUG] [net.minecraftforge.fml.loading.moddiscovery.ModFileInfo/LOADING]: Found valid mod file BetterF3-7.0.2-Forge-1.20.1.jar with {betterf3} mods - versions {7.0.2}
[05Jan2026 18:39:02.835] [main/DEBUG] [net.minecraftforge.fml.loading.moddiscovery.ModFileParser/LOADING]: Considering mod file candidate /workspaces/shoshigam/servidor_minecraft/mods/carryon-forge-1.20.1-2.1.2.7.jar
[05Jan2026 18:39:02.836] [main/DEBUG] [net.minecraftforge.fml.loading.moddiscovery.ModFileInfo/LOADING]: Found valid mod file carryon-forge-1.20.1-2.1.2.7.jar with {carryon} mods - versions {2.1.2.7}
[05Jan2026 18:39:02.836] [main/DEBUG] [net.minecraftforge.fml.loading.moddiscovery.ModFileParser/LOADING]: Considering mod file candidate /workspaces/shoshigam/servidor_minecraft/mods/Chunky-1.3.146.jar
[05Jan2026 18:39:02.837] [main/DEBUG] [net.minecraftforge.fml.loading.moddiscovery.ModFileInfo/LOADING]: Found valid mod file Chunky-1.3.146.jar with {chunky} mods - versions {1.3.146}
[05Jan2026 18:39:02.838] [main/DEBUG] [net.minecraftforge.fml.loading.moddiscovery.ModFileParser/LOADING]: Considering mod file candidate /workspaces/shoshigam/servidor_minecraft/mods/cloth-config-11.1.136-forge.jar
[05Jan2026 18:39:02.839] [main/DEBUG] [net.minecraftforge.fml.loading.moddiscovery.ModFileInfo/LOADING]: Found valid mod file cloth-config-11.1.136-forge.jar with {cloth_config} mods - versions {11.1.136}
[05Jan2026 18:39:02.839] [main/DEBUG] [net.minecraftforge.fml.loading.moddiscovery.ModFileParser/LOADING]: Considering mod file candidate /workspaces/shoshigam/servidor_minecraft/mods/coroutil-forge-1.20.1-1.3.7.jar
[05Jan2026 18:39:02.840] [main/DEBUG] [net.minecraftforge.fml.loading.moddiscovery.ModFileInfo/LOADING]: Found valid mod file coroutil-forge-1.20.1-1.3.7.jar with {coroutil} mods - versions {1.20.1-1.3.7}
[05Jan2026 18:39:02.841] [main/DEBUG] [net.minecraftforge.fml.loading.moddiscovery.ModFileParser/LOADING]: Considering mod file candidate /workspaces/shoshigam/servidor_minecraft/mods/do_a_barrel_roll-forge-3.5.6+1.20.1.jar
[05Jan2026 18:39:02.843] [main/DEBUG] [net.minecraftforge.fml.loading.moddiscovery.ModFileInfo/LOADING]: Found valid mod file do_a_barrel_roll-forge-3.5.6+1.20.1.jar with {do_a_barrel_roll} mods - versions {3.5.6+1.20.1}
[05Jan2026 18:39:02.845] [main/DEBUG] [net.minecraftforge.fml.loading.moddiscovery.ModFileParser/LOADING]: Considering mod file candidate /workspaces/shoshigam/servidor_minecraft/mods/embeddium-0.3.31+mc1.20.1.jar
[05Jan2026 18:39:02.846] [main/DEBUG] [net.minecraftforge.fml.loading.moddiscovery.ModFileInfo/LOADING]: Found valid mod file embeddium-0.3.31+mc1.20.1.jar with {embeddium,rubidium} mods - versions {0.3.31+mc1.20.1,0.7.1}
[05Jan2026 18:39:02.848] [main/DEBUG] [net.minecraftforge.fml.loading.moddiscovery.ModFileParser/LOADING]: Considering mod file candidate /workspaces/shoshigam/servidor_minecraft/mods/FarmersDelight-1.20.1-1.2.9.jar
[05Jan2026 18:39:02.849] [main/DEBUG] [net.minecraftforge.fml.loading.moddiscovery.ModFileInfo/LOADING]: Found valid mod file FarmersDelight-1.20.1-1.2.9.jar with {farmersdelight} mods - versions {1.20.1-1.2.9}
[05Jan2026 18:39:02.849] [main/DEBUG] [net.minecraftforge.fml.loading.moddiscovery.ModFileParser/LOADING]: Considering mod file candidate /workspaces/shoshigam/servidor_minecraft/mods/geckolib-forge-1.20.1-4.4.2.jar
[05Jan2026 18:39:02.850] [main/DEBUG] [net.minecraftforge.fml.loading.moddiscovery.ModFileInfo/LOADING]: Found valid mod file geckolib-forge-1.20.1-4.4.2.jar with {geckolib} mods - versions {4.4.2}
[05Jan2026 18:39:02.851] [main/DEBUG] [net.minecraftforge.fml.loading.moddiscovery.ModFileParser/LOADING]: Considering mod file candidate /workspaces/shoshigam/servidor_minecraft/mods/ironchest-1.20.1-14.4.4.jar
[05Jan2026 18:39:02.852] [main/DEBUG] [net.minecraftforge.fml.loading.moddiscovery.ModFileInfo/LOADING]: Found valid mod file ironchest-1.20.1-14.4.4.jar with {ironchest} mods - versions {1.20.1-14.4.4}
[05Jan2026 18:39:02.853] [main/DEBUG] [net.minecraftforge.fml.loading.moddiscovery.ModFileParser/LOADING]: Considering mod file candidate /workspaces/shoshigam/servidor_minecraft/mods/jei-1.20.1-forge-15.20.0.112.jar
[05Jan2026 18:39:02.854] [main/DEBUG] [net.minecraftforge.fml.loading.moddiscovery.ModFileInfo/LOADING]: Found valid mod file jei-1.20.1-forge-15.20.0.112.jar with {jei} mods - versions {15.20.0.112}
[05Jan2026 18:39:02.855] [main/DEBUG] [net.minecraftforge.fml.loading.moddiscovery.ModFileParser/LOADING]: Considering mod file candidate /workspaces/shoshigam/servidor_minecraft/mods/Mantle-1.20.1-1.11.79.jar
[05Jan2026 18:39:02.856] [main/DEBUG] [net.minecraftforge.fml.loading.moddiscovery.ModFileInfo/LOADING]: Found valid mod file Mantle-1.20.1-1.11.79.jar with {mantle} mods - versions {1.11.79}
[05Jan2026 18:39:02.857] [main/DEBUG] [net.minecraftforge.fml.loading.moddiscovery.ModFileParser/LOADING]: Considering mod file candidate /workspaces/shoshigam/servidor_minecraft/mods/mowziesmobs-1.7.3.jar
[05Jan2026 18:39:02.858] [main/DEBUG] [net.minecraftforge.fml.loading.moddiscovery.ModFileInfo/LOADING]: Found valid mod file mowziesmobs-1.7.3.jar with {mowziesmobs} mods - versions {1.7.3}
[05Jan2026 18:39:02.863] [main/DEBUG] [net.minecraftforge.fml.loading.moddiscovery.ModFileParser/LOADING]: Considering mod file candidate /workspaces/shoshigam/servidor_minecraft/mods/Quark-4.0-462.jar
[05Jan2026 18:39:02.864] [main/DEBUG] [net.minecraftforge.fml.loading.moddiscovery.ModFileInfo/LOADING]: Found valid mod file Quark-4.0-462.jar with {quark} mods - versions {4.0-462}
[05Jan2026 18:39:02.865] [main/DEBUG] [net.minecraftforge.fml.loading.moddiscovery.ModFileParser/LOADING]: Considering mod file candidate /workspaces/shoshigam/servidor_minecraft/mods/sophisticatedbackpacks-1.20.1-3.24.13.1433.jar
[05Jan2026 18:39:02.867] [main/DEBUG] [net.minecraftforge.fml.loading.moddiscovery.ModFileInfo/LOADING]: Found valid mod file sophisticatedbackpacks-1.20.1-3.24.13.1433.jar with {sophisticatedbackpacks} mods - versions {3.24.13.1433}
[05Jan2026 18:39:02.867] [main/DEBUG] [net.minecraftforge.fml.loading.moddiscovery.ModFileParser/LOADING]: Considering mod file candidate /workspaces/shoshigam/servidor_minecraft/mods/sophisticatedcore-1.20.1-1.2.109.1270.jar
[05Jan2026 18:39:02.868] [main/DEBUG] [net.minecraftforge.fml.loading.moddiscovery.ModFileInfo/LOADING]: Found valid mod file sophisticatedcore-1.20.1-1.2.109.1270.jar with {sophisticatedcore} mods - versions {1.2.109.1270}
[05Jan2026 18:39:02.885] [main/DEBUG] [net.minecraftforge.fml.loading.moddiscovery.ModFileParser/LOADING]: Considering mod file candidate /workspaces/shoshigam/servidor_minecraft/mods/TConstruct-1.20.1-3.10.2.92.jar
[05Jan2026 18:39:02.886] [main/DEBUG] [net.minecraftforge.fml.loading.moddiscovery.ModFileInfo/LOADING]: Found valid mod file TConstruct-1.20.1-3.10.2.92.jar with {tconstruct} mods - versions {3.10.2.92}
[05Jan2026 18:39:02.887] [main/DEBUG] [net.minecraftforge.fml.loading.moddiscovery.ModFileParser/LOADING]: Considering mod file candidate /workspaces/shoshigam/servidor_minecraft/mods/trade-cycling-forge-1.20.1-1.0.18.jar
[05Jan2026 18:39:02.887] [main/DEBUG] [net.minecraftforge.fml.loading.moddiscovery.ModFileInfo/LOADING]: Found valid mod file trade-cycling-forge-1.20.1-1.0.18.jar with {trade_cycling} mods - versions {1.20.1-1.0.18}
[05Jan2026 18:39:02.888] [main/DEBUG] [net.minecraftforge.fml.loading.moddiscovery.ModFileParser/LOADING]: Considering mod file candidate /workspaces/shoshigam/servidor_minecraft/mods/voicechat-forge-1.20.1-2.6.6.jar
[05Jan2026 18:39:02.889] [main/DEBUG] [net.minecraftforge.fml.loading.moddiscovery.ModFileInfo/LOADING]: Found valid mod file voicechat-forge-1.20.1-2.6.6.jar with {voicechat,voicechat_api} mods - versions {1.20.1-2.6.6,2.6.0}
[05Jan2026 18:39:02.890] [main/DEBUG] [net.minecraftforge.fml.loading.moddiscovery.ModFileParser/LOADING]: Considering mod file candidate /workspaces/shoshigam/servidor_minecraft/mods/watut-forge-1.20.1-1.2.3.jar
[05Jan2026 18:39:02.890] [main/DEBUG] [net.minecraftforge.fml.loading.moddiscovery.ModFileInfo/LOADING]: Found valid mod file watut-forge-1.20.1-1.2.3.jar with {watut} mods - versions {1.20.1-1.2.3}
[05Jan2026 18:39:02.891] [main/DEBUG] [net.minecraftforge.fml.loading.moddiscovery.ModFileParser/LOADING]: Considering mod file candidate /workspaces/shoshigam/servidor_minecraft/mods/Xaeros_Minimap_25.2.10_Forge_1.20.jar
[05Jan2026 18:39:02.892] [main/DEBUG] [net.minecraftforge.fml.loading.moddiscovery.ModFileInfo/LOADING]: Found valid mod file Xaeros_Minimap_25.2.10_Forge_1.20.jar with {xaerominimap} mods - versions {25.2.10}
[05Jan2026 18:39:02.893] [main/DEBUG] [net.minecraftforge.fml.loading.moddiscovery.ModFileParser/LOADING]: Considering mod file candidate /workspaces/shoshigam/servidor_minecraft/mods/XaerosWorldMap_1.39.12_Forge_1.20.jar
[05Jan2026 18:39:02.894] [main/DEBUG] [net.minecraftforge.fml.loading.moddiscovery.ModFileInfo/LOADING]: Found valid mod file XaerosWorldMap_1.39.12_Forge_1.20.jar with {xaeroworldmap} mods - versions {1.39.12}
[05Jan2026 18:39:02.894] [main/DEBUG] [net.minecraftforge.fml.loading.moddiscovery.ModFileParser/LOADING]: Considering mod file candidate /workspaces/shoshigam/servidor_minecraft/mods/Zeta-1.0-28.jar
[05Jan2026 18:39:02.895] [main/DEBUG] [net.minecraftforge.fml.loading.moddiscovery.ModFileInfo/LOADING]: Found valid mod file Zeta-1.0-28.jar with {zeta} mods - versions {1.0-28}
[05Jan2026 18:39:03.205] [main/DEBUG] [net.minecraftforge.fml.loading.moddiscovery.ModFileInfo/LOADING]: Found valid mod file server-1.20.1-20230612.114412-srg.jar with {minecraft} mods - versions {1.20.1}
[05Jan2026 18:39:03.244] [main/DEBUG] [net.minecraftforge.fml.loading.moddiscovery.ModFileParser/LOADING]: Considering mod file candidate /workspaces/shoshigam/servidor_minecraft/libraries/net/minecraftforge/fmlcore/1.20.1-47.3.7/fmlcore-1.20.1-47.3.7.jar
[05Jan2026 18:39:03.244] [main/WARN] [net.minecraftforge.fml.loading.moddiscovery.ModFileParser/LOADING]: Mod file /workspaces/shoshigam/servidor_minecraft/libraries/net/minecraftforge/fmlcore/1.20.1-47.3.7/fmlcore-1.20.1-47.3.7.jar is missing mods.toml file
[05Jan2026 18:39:03.245] [main/DEBUG] [net.minecraftforge.fml.loading.moddiscovery.ModFileParser/LOADING]: Considering mod file candidate /workspaces/shoshigam/servidor_minecraft/libraries/net/minecraftforge/javafmllanguage/1.20.1-47.3.7/javafmllanguage-1.20.1-47.3.7.jar
[05Jan2026 18:39:03.245] [main/WARN] [net.minecraftforge.fml.loading.moddiscovery.ModFileParser/LOADING]: Mod file /workspaces/shoshigam/servidor_minecraft/libraries/net/minecraftforge/javafmllanguage/1.20.1-47.3.7/javafmllanguage-1.20.1-47.3.7.jar is missing mods.toml file
[05Jan2026 18:39:03.246] [main/DEBUG] [net.minecraftforge.fml.loading.moddiscovery.ModFileParser/LOADING]: Considering mod file candidate /workspaces/shoshigam/servidor_minecraft/libraries/net/minecraftforge/lowcodelanguage/1.20.1-47.3.7/lowcodelanguage-1.20.1-47.3.7.jar
[05Jan2026 18:39:03.246] [main/WARN] [net.minecraftforge.fml.loading.moddiscovery.ModFileParser/LOADING]: Mod file /workspaces/shoshigam/servidor_minecraft/libraries/net/minecraftforge/lowcodelanguage/1.20.1-47.3.7/lowcodelanguage-1.20.1-47.3.7.jar is missing mods.toml file
[05Jan2026 18:39:03.247] [main/DEBUG] [net.minecraftforge.fml.loading.moddiscovery.ModFileParser/LOADING]: Considering mod file candidate /workspaces/shoshigam/servidor_minecraft/libraries/net/minecraftforge/mclanguage/1.20.1-47.3.7/mclanguage-1.20.1-47.3.7.jar
[05Jan2026 18:39:03.247] [main/WARN] [net.minecraftforge.fml.loading.moddiscovery.ModFileParser/LOADING]: Mod file /workspaces/shoshigam/servidor_minecraft/libraries/net/minecraftforge/mclanguage/1.20.1-47.3.7/mclanguage-1.20.1-47.3.7.jar is missing mods.toml file
[05Jan2026 18:39:03.293] [main/DEBUG] [net.minecraftforge.fml.loading.moddiscovery.ModFileParser/LOADING]: Considering mod file candidate /workspaces/shoshigam/servidor_minecraft/libraries/net/minecraftforge/forge/1.20.1-47.3.7/forge-1.20.1-47.3.7-universal.jar
[05Jan2026 18:39:03.294] [main/DEBUG] [net.minecraftforge.fml.loading.moddiscovery.ModFileInfo/LOADING]: Found valid mod file forge-1.20.1-47.3.7-universal.jar with {forge} mods - versions {47.3.7}
[05Jan2026 18:39:03.306] [main/DEBUG] [net.minecraftforge.fml.loading.moddiscovery.AbstractJarFileDependencyLocator/]: Failed to load resource META-INF/jarjar/metadata.json from server-1.20.1-20230612.114412-srg.jar, it does not contain dependency information.
[05Jan2026 18:39:03.307] [main/DEBUG] [net.minecraftforge.fml.loading.moddiscovery.AbstractJarFileDependencyLocator/]: Failed to load resource META-INF/jarjar/metadata.json from TConstruct-1.20.1-3.10.2.92.jar, it does not contain dependency information.
[05Jan2026 18:39:03.307] [main/DEBUG] [net.minecraftforge.fml.loading.moddiscovery.AbstractJarFileDependencyLocator/]: Failed to load resource META-INF/jarjar/metadata.json from FarmersDelight-1.20.1-1.2.9.jar, it does not contain dependency information.
[05Jan2026 18:39:03.307] [main/DEBUG] [net.minecraftforge.fml.loading.moddiscovery.AbstractJarFileDependencyLocator/]: Failed to load resource META-INF/jarjar/metadata.json from voicechat-forge-1.20.1-2.6.6.jar, it does not contain dependency information.
[05Jan2026 18:39:03.307] [main/DEBUG] [net.minecraftforge.fml.loading.moddiscovery.AbstractJarFileDependencyLocator/]: Failed to load resource META-INF/jarjar/metadata.json from trade-cycling-forge-1.20.1-1.0.18.jar, it does not contain dependency information.
[05Jan2026 18:39:03.307] [main/DEBUG] [net.minecraftforge.fml.loading.moddiscovery.AbstractJarFileDependencyLocator/]: Failed to load resource META-INF/jarjar/metadata.json from mowziesmobs-1.7.3.jar, it does not contain dependency information.
[05Jan2026 18:39:03.307] [main/DEBUG] [net.minecraftforge.fml.loading.moddiscovery.AbstractJarFileDependencyLocator/]: Failed to load resource META-INF/jarjar/metadata.json from Chunky-1.3.146.jar, it does not contain dependency information.
[05Jan2026 18:39:03.307] [main/DEBUG] [net.minecraftforge.fml.loading.moddiscovery.AbstractJarFileDependencyLocator/]: Failed to load resource META-INF/jarjar/metadata.json from jei-1.20.1-forge-15.20.0.112.jar, it does not contain dependency information.
[05Jan2026 18:39:03.308] [main/DEBUG] [net.minecraftforge.fml.loading.moddiscovery.AbstractJarFileDependencyLocator/]: Failed to load resource META-INF/jarjar/metadata.json from sophisticatedcore-1.20.1-1.2.109.1270.jar, it does not contain dependency information.
[05Jan2026 18:39:03.308] [main/DEBUG] [net.minecraftforge.fml.loading.moddiscovery.AbstractJarFileDependencyLocator/]: Failed to load resource META-INF/jarjar/metadata.json from Mantle-1.20.1-1.11.79.jar, it does not contain dependency information.
[05Jan2026 18:39:03.308] [main/DEBUG] [net.minecraftforge.fml.loading.moddiscovery.AbstractJarFileDependencyLocator/]: Failed to load resource META-INF/jarjar/metadata.json from Xaeros_Minimap_25.2.10_Forge_1.20.jar, it does not contain dependency information.
[05Jan2026 18:39:03.308] [main/DEBUG] [net.minecraftforge.fml.loading.moddiscovery.AbstractJarFileDependencyLocator/]: Failed to load resource META-INF/jarjar/metadata.json from XaerosWorldMap_1.39.12_Forge_1.20.jar, it does not contain dependency information.
[05Jan2026 18:39:03.308] [main/DEBUG] [net.minecraftforge.fml.loading.moddiscovery.AbstractJarFileDependencyLocator/]: Failed to load resource META-INF/jarjar/metadata.json from [1.20.1] SecurityCraft v1.10.1.jar, it does not contain dependency information.
[05Jan2026 18:39:03.309] [main/DEBUG] [net.minecraftforge.fml.loading.moddiscovery.AbstractJarFileDependencyLocator/]: Failed to load resource META-INF/jarjar/metadata.json from sophisticatedbackpacks-1.20.1-3.24.13.1433.jar, it does not contain dependency information.
[05Jan2026 18:39:03.309] [main/DEBUG] [net.minecraftforge.fml.loading.moddiscovery.AbstractJarFileDependencyLocator/]: Failed to load resource META-INF/jarjar/metadata.json from coroutil-forge-1.20.1-1.3.7.jar, it does not contain dependency information.
[05Jan2026 18:39:03.309] [main/DEBUG] [net.minecraftforge.fml.loading.moddiscovery.AbstractJarFileDependencyLocator/]: Failed to load resource META-INF/jarjar/metadata.json from BetterF3-7.0.2-Forge-1.20.1.jar, it does not contain dependency information.
[05Jan2026 18:39:03.309] [main/DEBUG] [net.minecraftforge.fml.loading.moddiscovery.AbstractJarFileDependencyLocator/]: Failed to load resource META-INF/jarjar/metadata.json from watut-forge-1.20.1-1.2.3.jar, it does not contain dependency information.
[05Jan2026 18:39:03.309] [main/DEBUG] [net.minecraftforge.fml.loading.moddiscovery.AbstractJarFileDependencyLocator/]: Failed to load resource META-INF/jarjar/metadata.json from cloth-config-11.1.136-forge.jar, it does not contain dependency information.
[05Jan2026 18:39:03.309] [main/DEBUG] [net.minecraftforge.fml.loading.moddiscovery.AbstractJarFileDependencyLocator/]: Failed to load resource META-INF/jarjar/metadata.json from forge-1.20.1-47.3.7-universal.jar, it does not contain dependency information.
[05Jan2026 18:39:03.310] [main/DEBUG] [net.minecraftforge.fml.loading.moddiscovery.AbstractJarFileDependencyLocator/]: Failed to load resource META-INF/jarjar/metadata.json from ironchest-1.20.1-14.4.4.jar, it does not contain dependency information.
[05Jan2026 18:39:03.310] [main/DEBUG] [net.minecraftforge.fml.loading.moddiscovery.AbstractJarFileDependencyLocator/]: Failed to load resource META-INF/jarjar/metadata.json from mclanguage-1.20.1-47.3.7.jar, it does not contain dependency information.
[05Jan2026 18:39:03.310] [main/DEBUG] [net.minecraftforge.fml.loading.moddiscovery.AbstractJarFileDependencyLocator/]: Failed to load resource META-INF/jarjar/metadata.json from javafmllanguage-1.20.1-47.3.7.jar, it does not contain dependency information.
[05Jan2026 18:39:03.310] [main/DEBUG] [net.minecraftforge.fml.loading.moddiscovery.AbstractJarFileDependencyLocator/]: Failed to load resource META-INF/jarjar/metadata.json from fmlcore-1.20.1-47.3.7.jar, it does not contain dependency information.
[05Jan2026 18:39:03.310] [main/DEBUG] [net.minecraftforge.fml.loading.moddiscovery.AbstractJarFileDependencyLocator/]: Failed to load resource META-INF/jarjar/metadata.json from lowcodelanguage-1.20.1-47.3.7.jar, it does not contain dependency information.
[05Jan2026 18:39:03.433] [main/DEBUG] [net.minecraftforge.fml.loading.moddiscovery.ModFileParser/LOADING]: Considering mod file candidate 
[05Jan2026 18:39:03.434] [main/DEBUG] [net.minecraftforge.fml.loading.moddiscovery.ModFileInfo/LOADING]: Found valid mod file mixinextras-forge-0.3.2.jar with {mixinextras} mods - versions {0.3.2}
[05Jan2026 18:39:03.443] [main/DEBUG] [net.minecraftforge.fml.loading.moddiscovery.ModFileParser/LOADING]: Considering mod file candidate 
[05Jan2026 18:39:03.443] [main/DEBUG] [net.minecraftforge.fml.loading.moddiscovery.ModFileInfo/LOADING]: Found valid mod file mixinextras-forge-0.3.2.jar with {mixinextras} mods - versions {0.3.2}
[05Jan2026 18:39:03.446] [main/DEBUG] [net.minecraftforge.fml.loading.moddiscovery.ModFileParser/LOADING]: Considering mod file candidate 
[05Jan2026 18:39:03.446] [main/DEBUG] [net.minecraftforge.fml.loading.moddiscovery.ModFileInfo/LOADING]: Found valid mod file mixinextras-forge-0.2.0-beta.6.jar with {mixinextras} mods - versions {0.2.0-beta.6}
[05Jan2026 18:39:03.448] [main/DEBUG] [net.minecraftforge.fml.loading.moddiscovery.ModFileParser/LOADING]: Considering mod file candidate 
[05Jan2026 18:39:03.449] [main/DEBUG] [net.minecraftforge.fml.loading.moddiscovery.ModFileInfo/LOADING]: Found valid mod file mixinextras-forge-0.3.5.jar with {mixinextras} mods - versions {0.3.5}
[05Jan2026 18:39:03.456] [main/DEBUG] [net.minecraftforge.fml.loading.moddiscovery.AbstractJarFileDependencyLocator/]: Failed to load resource META-INF/jarjar/metadata.json from mclib-20.jar, it does not contain dependency information.
[05Jan2026 18:39:03.488] [main/DEBUG] [net.minecraftforge.fml.loading.moddiscovery.AbstractJarFileDependencyLocator/]: Failed to load resource META-INF/jarjar/metadata.json from MixinExtras-0.3.2.jar, it does not contain dependency information.
[05Jan2026 18:39:03.489] [main/DEBUG] [net.minecraftforge.fml.loading.moddiscovery.AbstractJarFileDependencyLocator/]: Failed to load resource META-INF/jarjar/metadata.json from MixinExtras-0.3.2.jar, it does not contain dependency information.
[05Jan2026 18:39:03.489] [main/DEBUG] [net.minecraftforge.fml.loading.moddiscovery.AbstractJarFileDependencyLocator/]: Failed to load resource META-INF/jarjar/metadata.json from MixinExtras-0.2.0-beta.6.jar, it does not contain dependency information.
[05Jan2026 18:39:03.489] [main/DEBUG] [net.minecraftforge.fml.loading.moddiscovery.AbstractJarFileDependencyLocator/]: Failed to load resource META-INF/jarjar/metadata.json from MixinExtras-0.3.5.jar, it does not contain dependency information.
[05Jan2026 18:39:03.518] [main/DEBUG] [net.minecraftforge.fml.loading.moddiscovery.ModFileParser/LOADING]: Considering mod file candidate 
[05Jan2026 18:39:03.518] [main/DEBUG] [net.minecraftforge.fml.loading.moddiscovery.ModFileInfo/LOADING]: Found valid mod file mixinextras-forge-0.2.0-beta.6.jar with {mixinextras} mods - versions {0.2.0-beta.6}
[05Jan2026 18:39:03.519] [main/DEBUG] [net.minecraftforge.fml.loading.moddiscovery.ModFileParser/LOADING]: Considering mod file candidate 
[05Jan2026 18:39:03.520] [main/DEBUG] [net.minecraftforge.fml.loading.moddiscovery.ModFileInfo/LOADING]: Found valid mod file mixinextras-forge-0.3.5.jar with {mixinextras} mods - versions {0.3.5}
[05Jan2026 18:39:03.521] [main/WARN] [net.minecraftforge.jarjar.selection.JarSelector/]: Attempted to select two dependency jars from JarJar which have the same identification: Mod File:  and Mod File: . Using Mod File: 
[05Jan2026 18:39:03.522] [main/INFO] [net.minecraftforge.fml.loading.moddiscovery.JarInJarDependencyLocator/]: Found 3 dependencies adding them to mods collection
[05Jan2026 18:39:03.523] [main/DEBUG] [net.minecraftforge.fml.loading.moddiscovery.ModFileParser/LOADING]: Considering mod file candidate /workspaces/shoshigam/servidor_minecraft/mods/FarmersDelight-1.20.1-1.2.9.jar
[05Jan2026 18:39:03.524] [main/DEBUG] [net.minecraftforge.fml.loading.moddiscovery.ModFileInfo/LOADING]: Found valid mod file FarmersDelight-1.20.1-1.2.9.jar with {farmersdelight} mods - versions {1.20.1-1.2.9}
[05Jan2026 18:39:03.527] [main/DEBUG] [net.minecraftforge.fml.loading.moddiscovery.ModFile/LOADING]: Loading mod file /workspaces/shoshigam/servidor_minecraft/mods/FarmersDelight-1.20.1-1.2.9.jar with languages [LanguageSpec[languageName=javafml, acceptedVersions=[46,)]]
[05Jan2026 18:39:03.528] [main/DEBUG] [net.minecraftforge.fml.loading.moddiscovery.ModFileParser/LOADING]: Considering mod file candidate /workspaces/shoshigam/servidor_minecraft/mods/TConstruct-1.20.1-3.10.2.92.jar
[05Jan2026 18:39:03.528] [main/DEBUG] [net.minecraftforge.fml.loading.moddiscovery.ModFileInfo/LOADING]: Found valid mod file TConstruct-1.20.1-3.10.2.92.jar with {tconstruct} mods - versions {3.10.2.92}
[05Jan2026 18:39:03.529] [main/DEBUG] [net.minecraftforge.fml.loading.moddiscovery.ModFile/LOADING]: Loading mod file /workspaces/shoshigam/servidor_minecraft/mods/TConstruct-1.20.1-3.10.2.92.jar with languages [LanguageSpec[languageName=javafml, acceptedVersions=*]]
[05Jan2026 18:39:03.529] [main/DEBUG] [net.minecraftforge.fml.loading.moddiscovery.ModFileInfo/LOADING]: Found valid mod file server-1.20.1-20230612.114412-srg.jar with {minecraft} mods - versions {1.20.1}
[05Jan2026 18:39:03.529] [main/DEBUG] [net.minecraftforge.fml.loading.moddiscovery.ModFile/LOADING]: Loading mod file /workspaces/shoshigam/servidor_minecraft/libraries/net/minecraft/server/1.20.1-20230612.114412/server-1.20.1-20230612.114412-srg.jar with languages [LanguageSpec[languageName=minecraft, acceptedVersions=1]]
[05Jan2026 18:39:03.529] [main/DEBUG] [net.minecraftforge.fml.loading.moddiscovery.ModFileParser/LOADING]: Considering mod file candidate /workspaces/shoshigam/servidor_minecraft/mods/mowziesmobs-1.7.3.jar
[05Jan2026 18:39:03.530] [main/DEBUG] [net.minecraftforge.fml.loading.moddiscovery.ModFileInfo/LOADING]: Found valid mod file mowziesmobs-1.7.3.jar with {mowziesmobs} mods - versions {1.7.3}
[05Jan2026 18:39:03.530] [main/DEBUG] [net.minecraftforge.fml.loading.moddiscovery.ModFile/LOADING]: Loading mod file /workspaces/shoshigam/servidor_minecraft/mods/mowziesmobs-1.7.3.jar with languages [LanguageSpec[languageName=javafml, acceptedVersions=[43,)]]
[05Jan2026 18:39:03.530] [main/DEBUG] [net.minecraftforge.fml.loading.moddiscovery.ModFileParser/LOADING]: Considering mod file candidate /workspaces/shoshigam/servidor_minecraft/mods/trade-cycling-forge-1.20.1-1.0.18.jar
[05Jan2026 18:39:03.530] [main/DEBUG] [net.minecraftforge.fml.loading.moddiscovery.ModFileInfo/LOADING]: Found valid mod file trade-cycling-forge-1.20.1-1.0.18.jar with {trade_cycling} mods - versions {1.20.1-1.0.18}
[05Jan2026 18:39:03.531] [main/DEBUG] [net.minecraftforge.fml.loading.moddiscovery.ModFile/LOADING]: Loading mod file /workspaces/shoshigam/servidor_minecraft/mods/trade-cycling-forge-1.20.1-1.0.18.jar with languages [LanguageSpec[languageName=javafml, acceptedVersions=*]]
[05Jan2026 18:39:03.531] [main/DEBUG] [net.minecraftforge.fml.loading.moddiscovery.ModFileParser/LOADING]: Considering mod file candidate /workspaces/shoshigam/servidor_minecraft/mods/voicechat-forge-1.20.1-2.6.6.jar
[05Jan2026 18:39:03.531] [main/DEBUG] [net.minecraftforge.fml.loading.moddiscovery.ModFileInfo/LOADING]: Found valid mod file voicechat-forge-1.20.1-2.6.6.jar with {voicechat,voicechat_api} mods - versions {1.20.1-2.6.6,2.6.0}
[05Jan2026 18:39:03.531] [main/DEBUG] [net.minecraftforge.fml.loading.moddiscovery.ModFile/LOADING]: Loading mod file /workspaces/shoshigam/servidor_minecraft/mods/voicechat-forge-1.20.1-2.6.6.jar with languages [LanguageSpec[languageName=javafml, acceptedVersions=*]]
[05Jan2026 18:39:03.531] [main/DEBUG] [net.minecraftforge.fml.loading.moddiscovery.ModFileParser/LOADING]: Considering mod file candidate /workspaces/shoshigam/servidor_minecraft/mods/do_a_barrel_roll-forge-3.5.6+1.20.1.jar
[05Jan2026 18:39:03.532] [main/DEBUG] [net.minecraftforge.fml.loading.moddiscovery.ModFileInfo/LOADING]: Found valid mod file do_a_barrel_roll-forge-3.5.6+1.20.1.jar with {do_a_barrel_roll} mods - versions {3.5.6+1.20.1}
[05Jan2026 18:39:03.532] [main/DEBUG] [net.minecraftforge.fml.loading.moddiscovery.ModFile/LOADING]: Loading mod file /workspaces/shoshigam/servidor_minecraft/mods/do_a_barrel_roll-forge-3.5.6+1.20.1.jar with languages [LanguageSpec[languageName=javafml, acceptedVersions=[47,)]]
[05Jan2026 18:39:03.532] [main/DEBUG] [net.minecraftforge.fml.loading.moddiscovery.ModFileParser/LOADING]: Considering mod file candidate /workspaces/shoshigam/servidor_minecraft/mods/geckolib-forge-1.20.1-4.4.2.jar
[05Jan2026 18:39:03.533] [main/DEBUG] [net.minecraftforge.fml.loading.moddiscovery.ModFileInfo/LOADING]: Found valid mod file geckolib-forge-1.20.1-4.4.2.jar with {geckolib} mods - versions {4.4.2}
[05Jan2026 18:39:03.533] [main/DEBUG] [net.minecraftforge.fml.loading.moddiscovery.ModFile/LOADING]: Loading mod file /workspaces/shoshigam/servidor_minecraft/mods/geckolib-forge-1.20.1-4.4.2.jar with languages [LanguageSpec[languageName=javafml, acceptedVersions=[47,)]]
[05Jan2026 18:39:03.533] [main/DEBUG] [net.minecraftforge.fml.loading.moddiscovery.ModFileParser/LOADING]: Considering mod file candidate /workspaces/shoshigam/servidor_minecraft/mods/Chunky-1.3.146.jar
[05Jan2026 18:39:03.533] [main/DEBUG] [net.minecraftforge.fml.loading.moddiscovery.ModFileInfo/LOADING]: Found valid mod file Chunky-1.3.146.jar with {chunky} mods - versions {1.3.146}
[05Jan2026 18:39:03.533] [main/DEBUG] [net.minecraftforge.fml.loading.moddiscovery.ModFile/LOADING]: Loading mod file /workspaces/shoshigam/servidor_minecraft/mods/Chunky-1.3.146.jar with languages [LanguageSpec[languageName=javafml, acceptedVersions=[38,)]]
[05Jan2026 18:39:03.534] [main/DEBUG] [net.minecraftforge.fml.loading.moddiscovery.ModFileParser/LOADING]: Considering mod file candidate /workspaces/shoshigam/servidor_minecraft/mods/jei-1.20.1-forge-15.20.0.112.jar
[05Jan2026 18:39:03.534] [main/DEBUG] [net.minecraftforge.fml.loading.moddiscovery.ModFileInfo/LOADING]: Found valid mod file jei-1.20.1-forge-15.20.0.112.jar with {jei} mods - versions {15.20.0.112}
[05Jan2026 18:39:03.534] [main/DEBUG] [net.minecraftforge.fml.loading.moddiscovery.ModFile/LOADING]: Loading mod file /workspaces/shoshigam/servidor_minecraft/mods/jei-1.20.1-forge-15.20.0.112.jar with languages [LanguageSpec[languageName=javafml, acceptedVersions=[47,)]]
[05Jan2026 18:39:03.534] [main/DEBUG] [net.minecraftforge.fml.loading.moddiscovery.ModFileParser/LOADING]: Considering mod file candidate /workspaces/shoshigam/servidor_minecraft/mods/sophisticatedcore-1.20.1-1.2.109.1270.jar
[05Jan2026 18:39:03.535] [main/DEBUG] [net.minecraftforge.fml.loading.moddiscovery.ModFileInfo/LOADING]: Found valid mod file sophisticatedcore-1.20.1-1.2.109.1270.jar with {sophisticatedcore} mods - versions {1.2.109.1270}
[05Jan2026 18:39:03.535] [main/DEBUG] [net.minecraftforge.fml.loading.moddiscovery.ModFile/LOADING]: Loading mod file /workspaces/shoshigam/servidor_minecraft/mods/sophisticatedcore-1.20.1-1.2.109.1270.jar with languages [LanguageSpec[languageName=javafml, acceptedVersions=[47,)]]
[05Jan2026 18:39:03.535] [main/DEBUG] [net.minecraftforge.fml.loading.moddiscovery.ModFileParser/LOADING]: Considering mod file candidate /workspaces/shoshigam/servidor_minecraft/mods/Mantle-1.20.1-1.11.79.jar
[05Jan2026 18:39:03.535] [main/DEBUG] [net.minecraftforge.fml.loading.moddiscovery.ModFileInfo/LOADING]: Found valid mod file Mantle-1.20.1-1.11.79.jar with {mantle} mods - versions {1.11.79}
[05Jan2026 18:39:03.536] [main/DEBUG] [net.minecraftforge.fml.loading.moddiscovery.ModFile/LOADING]: Loading mod file /workspaces/shoshigam/servidor_minecraft/mods/Mantle-1.20.1-1.11.79.jar with languages [LanguageSpec[languageName=javafml, acceptedVersions=*]]
[05Jan2026 18:39:03.536] [main/DEBUG] [net.minecraftforge.fml.loading.moddiscovery.ModFileParser/LOADING]: Considering mod file candidate /workspaces/shoshigam/servidor_minecraft/mods/Quark-4.0-462.jar
[05Jan2026 18:39:03.536] [main/DEBUG] [net.minecraftforge.fml.loading.moddiscovery.ModFileInfo/LOADING]: Found valid mod file Quark-4.0-462.jar with {quark} mods - versions {4.0-462}
[05Jan2026 18:39:03.536] [main/DEBUG] [net.minecraftforge.fml.loading.moddiscovery.ModFile/LOADING]: Loading mod file /workspaces/shoshigam/servidor_minecraft/mods/Quark-4.0-462.jar with languages [LanguageSpec[languageName=javafml, acceptedVersions=[41,)]]
[05Jan2026 18:39:03.536] [main/DEBUG] [net.minecraftforge.fml.loading.moddiscovery.ModFileParser/LOADING]: Considering mod file candidate /workspaces/shoshigam/servidor_minecraft/mods/Xaeros_Minimap_25.2.10_Forge_1.20.jar
[05Jan2026 18:39:03.537] [main/DEBUG] [net.minecraftforge.fml.loading.moddiscovery.ModFileInfo/LOADING]: Found valid mod file Xaeros_Minimap_25.2.10_Forge_1.20.jar with {xaerominimap} mods - versions {25.2.10}
[05Jan2026 18:39:03.537] [main/DEBUG] [net.minecraftforge.fml.loading.moddiscovery.ModFile/LOADING]: Loading mod file /workspaces/shoshigam/servidor_minecraft/mods/Xaeros_Minimap_25.2.10_Forge_1.20.jar with languages [LanguageSpec[languageName=javafml, acceptedVersions=[46,48)]]
[05Jan2026 18:39:03.539] [main/DEBUG] [net.minecraftforge.fml.loading.moddiscovery.ModFileParser/LOADING]: Found coremod xaerohud_core with Javascript path META-INF/xaerohud_core.js
[05Jan2026 18:39:03.539] [main/DEBUG] [net.minecraftforge.fml.loading.moddiscovery.ModFile/LOADING]: Found coremod META-INF/xaerohud_core.js
[05Jan2026 18:39:03.539] [main/DEBUG] [net.minecraftforge.fml.loading.moddiscovery.ModFileParser/LOADING]: Considering mod file candidate /workspaces/shoshigam/servidor_minecraft/mods/XaerosWorldMap_1.39.12_Forge_1.20.jar
[05Jan2026 18:39:03.540] [main/DEBUG] [net.minecraftforge.fml.loading.moddiscovery.ModFileInfo/LOADING]: Found valid mod file XaerosWorldMap_1.39.12_Forge_1.20.jar with {xaeroworldmap} mods - versions {1.39.12}
[05Jan2026 18:39:03.540] [main/DEBUG] [net.minecraftforge.fml.loading.moddiscovery.ModFile/LOADING]: Loading mod file /workspaces/shoshigam/servidor_minecraft/mods/XaerosWorldMap_1.39.12_Forge_1.20.jar with languages [LanguageSpec[languageName=javafml, acceptedVersions=[46,48)]]
[05Jan2026 18:39:03.540] [main/DEBUG] [net.minecraftforge.fml.loading.moddiscovery.ModFileParser/LOADING]: Found coremod xaeroworldmap_core with Javascript path META-INF/xaeroworldmap_core.js
[05Jan2026 18:39:03.540] [main/DEBUG] [net.minecraftforge.fml.loading.moddiscovery.ModFile/LOADING]: Found coremod META-INF/xaeroworldmap_core.js
[05Jan2026 18:39:03.540] [main/DEBUG] [net.minecraftforge.fml.loading.moddiscovery.ModFileParser/LOADING]: Considering mod file candidate /workspaces/shoshigam/servidor_minecraft/mods/[1.20.1] SecurityCraft v1.10.1.jar
[05Jan2026 18:39:03.541] [main/DEBUG] [net.minecraftforge.fml.loading.moddiscovery.ModFileInfo/LOADING]: Found valid mod file [1.20.1] SecurityCraft v1.10.1.jar with {securitycraft} mods - versions {1.10.1}
[05Jan2026 18:39:03.541] [main/DEBUG] [net.minecraftforge.fml.loading.moddiscovery.ModFile/LOADING]: Loading mod file /workspaces/shoshigam/servidor_minecraft/mods/[1.20.1] SecurityCraft v1.10.1.jar with languages [LanguageSpec[languageName=javafml, acceptedVersions=[46,)]]
[05Jan2026 18:39:03.541] [main/DEBUG] [net.minecraftforge.fml.loading.moddiscovery.ModFileParser/LOADING]: Considering mod file candidate /workspaces/shoshigam/servidor_minecraft/mods/Zeta-1.0-28.jar
[05Jan2026 18:39:03.541] [main/DEBUG] [net.minecraftforge.fml.loading.moddiscovery.ModFileInfo/LOADING]: Found valid mod file Zeta-1.0-28.jar with {zeta} mods - versions {1.0-28}
[05Jan2026 18:39:03.541] [main/DEBUG] [net.minecraftforge.fml.loading.moddiscovery.ModFile/LOADING]: Loading mod file /workspaces/shoshigam/servidor_minecraft/mods/Zeta-1.0-28.jar with languages [LanguageSpec[languageName=javafml, acceptedVersions=[41,)]]
[05Jan2026 18:39:03.542] [main/DEBUG] [net.minecraftforge.fml.loading.moddiscovery.ModFileParser/LOADING]: Considering mod file candidate /workspaces/shoshigam/servidor_minecraft/mods/sophisticatedbackpacks-1.20.1-3.24.13.1433.jar
[05Jan2026 18:39:03.542] [main/DEBUG] [net.minecraftforge.fml.loading.moddiscovery.ModFileInfo/LOADING]: Found valid mod file sophisticatedbackpacks-1.20.1-3.24.13.1433.jar with {sophisticatedbackpacks} mods - versions {3.24.13.1433}
[05Jan2026 18:39:03.542] [main/DEBUG] [net.minecraftforge.fml.loading.moddiscovery.ModFile/LOADING]: Loading mod file /workspaces/shoshigam/servidor_minecraft/mods/sophisticatedbackpacks-1.20.1-3.24.13.1433.jar with languages [LanguageSpec[languageName=javafml, acceptedVersions=[47,)]]
[05Jan2026 18:39:03.542] [main/DEBUG] [net.minecraftforge.fml.loading.moddiscovery.ModFileParser/LOADING]: Considering mod file candidate /workspaces/shoshigam/servidor_minecraft/mods/coroutil-forge-1.20.1-1.3.7.jar
[05Jan2026 18:39:03.543] [main/DEBUG] [net.minecraftforge.fml.loading.moddiscovery.ModFileInfo/LOADING]: Found valid mod file coroutil-forge-1.20.1-1.3.7.jar with {coroutil} mods - versions {1.20.1-1.3.7}
[05Jan2026 18:39:03.543] [main/DEBUG] [net.minecraftforge.fml.loading.moddiscovery.ModFile/LOADING]: Loading mod file /workspaces/shoshigam/servidor_minecraft/mods/coroutil-forge-1.20.1-1.3.7.jar with languages [LanguageSpec[languageName=javafml, acceptedVersions=[47,)]]
[05Jan2026 18:39:03.543] [main/DEBUG] [net.minecraftforge.fml.loading.moddiscovery.ModFileParser/LOADING]: Considering mod file candidate /workspaces/shoshigam/servidor_minecraft/mods/BetterF3-7.0.2-Forge-1.20.1.jar
[05Jan2026 18:39:03.544] [main/DEBUG] [net.minecraftforge.fml.loading.moddiscovery.ModFileInfo/LOADING]: Found valid mod file BetterF3-7.0.2-Forge-1.20.1.jar with {betterf3} mods - versions {7.0.2}
[05Jan2026 18:39:03.544] [main/DEBUG] [net.minecraftforge.fml.loading.moddiscovery.ModFile/LOADING]: Loading mod file /workspaces/shoshigam/servidor_minecraft/mods/BetterF3-7.0.2-Forge-1.20.1.jar with languages [LanguageSpec[languageName=javafml, acceptedVersions=[41,)]]
[05Jan2026 18:39:03.544] [main/DEBUG] [net.minecraftforge.fml.loading.moddiscovery.ModFileParser/LOADING]: Considering mod file candidate /workspaces/shoshigam/servidor_minecraft/mods/carryon-forge-1.20.1-2.1.2.7.jar
[05Jan2026 18:39:03.545] [main/DEBUG] [net.minecraftforge.fml.loading.moddiscovery.ModFileInfo/LOADING]: Found valid mod file carryon-forge-1.20.1-2.1.2.7.jar with {carryon} mods - versions {2.1.2.7}
[05Jan2026 18:39:03.545] [main/DEBUG] [net.minecraftforge.fml.loading.moddiscovery.ModFile/LOADING]: Loading mod file /workspaces/shoshigam/servidor_minecraft/mods/carryon-forge-1.20.1-2.1.2.7.jar with languages [LanguageSpec[languageName=javafml, acceptedVersions=[46,)]]
[05Jan2026 18:39:03.545] [main/DEBUG] [net.minecraftforge.fml.loading.moddiscovery.ModFileParser/LOADING]: Considering mod file candidate /workspaces/shoshigam/servidor_minecraft/mods/watut-forge-1.20.1-1.2.3.jar
[05Jan2026 18:39:03.546] [main/DEBUG] [net.minecraftforge.fml.loading.moddiscovery.ModFileInfo/LOADING]: Found valid mod file watut-forge-1.20.1-1.2.3.jar with {watut} mods - versions {1.20.1-1.2.3}
[05Jan2026 18:39:03.546] [main/DEBUG] [net.minecraftforge.fml.loading.moddiscovery.ModFile/LOADING]: Loading mod file /workspaces/shoshigam/servidor_minecraft/mods/watut-forge-1.20.1-1.2.3.jar with languages [LanguageSpec[languageName=javafml, acceptedVersions=[47,)]]
[05Jan2026 18:39:03.546] [main/DEBUG] [net.minecraftforge.fml.loading.moddiscovery.ModFileParser/LOADING]: Considering mod file candidate /workspaces/shoshigam/servidor_minecraft/mods/cloth-config-11.1.136-forge.jar
[05Jan2026 18:39:03.546] [main/DEBUG] [net.minecraftforge.fml.loading.moddiscovery.ModFileInfo/LOADING]: Found valid mod file cloth-config-11.1.136-forge.jar with {cloth_config} mods - versions {11.1.136}
[05Jan2026 18:39:03.547] [main/DEBUG] [net.minecraftforge.fml.loading.moddiscovery.ModFile/LOADING]: Loading mod file /workspaces/shoshigam/servidor_minecraft/mods/cloth-config-11.1.136-forge.jar with languages [LanguageSpec[languageName=javafml, acceptedVersions=[34,)]]
[05Jan2026 18:39:03.547] [main/DEBUG] [net.minecraftforge.fml.loading.moddiscovery.ModFileParser/LOADING]: Considering mod file candidate /workspaces/shoshigam/servidor_minecraft/libraries/net/minecraftforge/forge/1.20.1-47.3.7/forge-1.20.1-47.3.7-universal.jar
[05Jan2026 18:39:03.547] [main/DEBUG] [net.minecraftforge.fml.loading.moddiscovery.ModFileInfo/LOADING]: Found valid mod file forge-1.20.1-47.3.7-universal.jar with {forge} mods - versions {47.3.7}
[05Jan2026 18:39:03.547] [main/DEBUG] [net.minecraftforge.fml.loading.moddiscovery.ModFile/LOADING]: Loading mod file /workspaces/shoshigam/servidor_minecraft/libraries/net/minecraftforge/forge/1.20.1-47.3.7/forge-1.20.1-47.3.7-universal.jar with languages [LanguageSpec[languageName=javafml, acceptedVersions=[24,]]]
[05Jan2026 18:39:03.548] [main/DEBUG] [net.minecraftforge.fml.loading.moddiscovery.ModFileParser/LOADING]: Found coremod field_to_method with Javascript path coremods/field_to_method.js
[05Jan2026 18:39:03.548] [main/DEBUG] [net.minecraftforge.fml.loading.moddiscovery.ModFileParser/LOADING]: Found coremod field_to_instanceof with Javascript path coremods/field_to_instanceof.js
[05Jan2026 18:39:03.548] [main/DEBUG] [net.minecraftforge.fml.loading.moddiscovery.ModFileParser/LOADING]: Found coremod add_bouncer_method with Javascript path coremods/add_bouncer_method.js
[05Jan2026 18:39:03.548] [main/DEBUG] [net.minecraftforge.fml.loading.moddiscovery.ModFileParser/LOADING]: Found coremod method_redirector with Javascript path coremods/method_redirector.js
[05Jan2026 18:39:03.548] [main/DEBUG] [net.minecraftforge.fml.loading.moddiscovery.ModFile/LOADING]: Found coremod coremods/field_to_method.js
[05Jan2026 18:39:03.548] [main/DEBUG] [net.minecraftforge.fml.loading.moddiscovery.ModFile/LOADING]: Found coremod coremods/field_to_instanceof.js
[05Jan2026 18:39:03.548] [main/DEBUG] [net.minecraftforge.fml.loading.moddiscovery.ModFile/LOADING]: Found coremod coremods/add_bouncer_method.js
[05Jan2026 18:39:03.548] [main/DEBUG] [net.minecraftforge.fml.loading.moddiscovery.ModFile/LOADING]: Found coremod coremods/method_redirector.js
[05Jan2026 18:39:03.548] [main/DEBUG] [net.minecraftforge.fml.loading.moddiscovery.ModFileParser/LOADING]: Considering mod file candidate /workspaces/shoshigam/servidor_minecraft/mods/embeddium-0.3.31+mc1.20.1.jar
[05Jan2026 18:39:03.549] [main/DEBUG] [net.minecraftforge.fml.loading.moddiscovery.ModFileInfo/LOADING]: Found valid mod file embeddium-0.3.31+mc1.20.1.jar with {embeddium,rubidium} mods - versions {0.3.31+mc1.20.1,0.7.1}
[05Jan2026 18:39:03.549] [main/DEBUG] [net.minecraftforge.fml.loading.moddiscovery.ModFile/LOADING]: Loading mod file /workspaces/shoshigam/servidor_minecraft/mods/embeddium-0.3.31+mc1.20.1.jar with languages [LanguageSpec[languageName=javafml, acceptedVersions=[47,)]]
[05Jan2026 18:39:03.549] [main/DEBUG] [net.minecraftforge.fml.loading.moddiscovery.ModFileParser/LOADING]: Considering mod file candidate /workspaces/shoshigam/servidor_minecraft/mods/ironchest-1.20.1-14.4.4.jar
[05Jan2026 18:39:03.550] [main/DEBUG] [net.minecraftforge.fml.loading.moddiscovery.ModFileInfo/LOADING]: Found valid mod file ironchest-1.20.1-14.4.4.jar with {ironchest} mods - versions {1.20.1-14.4.4}
[05Jan2026 18:39:03.550] [main/DEBUG] [net.minecraftforge.fml.loading.moddiscovery.ModFile/LOADING]: Loading mod file /workspaces/shoshigam/servidor_minecraft/mods/ironchest-1.20.1-14.4.4.jar with languages [LanguageSpec[languageName=javafml, acceptedVersions=[47,)]]
[05Jan2026 18:39:03.550] [main/DEBUG] [net.minecraftforge.fml.loading.moddiscovery.ModFile/LOADING]: Loading mod file  with languages []
[05Jan2026 18:39:03.550] [main/DEBUG] [net.minecraftforge.fml.loading.moddiscovery.ModFileParser/LOADING]: Considering mod file candidate 
[05Jan2026 18:39:03.551] [main/DEBUG] [net.minecraftforge.fml.loading.moddiscovery.ModFileInfo/LOADING]: Found valid mod file mixinextras-forge-0.2.0-beta.6.jar with {mixinextras} mods - versions {0.2.0-beta.6}
[05Jan2026 18:39:03.551] [main/DEBUG] [net.minecraftforge.fml.loading.moddiscovery.ModFile/LOADING]: Loading mod file  with languages [LanguageSpec[languageName=javafml, acceptedVersions=*]]
[05Jan2026 18:39:03.551] [main/DEBUG] [net.minecraftforge.fml.loading.moddiscovery.ModFile/LOADING]: Loading mod file  with languages []
[05Jan2026 18:39:03.551] [main/DEBUG] [net.minecraftforge.fml.loading.moddiscovery.ModFile/LOADING]: Loading mod file  with languages []
[05Jan2026 18:39:03.551] [main/DEBUG] [net.minecraftforge.fml.loading.moddiscovery.ModFileParser/LOADING]: Considering mod file candidate 
[05Jan2026 18:39:03.552] [main/DEBUG] [net.minecraftforge.fml.loading.moddiscovery.ModFileInfo/LOADING]: Found valid mod file mixinextras-forge-0.2.0-beta.6.jar with {mixinextras} mods - versions {0.2.0-beta.6}
[05Jan2026 18:39:03.552] [main/DEBUG] [net.minecraftforge.fml.loading.moddiscovery.ModFile/LOADING]: Loading mod file  with languages [LanguageSpec[languageName=javafml, acceptedVersions=*]]
[05Jan2026 18:39:03.552] [main/DEBUG] [net.minecraftforge.fml.loading.moddiscovery.ModFile/LOADING]: Loading mod file  with languages []
[05Jan2026 18:39:03.553] [main/DEBUG] [cpw.mods.modlauncher.TransformationServiceDecorator/MODLAUNCHER]: End scan trigger - transformation service fml
[05Jan2026 18:39:03.562] [main/DEBUG] [net.minecraftforge.fml.loading.LanguageLoadingProvider/CORE]: Found 3 language providers
[05Jan2026 18:39:03.562] [main/DEBUG] [net.minecraftforge.fml.loading.LanguageLoadingProvider/CORE]: Found language provider minecraft, version 1.0
[05Jan2026 18:39:03.563] [main/DEBUG] [net.minecraftforge.fml.loading.LanguageLoadingProvider/CORE]: Found language provider lowcodefml, version 47
[05Jan2026 18:39:03.563] [main/DEBUG] [net.minecraftforge.fml.loading.LanguageLoadingProvider/CORE]: Found language provider javafml, version 47
[05Jan2026 18:39:03.566] [main/DEBUG] [net.minecraftforge.fml.loading.UniqueModListBuilder/]: Found 2 mods for first modid mclib, selecting most recent based on version data
[05Jan2026 18:39:03.567] [main/DEBUG] [net.minecraftforge.fml.loading.UniqueModListBuilder/]: Selected file mclib-20.jar for modid mclib with version 0.0NONE
[05Jan2026 18:39:03.567] [main/DEBUG] [net.minecraftforge.fml.loading.UniqueModListBuilder/]: Found 2 mods for first modid mixinextras, selecting most recent based on version data
[05Jan2026 18:39:03.567] [main/DEBUG] [net.minecraftforge.fml.loading.UniqueModListBuilder/]: Selected file mixinextras-forge-0.2.0-beta.6.jar for modid mixinextras with version 0.2.0-beta.6
[05Jan2026 18:39:03.567] [main/DEBUG] [net.minecraftforge.fml.loading.UniqueModListBuilder/]: Found 2 mods for first modid MixinExtras, selecting most recent based on version data
[05Jan2026 18:39:03.567] [main/DEBUG] [net.minecraftforge.fml.loading.UniqueModListBuilder/]: Selected file MixinExtras-0.3.5.jar for modid MixinExtras with version 0.0NONE
[05Jan2026 18:39:03.568] [main/DEBUG] [net.minecraftforge.fml.loading.ModSorter/]: Configured system mods: [minecraft, forge]
[05Jan2026 18:39:03.568] [main/DEBUG] [net.minecraftforge.fml.loading.ModSorter/]: Found system mod: minecraft
[05Jan2026 18:39:03.568] [main/DEBUG] [net.minecraftforge.fml.loading.ModSorter/]: Found system mod: forge
[05Jan2026 18:39:03.570] [main/DEBUG] [net.minecraftforge.fml.loading.ModSorter/LOADING]: Found 54 mod requirements (45 mandatory, 9 optional)
[05Jan2026 18:39:03.571] [main/DEBUG] [net.minecraftforge.fml.loading.ModSorter/LOADING]: Found 0 mod requirements missing (0 mandatory, 0 optional)
[05Jan2026 18:39:04.172] [main/DEBUG] [cpw.mods.modlauncher.TransformationServicesHandler/MODLAUNCHER]: Transformation services loading transformers
[05Jan2026 18:39:04.173] [main/DEBUG] [cpw.mods.modlauncher.TransformationServiceDecorator/MODLAUNCHER]: Initializing transformers for transformation service mixin
[05Jan2026 18:39:04.174] [main/DEBUG] [cpw.mods.modlauncher.TransformationServiceDecorator/MODLAUNCHER]: Initialized transformers for transformation service mixin
[05Jan2026 18:39:04.174] [main/DEBUG] [cpw.mods.modlauncher.TransformationServiceDecorator/MODLAUNCHER]: Initializing transformers for transformation service fml
[05Jan2026 18:39:04.174] [main/DEBUG] [net.minecraftforge.fml.loading.FMLServiceProvider/CORE]: Loading coremod transformers
[05Jan2026 18:39:04.174] [main/DEBUG] [net.minecraftforge.coremod.CoreModEngine/COREMOD]: Loading CoreMod from META-INF/xaerohud_core.js
[05Jan2026 18:39:04.505] [main/DEBUG] [net.minecraftforge.coremod.CoreModEngine/COREMOD]: CoreMod loaded successfully
[05Jan2026 18:39:04.506] [main/DEBUG] [net.minecraftforge.coremod.CoreModEngine/COREMOD]: Loading CoreMod from META-INF/xaeroworldmap_core.js
[05Jan2026 18:39:04.559] [main/DEBUG] [net.minecraftforge.coremod.CoreModEngine/COREMOD]: CoreMod loaded successfully
[05Jan2026 18:39:04.559] [main/DEBUG] [net.minecraftforge.coremod.CoreModEngine/COREMOD]: Loading CoreMod from coremods/field_to_method.js
[05Jan2026 18:39:04.588] [main/DEBUG] [net.minecraftforge.coremod.CoreModEngine/COREMOD]: CoreMod loaded successfully
[05Jan2026 18:39:04.589] [main/DEBUG] [net.minecraftforge.coremod.CoreModEngine/COREMOD]: Loading CoreMod from coremods/field_to_instanceof.js
[05Jan2026 18:39:04.636] [main/DEBUG] [net.minecraftforge.coremod.CoreModEngine/COREMOD]: CoreMod loaded successfully
[05Jan2026 18:39:04.637] [main/DEBUG] [net.minecraftforge.coremod.CoreModEngine/COREMOD]: Loading CoreMod from coremods/add_bouncer_method.js
[05Jan2026 18:39:04.686] [main/DEBUG] [net.minecraftforge.coremod.CoreModEngine/COREMOD]: CoreMod loaded successfully
[05Jan2026 18:39:04.686] [main/DEBUG] [net.minecraftforge.coremod.CoreModEngine/COREMOD]: Loading CoreMod from coremods/method_redirector.js
[05Jan2026 18:39:04.745] [main/DEBUG] [net.minecraftforge.coremod.CoreModEngine/COREMOD]: CoreMod loaded successfully
[05Jan2026 18:39:04.754] [main/DEBUG] [cpw.mods.modlauncher.TransformStore/MODLAUNCHER]: Adding transformer net.minecraftforge.coremod.transformer.CoreModClassTransformer@77c1e611 to Target : CLASS {Lnet/minecraft/world/level/biome/Biome;} {} {V}
[05Jan2026 18:39:04.755] [main/DEBUG] [cpw.mods.modlauncher.TransformStore/MODLAUNCHER]: Adding transformer net.minecraftforge.coremod.transformer.CoreModClassTransformer@2e463f4 to Target : CLASS {Lnet/minecraft/world/level/levelgen/structure/Structure;} {} {V}
[05Jan2026 18:39:04.756] [main/DEBUG] [cpw.mods.modlauncher.TransformStore/MODLAUNCHER]: Adding transformer net.minecraftforge.coremod.transformer.CoreModClassTransformer@32ec9c90 to Target : CLASS {Lnet/minecraft/world/effect/MobEffectInstance;} {} {V}
[05Jan2026 18:39:04.756] [main/DEBUG] [cpw.mods.modlauncher.TransformStore/MODLAUNCHER]: Adding transformer net.minecraftforge.coremod.transformer.CoreModClassTransformer@36ab3814 to Target : CLASS {Lnet/minecraft/world/level/block/LiquidBlock;} {} {V}
[05Jan2026 18:39:04.756] [main/DEBUG] [cpw.mods.modlauncher.TransformStore/MODLAUNCHER]: Adding transformer net.minecraftforge.coremod.transformer.CoreModClassTransformer@2abbd0d9 to Target : CLASS {Lnet/minecraft/world/item/BucketItem;} {} {V}
[05Jan2026 18:39:04.756] [main/DEBUG] [cpw.mods.modlauncher.TransformStore/MODLAUNCHER]: Adding transformer net.minecraftforge.coremod.transformer.CoreModClassTransformer@b61edb9 to Target : CLASS {Lnet/minecraft/world/level/block/StairBlock;} {} {V}
[05Jan2026 18:39:04.756] [main/DEBUG] [cpw.mods.modlauncher.TransformStore/MODLAUNCHER]: Adding transformer net.minecraftforge.coremod.transformer.CoreModClassTransformer@5d3ff859 to Target : CLASS {Lnet/minecraft/world/level/block/FlowerPotBlock;} {} {V}
[05Jan2026 18:39:04.756] [main/DEBUG] [cpw.mods.modlauncher.TransformStore/MODLAUNCHER]: Adding transformer net.minecraftforge.coremod.transformer.CoreModClassTransformer@32bb0072 to Target : CLASS {Lnet/minecraft/world/item/ItemStack;} {} {V}
[05Jan2026 18:39:04.756] [main/DEBUG] [cpw.mods.modlauncher.TransformStore/MODLAUNCHER]: Adding transformer net.minecraftforge.coremod.transformer.CoreModClassTransformer@467233e4 to Target : CLASS {Lnet/minecraft/network/play/client/CClientSettingsPacket;} {} {V}
[05Jan2026 18:39:04.756] [main/DEBUG] [cpw.mods.modlauncher.TransformStore/MODLAUNCHER]: Adding transformer net.minecraftforge.coremod.transformer.CoreModClassTransformer@427a12b6 to Target : CLASS {Lnet/minecraft/world/entity/animal/horse/SkeletonTrapGoal;} {} {V}
[05Jan2026 18:39:04.757] [main/DEBUG] [cpw.mods.modlauncher.TransformStore/MODLAUNCHER]: Adding transformer net.minecraftforge.coremod.transformer.CoreModClassTransformer@427a12b6 to Target : CLASS {Lnet/minecraft/world/level/levelgen/PhantomSpawner;} {} {V}
[05Jan2026 18:39:04.757] [main/DEBUG] [cpw.mods.modlauncher.TransformStore/MODLAUNCHER]: Adding transformer net.minecraftforge.coremod.transformer.CoreModClassTransformer@427a12b6 to Target : CLASS {Lnet/minecraft/world/entity/npc/Villager;} {} {V}
[05Jan2026 18:39:04.757] [main/DEBUG] [cpw.mods.modlauncher.TransformStore/MODLAUNCHER]: Adding transformer net.minecraftforge.coremod.transformer.CoreModClassTransformer@427a12b6 to Target : CLASS {Lnet/minecraft/world/entity/EntityType;} {} {V}
[05Jan2026 18:39:04.757] [main/DEBUG] [cpw.mods.modlauncher.TransformStore/MODLAUNCHER]: Adding transformer net.minecraftforge.coremod.transformer.CoreModClassTransformer@427a12b6 to Target : CLASS {Lnet/minecraft/world/level/levelgen/structure/structures/SwampHutPiece;} {} {V}
[05Jan2026 18:39:04.757] [main/DEBUG] [cpw.mods.modlauncher.TransformStore/MODLAUNCHER]: Adding transformer net.minecraftforge.coremod.transformer.CoreModClassTransformer@427a12b6 to Target : CLASS {Lnet/minecraft/world/entity/npc/CatSpawner;} {} {V}
[05Jan2026 18:39:04.757] [main/DEBUG] [cpw.mods.modlauncher.TransformStore/MODLAUNCHER]: Adding transformer net.minecraftforge.coremod.transformer.CoreModClassTransformer@427a12b6 to Target : CLASS {Lnet/minecraft/world/entity/raid/Raid;} {} {V}
[05Jan2026 18:39:04.757] [main/DEBUG] [cpw.mods.modlauncher.TransformStore/MODLAUNCHER]: Adding transformer net.minecraftforge.coremod.transformer.CoreModClassTransformer@427a12b6 to Target : CLASS {Lnet/minecraft/world/level/levelgen/structure/structures/OceanMonumentPieces$OceanMonumentPiece;} {} {V}
[05Jan2026 18:39:04.757] [main/DEBUG] [cpw.mods.modlauncher.TransformStore/MODLAUNCHER]: Adding transformer net.minecraftforge.coremod.transformer.CoreModClassTransformer@427a12b6 to Target : CLASS {Lnet/minecraft/world/entity/monster/Spider;} {} {V}
[05Jan2026 18:39:04.757] [main/DEBUG] [cpw.mods.modlauncher.TransformStore/MODLAUNCHER]: Adding transformer net.minecraftforge.coremod.transformer.CoreModClassTransformer@427a12b6 to Target : CLASS {Lnet/minecraft/world/entity/animal/frog/Tadpole;} {} {V}
[05Jan2026 18:39:04.757] [main/DEBUG] [cpw.mods.modlauncher.TransformStore/MODLAUNCHER]: Adding transformer net.minecraftforge.coremod.transformer.CoreModClassTransformer@427a12b6 to Target : CLASS {Lnet/minecraft/world/entity/monster/ZombieVillager;} {} {V}
[05Jan2026 18:39:04.758] [main/DEBUG] [cpw.mods.modlauncher.TransformStore/MODLAUNCHER]: Adding transformer net.minecraftforge.coremod.transformer.CoreModClassTransformer@427a12b6 to Target : CLASS {Lnet/minecraft/world/entity/monster/Zombie;} {} {V}
[05Jan2026 18:39:04.758] [main/DEBUG] [cpw.mods.modlauncher.TransformStore/MODLAUNCHER]: Adding transformer net.minecraftforge.coremod.transformer.CoreModClassTransformer@427a12b6 to Target : CLASS {Lnet/minecraft/world/level/NaturalSpawner;} {} {V}
[05Jan2026 18:39:04.758] [main/DEBUG] [cpw.mods.modlauncher.TransformStore/MODLAUNCHER]: Adding transformer net.minecraftforge.coremod.transformer.CoreModClassTransformer@427a12b6 to Target : CLASS {Lnet/minecraft/world/level/levelgen/structure/structures/OceanRuinPieces$OceanRuinPiece;} {} {V}
[05Jan2026 18:39:04.758] [main/DEBUG] [cpw.mods.modlauncher.TransformStore/MODLAUNCHER]: Adding transformer net.minecraftforge.coremod.transformer.CoreModClassTransformer@427a12b6 to Target : CLASS {Lnet/minecraft/world/entity/monster/Evoker$EvokerSummonSpellGoal;} {} {V}
[05Jan2026 18:39:04.758] [main/DEBUG] [cpw.mods.modlauncher.TransformStore/MODLAUNCHER]: Adding transformer net.minecraftforge.coremod.transformer.CoreModClassTransformer@427a12b6 to Target : CLASS {Lnet/minecraft/server/commands/RaidCommand;} {} {V}
[05Jan2026 18:39:04.758] [main/DEBUG] [cpw.mods.modlauncher.TransformStore/MODLAUNCHER]: Adding transformer net.minecraftforge.coremod.transformer.CoreModClassTransformer@427a12b6 to Target : CLASS {Lnet/minecraft/world/entity/ai/village/VillageSiege;} {} {V}
[05Jan2026 18:39:04.758] [main/DEBUG] [cpw.mods.modlauncher.TransformStore/MODLAUNCHER]: Adding transformer net.minecraftforge.coremod.transformer.CoreModClassTransformer@427a12b6 to Target : CLASS {Lnet/minecraft/world/level/levelgen/PatrolSpawner;} {} {V}
[05Jan2026 18:39:04.758] [main/DEBUG] [cpw.mods.modlauncher.TransformStore/MODLAUNCHER]: Adding transformer net.minecraftforge.coremod.transformer.CoreModClassTransformer@427a12b6 to Target : CLASS {Lnet/minecraft/world/entity/monster/Strider;} {} {V}
[05Jan2026 18:39:04.758] [main/DEBUG] [cpw.mods.modlauncher.TransformStore/MODLAUNCHER]: Adding transformer net.minecraftforge.coremod.transformer.CoreModClassTransformer@427a12b6 to Target : CLASS {Lnet/minecraft/world/level/levelgen/structure/templatesystem/StructureTemplate;} {} {V}
[05Jan2026 18:39:04.759] [main/DEBUG] [cpw.mods.modlauncher.TransformStore/MODLAUNCHER]: Adding transformer net.minecraftforge.coremod.transformer.CoreModClassTransformer@427a12b6 to Target : CLASS {Lnet/minecraft/world/level/levelgen/structure/structures/WoodlandMansionPieces$WoodlandMansionPiece;} {} {V}
[05Jan2026 18:39:04.759] [main/DEBUG] [cpw.mods.modlauncher.TransformStore/MODLAUNCHER]: Adding transformer net.minecraftforge.coremod.transformer.CoreModClassTransformer@427a12b6 to Target : CLASS {Lnet/minecraft/server/commands/SummonCommand;} {} {V}
[05Jan2026 18:39:04.759] [main/DEBUG] [cpw.mods.modlauncher.TransformStore/MODLAUNCHER]: Adding transformer net.minecraftforge.coremod.transformer.CoreModMethodTransformer@af7e376 to Target : METHOD {Lnet/minecraft/client/ToggleKeyMapping;} {m_90857_} {()Z}
[05Jan2026 18:39:04.759] [main/DEBUG] [cpw.mods.modlauncher.TransformationServiceDecorator/MODLAUNCHER]: Initialized transformers for transformation service fml
[05Jan2026 18:39:05.785] [main/DEBUG] [mixin/]: Processing prepare() for PlatformAgent[MixinPlatformAgentDefault:ModLauncher Root Container(ModLauncher:4f56a0a2)]
[05Jan2026 18:39:05.785] [main/DEBUG] [mixin/]: Processing launch tasks for PlatformAgent[MixinPlatformAgentDefault:ModLauncher Root Container(ModLauncher:4f56a0a2)]
[05Jan2026 18:39:05.785] [main/DEBUG] [mixin/]: Adding mixin platform agents for container SecureJarResource(minecraft)
[05Jan2026 18:39:05.785] [main/DEBUG] [mixin/]: Instancing new MixinPlatformAgentMinecraftForge for SecureJarResource(minecraft)
[05Jan2026 18:39:05.786] [main/DEBUG] [mixin/]: MixinPlatformAgentMinecraftForge rejected container SecureJarResource(minecraft)
[05Jan2026 18:39:05.786] [main/DEBUG] [mixin/]: Instancing new MixinPlatformAgentDefault for SecureJarResource(minecraft)
[05Jan2026 18:39:05.786] [main/DEBUG] [mixin/]: MixinPlatformAgentDefault accepted container SecureJarResource(minecraft)
[05Jan2026 18:39:05.786] [main/DEBUG] [mixin/]: Processing prepare() for PlatformAgent[MixinPlatformAgentDefault:SecureJarResource(minecraft)]
[05Jan2026 18:39:05.786] [main/DEBUG] [mixin/]: Adding mixin platform agents for container SecureJarResource(tconstruct)
[05Jan2026 18:39:05.786] [main/DEBUG] [mixin/]: Instancing new MixinPlatformAgentMinecraftForge for SecureJarResource(tconstruct)
[05Jan2026 18:39:05.786] [main/DEBUG] [mixin/]: MixinPlatformAgentMinecraftForge rejected container SecureJarResource(tconstruct)
[05Jan2026 18:39:05.786] [main/DEBUG] [mixin/]: Instancing new MixinPlatformAgentDefault for SecureJarResource(tconstruct)
[05Jan2026 18:39:05.786] [main/DEBUG] [mixin/]: MixinPlatformAgentDefault accepted container SecureJarResource(tconstruct)
[05Jan2026 18:39:05.786] [main/DEBUG] [mixin/]: Processing prepare() for PlatformAgent[MixinPlatformAgentDefault:SecureJarResource(tconstruct)]
[05Jan2026 18:39:05.786] [main/DEBUG] [mixin/]: Adding mixin platform agents for container SecureJarResource(farmersdelight)
[05Jan2026 18:39:05.786] [main/DEBUG] [mixin/]: Instancing new MixinPlatformAgentMinecraftForge for SecureJarResource(farmersdelight)
[05Jan2026 18:39:05.787] [main/DEBUG] [mixin/]: MixinPlatformAgentMinecraftForge rejected container SecureJarResource(farmersdelight)
[05Jan2026 18:39:05.787] [main/DEBUG] [mixin/]: Instancing new MixinPlatformAgentDefault for SecureJarResource(farmersdelight)
[05Jan2026 18:39:05.787] [main/DEBUG] [mixin/]: MixinPlatformAgentDefault accepted container SecureJarResource(farmersdelight)
[05Jan2026 18:39:05.787] [main/DEBUG] [mixin/]: Processing prepare() for PlatformAgent[MixinPlatformAgentDefault:SecureJarResource(farmersdelight)]
[05Jan2026 18:39:05.787] [main/DEBUG] [mixin/]: Registering mixin config: farmersdelight.mixins.json
[05Jan2026 18:39:05.802] [main/DEBUG] [mixin/]: Compatibility level JAVA_17 specified by farmersdelight.mixins.json is higher than the maximum level supported by this version of mixin (JAVA_13).
[05Jan2026 18:39:05.806] [main/INFO] [mixin/]: Compatibility level set to JAVA_17
[05Jan2026 18:39:05.807] [main/DEBUG] [mixin/]: Adding mixin platform agents for container SecureJarResource(trade_cycling)
[05Jan2026 18:39:05.807] [main/DEBUG] [mixin/]: Instancing new MixinPlatformAgentMinecraftForge for SecureJarResource(trade_cycling)
[05Jan2026 18:39:05.807] [main/DEBUG] [mixin/]: MixinPlatformAgentMinecraftForge rejected container SecureJarResource(trade_cycling)
[05Jan2026 18:39:05.807] [main/DEBUG] [mixin/]: Instancing new MixinPlatformAgentDefault for SecureJarResource(trade_cycling)
[05Jan2026 18:39:05.807] [main/DEBUG] [mixin/]: MixinPlatformAgentDefault accepted container SecureJarResource(trade_cycling)
[05Jan2026 18:39:05.807] [main/DEBUG] [mixin/]: Processing prepare() for PlatformAgent[MixinPlatformAgentDefault:SecureJarResource(trade_cycling)]
[05Jan2026 18:39:05.807] [main/DEBUG] [mixin/]: Adding mixin platform agents for container SecureJarResource(mowziesmobs)
[05Jan2026 18:39:05.807] [main/DEBUG] [mixin/]: Instancing new MixinPlatformAgentMinecraftForge for SecureJarResource(mowziesmobs)
[05Jan2026 18:39:05.807] [main/DEBUG] [mixin/]: MixinPlatformAgentMinecraftForge rejected container SecureJarResource(mowziesmobs)
[05Jan2026 18:39:05.807] [main/DEBUG] [mixin/]: Instancing new MixinPlatformAgentDefault for SecureJarResource(mowziesmobs)
[05Jan2026 18:39:05.807] [main/DEBUG] [mixin/]: MixinPlatformAgentDefault accepted container SecureJarResource(mowziesmobs)
[05Jan2026 18:39:05.807] [main/DEBUG] [mixin/]: Processing prepare() for PlatformAgent[MixinPlatformAgentDefault:SecureJarResource(mowziesmobs)]
[05Jan2026 18:39:05.808] [main/DEBUG] [mixin/]: Registering mixin config: mowziesmobs.mixins.json
[05Jan2026 18:39:05.809] [main/DEBUG] [mixin/]: Adding mixin platform agents for container SecureJarResource(geckolib)
[05Jan2026 18:39:05.809] [main/DEBUG] [mixin/]: Instancing new MixinPlatformAgentMinecraftForge for SecureJarResource(geckolib)
[05Jan2026 18:39:05.810] [main/DEBUG] [mixin/]: MixinPlatformAgentMinecraftForge rejected container SecureJarResource(geckolib)
[05Jan2026 18:39:05.810] [main/DEBUG] [mixin/]: Instancing new MixinPlatformAgentDefault for SecureJarResource(geckolib)
[05Jan2026 18:39:05.810] [main/DEBUG] [mixin/]: MixinPlatformAgentDefault accepted container SecureJarResource(geckolib)
[05Jan2026 18:39:05.810] [main/DEBUG] [mixin/]: Processing prepare() for PlatformAgent[MixinPlatformAgentDefault:SecureJarResource(geckolib)]
[05Jan2026 18:39:05.810] [main/DEBUG] [mixin/]: Registering mixin config: geckolib.mixins.json
[05Jan2026 18:39:05.812] [main/DEBUG] [mixin/]: Adding mixin platform agents for container SecureJarResource(do_a_barrel_roll)
[05Jan2026 18:39:05.812] [main/DEBUG] [mixin/]: Instancing new MixinPlatformAgentMinecraftForge for SecureJarResource(do_a_barrel_roll)
[05Jan2026 18:39:05.812] [main/DEBUG] [mixin/]: MixinPlatformAgentMinecraftForge rejected container SecureJarResource(do_a_barrel_roll)
[05Jan2026 18:39:05.812] [main/DEBUG] [mixin/]: Instancing new MixinPlatformAgentDefault for SecureJarResource(do_a_barrel_roll)
[05Jan2026 18:39:05.812] [main/DEBUG] [mixin/]: MixinPlatformAgentDefault accepted container SecureJarResource(do_a_barrel_roll)
[05Jan2026 18:39:05.813] [main/DEBUG] [mixin/]: Processing prepare() for PlatformAgent[MixinPlatformAgentDefault:SecureJarResource(do_a_barrel_roll)]
[05Jan2026 18:39:05.813] [main/DEBUG] [mixin/]: Registering mixin config: do_a_barrel_roll.mixins.json
[05Jan2026 18:39:05.815] [main/DEBUG] [mixin/]: Registering mixin config: do_a_barrel_roll.forge.mixins.json
[05Jan2026 18:39:05.817] [main/DEBUG] [mixin/]: Adding mixin platform agents for container SecureJarResource(chunky)
[05Jan2026 18:39:05.817] [main/DEBUG] [mixin/]: Instancing new MixinPlatformAgentMinecraftForge for SecureJarResource(chunky)
[05Jan2026 18:39:05.817] [main/DEBUG] [mixin/]: MixinPlatformAgentMinecraftForge rejected container SecureJarResource(chunky)
[05Jan2026 18:39:05.817] [main/DEBUG] [mixin/]: Instancing new MixinPlatformAgentDefault for SecureJarResource(chunky)
[05Jan2026 18:39:05.817] [main/DEBUG] [mixin/]: MixinPlatformAgentDefault accepted container SecureJarResource(chunky)
[05Jan2026 18:39:05.818] [main/DEBUG] [mixin/]: Processing prepare() for PlatformAgent[MixinPlatformAgentDefault:SecureJarResource(chunky)]
[05Jan2026 18:39:05.818] [main/DEBUG] [mixin/]: Adding mixin platform agents for container SecureJarResource(jei)
[05Jan2026 18:39:05.818] [main/DEBUG] [mixin/]: Instancing new MixinPlatformAgentMinecraftForge for SecureJarResource(jei)
[05Jan2026 18:39:05.818] [main/DEBUG] [mixin/]: MixinPlatformAgentMinecraftForge rejected container SecureJarResource(jei)
[05Jan2026 18:39:05.818] [main/DEBUG] [mixin/]: Instancing new MixinPlatformAgentDefault for SecureJarResource(jei)
[05Jan2026 18:39:05.818] [main/DEBUG] [mixin/]: MixinPlatformAgentDefault accepted container SecureJarResource(jei)
[05Jan2026 18:39:05.818] [main/DEBUG] [mixin/]: Processing prepare() for PlatformAgent[MixinPlatformAgentDefault:SecureJarResource(jei)]
[05Jan2026 18:39:05.818] [main/DEBUG] [mixin/]: Adding mixin platform agents for container SecureJarResource(sophisticatedcore)
[05Jan2026 18:39:05.818] [main/DEBUG] [mixin/]: Instancing new MixinPlatformAgentMinecraftForge for SecureJarResource(sophisticatedcore)
[05Jan2026 18:39:05.819] [main/DEBUG] [mixin/]: MixinPlatformAgentMinecraftForge rejected container SecureJarResource(sophisticatedcore)
[05Jan2026 18:39:05.819] [main/DEBUG] [mixin/]: Instancing new MixinPlatformAgentDefault for SecureJarResource(sophisticatedcore)
[05Jan2026 18:39:05.819] [main/DEBUG] [mixin/]: MixinPlatformAgentDefault accepted container SecureJarResource(sophisticatedcore)
[05Jan2026 18:39:05.819] [main/DEBUG] [mixin/]: Processing prepare() for PlatformAgent[MixinPlatformAgentDefault:SecureJarResource(sophisticatedcore)]
[05Jan2026 18:39:05.819] [main/DEBUG] [mixin/]: Adding mixin platform agents for container SecureJarResource(mantle)
[05Jan2026 18:39:05.819] [main/DEBUG] [mixin/]: Instancing new MixinPlatformAgentMinecraftForge for SecureJarResource(mantle)
[05Jan2026 18:39:05.819] [main/DEBUG] [mixin/]: MixinPlatformAgentMinecraftForge rejected container SecureJarResource(mantle)
[05Jan2026 18:39:05.819] [main/DEBUG] [mixin/]: Instancing new MixinPlatformAgentDefault for SecureJarResource(mantle)
[05Jan2026 18:39:05.819] [main/DEBUG] [mixin/]: MixinPlatformAgentDefault accepted container SecureJarResource(mantle)
[05Jan2026 18:39:05.819] [main/DEBUG] [mixin/]: Processing prepare() for PlatformAgent[MixinPlatformAgentDefault:SecureJarResource(mantle)]
[05Jan2026 18:39:05.819] [main/DEBUG] [mixin/]: Adding mixin platform agents for container SecureJarResource(xaerominimap)
[05Jan2026 18:39:05.819] [main/DEBUG] [mixin/]: Instancing new MixinPlatformAgentMinecraftForge for SecureJarResource(xaerominimap)
[05Jan2026 18:39:05.820] [main/DEBUG] [mixin/]: MixinPlatformAgentMinecraftForge rejected container SecureJarResource(xaerominimap)
[05Jan2026 18:39:05.820] [main/DEBUG] [mixin/]: Instancing new MixinPlatformAgentDefault for SecureJarResource(xaerominimap)
[05Jan2026 18:39:05.820] [main/DEBUG] [mixin/]: MixinPlatformAgentDefault accepted container SecureJarResource(xaerominimap)
[05Jan2026 18:39:05.820] [main/DEBUG] [mixin/]: Processing prepare() for PlatformAgent[MixinPlatformAgentDefault:SecureJarResource(xaerominimap)]
[05Jan2026 18:39:05.820] [main/DEBUG] [mixin/]: Registering mixin config: xaerohud.mixins.json
[05Jan2026 18:39:05.822] [main/DEBUG] [mixin/]: Registering mixin config: xaerohud.forge.mixins.json
[05Jan2026 18:39:05.823] [main/DEBUG] [mixin/]: Registering mixin config: xaerominimap.mixins.json
[05Jan2026 18:39:05.824] [main/DEBUG] [mixin/]: Registering mixin config: xaerominimap.forge.mixins.json
[05Jan2026 18:39:05.826] [main/DEBUG] [mixin/]: Adding mixin platform agents for container SecureJarResource(xaeroworldmap)
[05Jan2026 18:39:05.826] [main/DEBUG] [mixin/]: Instancing new MixinPlatformAgentMinecraftForge for SecureJarResource(xaeroworldmap)
[05Jan2026 18:39:05.826] [main/DEBUG] [mixin/]: MixinPlatformAgentMinecraftForge rejected container SecureJarResource(xaeroworldmap)
[05Jan2026 18:39:05.826] [main/DEBUG] [mixin/]: Instancing new MixinPlatformAgentDefault for SecureJarResource(xaeroworldmap)
[05Jan2026 18:39:05.827] [main/DEBUG] [mixin/]: MixinPlatformAgentDefault accepted container SecureJarResource(xaeroworldmap)
[05Jan2026 18:39:05.827] [main/DEBUG] [mixin/]: Processing prepare() for PlatformAgent[MixinPlatformAgentDefault:SecureJarResource(xaeroworldmap)]
[05Jan2026 18:39:05.827] [main/DEBUG] [mixin/]: Registering mixin config: xaeroworldmap.mixins.json
[05Jan2026 18:39:05.828] [main/DEBUG] [mixin/]: Registering mixin config: xaeroworldmap.forge.mixins.json
[05Jan2026 18:39:05.830] [main/DEBUG] [mixin/]: Adding mixin platform agents for container SecureJarResource(securitycraft)
[05Jan2026 18:39:05.830] [main/DEBUG] [mixin/]: Instancing new MixinPlatformAgentMinecraftForge for SecureJarResource(securitycraft)
[05Jan2026 18:39:05.830] [main/DEBUG] [mixin/]: MixinPlatformAgentMinecraftForge rejected container SecureJarResource(securitycraft)
[05Jan2026 18:39:05.831] [main/DEBUG] [mixin/]: Instancing new MixinPlatformAgentDefault for SecureJarResource(securitycraft)
[05Jan2026 18:39:05.831] [main/DEBUG] [mixin/]: MixinPlatformAgentDefault accepted container SecureJarResource(securitycraft)
[05Jan2026 18:39:05.831] [main/DEBUG] [mixin/]: Processing prepare() for PlatformAgent[MixinPlatformAgentDefault:SecureJarResource(securitycraft)]
[05Jan2026 18:39:05.831] [main/DEBUG] [mixin/]: Registering mixin config: securitycraft.mixins.json
[05Jan2026 18:39:05.833] [main/DEBUG] [mixin/]: Adding mixin platform agents for container SecureJarResource(mixinextras)
[05Jan2026 18:39:05.833] [main/DEBUG] [mixin/]: Instancing new MixinPlatformAgentMinecraftForge for SecureJarResource(mixinextras)
[05Jan2026 18:39:05.833] [main/DEBUG] [mixin/]: MixinPlatformAgentMinecraftForge rejected container SecureJarResource(mixinextras)
[05Jan2026 18:39:05.833] [main/DEBUG] [mixin/]: Instancing new MixinPlatformAgentDefault for SecureJarResource(mixinextras)
[05Jan2026 18:39:05.833] [main/DEBUG] [mixin/]: MixinPlatformAgentDefault accepted container SecureJarResource(mixinextras)
[05Jan2026 18:39:05.833] [main/DEBUG] [mixin/]: Processing prepare() for PlatformAgent[MixinPlatformAgentDefault:SecureJarResource(mixinextras)]
[05Jan2026 18:39:05.833] [main/DEBUG] [mixin/]: Registering mixin config: mixinextras.init.mixins.json
[05Jan2026 18:39:05.835] [main/DEBUG] [mixin/]: Adding mixin platform agents for container SecureJarResource(sophisticatedbackpacks)
[05Jan2026 18:39:05.835] [main/DEBUG] [mixin/]: Instancing new MixinPlatformAgentMinecraftForge for SecureJarResource(sophisticatedbackpacks)
[05Jan2026 18:39:05.835] [main/DEBUG] [mixin/]: MixinPlatformAgentMinecraftForge rejected container SecureJarResource(sophisticatedbackpacks)
[05Jan2026 18:39:05.835] [main/DEBUG] [mixin/]: Instancing new MixinPlatformAgentDefault for SecureJarResource(sophisticatedbackpacks)
[05Jan2026 18:39:05.835] [main/DEBUG] [mixin/]: MixinPlatformAgentDefault accepted container SecureJarResource(sophisticatedbackpacks)
[05Jan2026 18:39:05.835] [main/DEBUG] [mixin/]: Processing prepare() for PlatformAgent[MixinPlatformAgentDefault:SecureJarResource(sophisticatedbackpacks)]
[05Jan2026 18:39:05.835] [main/DEBUG] [mixin/]: Adding mixin platform agents for container SecureJarResource(coroutil)
[05Jan2026 18:39:05.835] [main/DEBUG] [mixin/]: Instancing new MixinPlatformAgentMinecraftForge for SecureJarResource(coroutil)
[05Jan2026 18:39:05.835] [main/DEBUG] [mixin/]: MixinPlatformAgentMinecraftForge rejected container SecureJarResource(coroutil)
[05Jan2026 18:39:05.836] [main/DEBUG] [mixin/]: Instancing new MixinPlatformAgentDefault for SecureJarResource(coroutil)
[05Jan2026 18:39:05.836] [main/DEBUG] [mixin/]: MixinPlatformAgentDefault accepted container SecureJarResource(coroutil)
[05Jan2026 18:39:05.836] [main/DEBUG] [mixin/]: Processing prepare() for PlatformAgent[MixinPlatformAgentDefault:SecureJarResource(coroutil)]
[05Jan2026 18:39:05.836] [main/DEBUG] [mixin/]: Registering mixin config: coroutil.mixins.json
[05Jan2026 18:39:05.837] [main/DEBUG] [mixin/]: Adding mixin platform agents for container SecureJarResource(carryon)
[05Jan2026 18:39:05.838] [main/DEBUG] [mixin/]: Instancing new MixinPlatformAgentMinecraftForge for SecureJarResource(carryon)
[05Jan2026 18:39:05.838] [main/DEBUG] [mixin/]: MixinPlatformAgentMinecraftForge rejected container SecureJarResource(carryon)
[05Jan2026 18:39:05.838] [main/DEBUG] [mixin/]: Instancing new MixinPlatformAgentDefault for SecureJarResource(carryon)
[05Jan2026 18:39:05.838] [main/DEBUG] [mixin/]: MixinPlatformAgentDefault accepted container SecureJarResource(carryon)
[05Jan2026 18:39:05.838] [main/DEBUG] [mixin/]: Processing prepare() for PlatformAgent[MixinPlatformAgentDefault:SecureJarResource(carryon)]
[05Jan2026 18:39:05.838] [main/DEBUG] [mixin/]: Registering mixin config: carryon.mixins.json
[05Jan2026 18:39:05.840] [main/DEBUG] [mixin/]: Registering mixin config: carryon.forge.mixins.json
[05Jan2026 18:39:05.844] [main/DEBUG] [mixin/]: Adding mixin platform agents for container SecureJarResource(betterf3)
[05Jan2026 18:39:05.844] [main/DEBUG] [mixin/]: Instancing new MixinPlatformAgentMinecraftForge for SecureJarResource(betterf3)
[05Jan2026 18:39:05.844] [main/DEBUG] [mixin/]: MixinPlatformAgentMinecraftForge rejected container SecureJarResource(betterf3)
[05Jan2026 18:39:05.845] [main/DEBUG] [mixin/]: Instancing new MixinPlatformAgentDefault for SecureJarResource(betterf3)
[05Jan2026 18:39:05.845] [main/DEBUG] [mixin/]: MixinPlatformAgentDefault accepted container SecureJarResource(betterf3)
[05Jan2026 18:39:05.845] [main/DEBUG] [mixin/]: Processing prepare() for PlatformAgent[MixinPlatformAgentDefault:SecureJarResource(betterf3)]
[05Jan2026 18:39:05.845] [main/DEBUG] [mixin/]: Registering mixin config: betterf3.mixins.json
[05Jan2026 18:39:05.847] [main/DEBUG] [mixin/]: Registering mixin config: betterf3.forge.mixins.json
[05Jan2026 18:39:05.851] [main/DEBUG] [mixin/]: Adding mixin platform agents for container SecureJarResource(watut)
[05Jan2026 18:39:05.851] [main/DEBUG] [mixin/]: Instancing new MixinPlatformAgentMinecraftForge for SecureJarResource(watut)
[05Jan2026 18:39:05.851] [main/DEBUG] [mixin/]: MixinPlatformAgentMinecraftForge rejected container SecureJarResource(watut)
[05Jan2026 18:39:05.851] [main/DEBUG] [mixin/]: Instancing new MixinPlatformAgentDefault for SecureJarResource(watut)
[05Jan2026 18:39:05.851] [main/DEBUG] [mixin/]: MixinPlatformAgentDefault accepted container SecureJarResource(watut)
[05Jan2026 18:39:05.851] [main/DEBUG] [mixin/]: Processing prepare() for PlatformAgent[MixinPlatformAgentDefault:SecureJarResource(watut)]
[05Jan2026 18:39:05.851] [main/DEBUG] [mixin/]: Registering mixin config: watut.mixins.json
[05Jan2026 18:39:05.853] [main/DEBUG] [mixin/]: Adding mixin platform agents for container SecureJarResource(cloth_config)
[05Jan2026 18:39:05.856] [main/DEBUG] [mixin/]: Instancing new MixinPlatformAgentMinecraftForge for SecureJarResource(cloth_config)
[05Jan2026 18:39:05.856] [main/DEBUG] [mixin/]: MixinPlatformAgentMinecraftForge rejected container SecureJarResource(cloth_config)
[05Jan2026 18:39:05.856] [main/DEBUG] [mixin/]: Instancing new MixinPlatformAgentDefault for SecureJarResource(cloth_config)
[05Jan2026 18:39:05.856] [main/DEBUG] [mixin/]: MixinPlatformAgentDefault accepted container SecureJarResource(cloth_config)
[05Jan2026 18:39:05.856] [main/DEBUG] [mixin/]: Processing prepare() for PlatformAgent[MixinPlatformAgentDefault:SecureJarResource(cloth_config)]
[05Jan2026 18:39:05.856] [main/DEBUG] [mixin/]: Adding mixin platform agents for container SecureJarResource(voicechat)
[05Jan2026 18:39:05.857] [main/DEBUG] [mixin/]: Instancing new MixinPlatformAgentMinecraftForge for SecureJarResource(voicechat)
[05Jan2026 18:39:05.857] [main/DEBUG] [mixin/]: MixinPlatformAgentMinecraftForge rejected container SecureJarResource(voicechat)
[05Jan2026 18:39:05.857] [main/DEBUG] [mixin/]: Instancing new MixinPlatformAgentDefault for SecureJarResource(voicechat)
[05Jan2026 18:39:05.857] [main/DEBUG] [mixin/]: MixinPlatformAgentDefault accepted container SecureJarResource(voicechat)
[05Jan2026 18:39:05.857] [main/DEBUG] [mixin/]: Processing prepare() for PlatformAgent[MixinPlatformAgentDefault:SecureJarResource(voicechat)]
[05Jan2026 18:39:05.857] [main/DEBUG] [mixin/]: Adding mixin platform agents for container SecureJarResource(forge)
[05Jan2026 18:39:05.857] [main/DEBUG] [mixin/]: Instancing new MixinPlatformAgentMinecraftForge for SecureJarResource(forge)
[05Jan2026 18:39:05.857] [main/DEBUG] [mixin/]: MixinPlatformAgentMinecraftForge rejected container SecureJarResource(forge)
[05Jan2026 18:39:05.857] [main/DEBUG] [mixin/]: Instancing new MixinPlatformAgentDefault for SecureJarResource(forge)
[05Jan2026 18:39:05.857] [main/DEBUG] [mixin/]: MixinPlatformAgentDefault accepted container SecureJarResource(forge)
[05Jan2026 18:39:05.858] [main/DEBUG] [mixin/]: Processing prepare() for PlatformAgent[MixinPlatformAgentDefault:SecureJarResource(forge)]
[05Jan2026 18:39:05.858] [main/DEBUG] [mixin/]: Adding mixin platform agents for container SecureJarResource(zeta)
[05Jan2026 18:39:05.858] [main/DEBUG] [mixin/]: Instancing new MixinPlatformAgentMinecraftForge for SecureJarResource(zeta)
[05Jan2026 18:39:05.858] [main/DEBUG] [mixin/]: MixinPlatformAgentMinecraftForge rejected container SecureJarResource(zeta)
[05Jan2026 18:39:05.858] [main/DEBUG] [mixin/]: Instancing new MixinPlatformAgentDefault for SecureJarResource(zeta)
[05Jan2026 18:39:05.858] [main/DEBUG] [mixin/]: MixinPlatformAgentDefault accepted container SecureJarResource(zeta)
[05Jan2026 18:39:05.858] [main/DEBUG] [mixin/]: Processing prepare() for PlatformAgent[MixinPlatformAgentDefault:SecureJarResource(zeta)]
[05Jan2026 18:39:05.858] [main/DEBUG] [mixin/]: Registering mixin config: zeta.mixins.json
[05Jan2026 18:39:05.860] [main/DEBUG] [mixin/]: Registering mixin config: zeta_forge.mixins.json
[05Jan2026 18:39:05.861] [main/DEBUG] [mixin/]: Adding mixin platform agents for container SecureJarResource(quark)
[05Jan2026 18:39:05.861] [main/DEBUG] [mixin/]: Instancing new MixinPlatformAgentMinecraftForge for SecureJarResource(quark)
[05Jan2026 18:39:05.861] [main/DEBUG] [mixin/]: MixinPlatformAgentMinecraftForge rejected container SecureJarResource(quark)
[05Jan2026 18:39:05.861] [main/DEBUG] [mixin/]: Instancing new MixinPlatformAgentDefault for SecureJarResource(quark)
[05Jan2026 18:39:05.861] [main/DEBUG] [mixin/]: MixinPlatformAgentDefault accepted container SecureJarResource(quark)
[05Jan2026 18:39:05.861] [main/DEBUG] [mixin/]: Processing prepare() for PlatformAgent[MixinPlatformAgentDefault:SecureJarResource(quark)]
[05Jan2026 18:39:05.861] [main/DEBUG] [mixin/]: Registering mixin config: quark.mixins.json
[05Jan2026 18:39:05.889] [main/DEBUG] [mixin/]: Registering mixin config: quark_integrations.mixins.json
[05Jan2026 18:39:05.922] [main/DEBUG] [mixin/]: Adding mixin platform agents for container SecureJarResource(embeddium)
[05Jan2026 18:39:05.922] [main/DEBUG] [mixin/]: Instancing new MixinPlatformAgentMinecraftForge for SecureJarResource(embeddium)
[05Jan2026 18:39:05.922] [main/DEBUG] [mixin/]: MixinPlatformAgentMinecraftForge rejected container SecureJarResource(embeddium)
[05Jan2026 18:39:05.922] [main/DEBUG] [mixin/]: Instancing new MixinPlatformAgentDefault for SecureJarResource(embeddium)
[05Jan2026 18:39:05.922] [main/DEBUG] [mixin/]: MixinPlatformAgentDefault accepted container SecureJarResource(embeddium)
[05Jan2026 18:39:05.922] [main/DEBUG] [mixin/]: Processing prepare() for PlatformAgent[MixinPlatformAgentDefault:SecureJarResource(embeddium)]
[05Jan2026 18:39:05.922] [main/DEBUG] [mixin/]: Registering mixin config: embeddium.mixins.json
[05Jan2026 18:39:05.924] [main/DEBUG] [mixin/]: Adding mixin platform agents for container SecureJarResource(ironchest)
[05Jan2026 18:39:05.924] [main/DEBUG] [mixin/]: Instancing new MixinPlatformAgentMinecraftForge for SecureJarResource(ironchest)
[05Jan2026 18:39:05.924] [main/DEBUG] [mixin/]: MixinPlatformAgentMinecraftForge rejected container SecureJarResource(ironchest)
[05Jan2026 18:39:05.924] [main/DEBUG] [mixin/]: Instancing new MixinPlatformAgentDefault for SecureJarResource(ironchest)
[05Jan2026 18:39:05.924] [main/DEBUG] [mixin/]: MixinPlatformAgentDefault accepted container SecureJarResource(ironchest)
[05Jan2026 18:39:05.924] [main/DEBUG] [mixin/]: Processing prepare() for PlatformAgent[MixinPlatformAgentDefault:SecureJarResource(ironchest)]
[05Jan2026 18:39:05.924] [main/DEBUG] [mixin/]: Adding mixin platform agents for container SecureJarResource(mclib)
[05Jan2026 18:39:05.924] [main/DEBUG] [mixin/]: Instancing new MixinPlatformAgentMinecraftForge for SecureJarResource(mclib)
[05Jan2026 18:39:05.925] [main/DEBUG] [mixin/]: MixinPlatformAgentMinecraftForge rejected container SecureJarResource(mclib)
[05Jan2026 18:39:05.925] [main/DEBUG] [mixin/]: Instancing new MixinPlatformAgentDefault for SecureJarResource(mclib)
[05Jan2026 18:39:05.925] [main/DEBUG] [mixin/]: MixinPlatformAgentDefault accepted container SecureJarResource(mclib)
[05Jan2026 18:39:05.925] [main/DEBUG] [mixin/]: Processing prepare() for PlatformAgent[MixinPlatformAgentDefault:SecureJarResource(mclib)]
[05Jan2026 18:39:05.925] [main/DEBUG] [mixin/]: Adding mixin platform agents for container SecureJarResource(MixinExtras)
[05Jan2026 18:39:05.925] [main/DEBUG] [mixin/]: Instancing new MixinPlatformAgentMinecraftForge for SecureJarResource(MixinExtras)
[05Jan2026 18:39:05.925] [main/DEBUG] [mixin/]: MixinPlatformAgentMinecraftForge rejected container SecureJarResource(MixinExtras)
[05Jan2026 18:39:05.925] [main/DEBUG] [mixin/]: Instancing new MixinPlatformAgentDefault for SecureJarResource(MixinExtras)
[05Jan2026 18:39:05.925] [main/DEBUG] [mixin/]: MixinPlatformAgentDefault accepted container SecureJarResource(MixinExtras)
[05Jan2026 18:39:05.925] [main/DEBUG] [mixin/]: Processing prepare() for PlatformAgent[MixinPlatformAgentDefault:SecureJarResource(MixinExtras)]
[05Jan2026 18:39:05.925] [main/DEBUG] [mixin/]: inject() running with 30 agents
[05Jan2026 18:39:05.925] [main/DEBUG] [mixin/]: Processing inject() for PlatformAgent[MixinPlatformAgentDefault:ModLauncher Root Container(ModLauncher:4f56a0a2)]
[05Jan2026 18:39:05.926] [main/DEBUG] [mixin/]: Processing inject() for PlatformAgent[MixinPlatformAgentDefault:SecureJarResource(minecraft)]
[05Jan2026 18:39:05.926] [main/DEBUG] [mixin/]: Processing inject() for PlatformAgent[MixinPlatformAgentDefault:SecureJarResource(tconstruct)]
[05Jan2026 18:39:05.926] [main/DEBUG] [mixin/]: Processing inject() for PlatformAgent[MixinPlatformAgentDefault:SecureJarResource(farmersdelight)]
[05Jan2026 18:39:05.926] [main/DEBUG] [mixin/]: Processing inject() for PlatformAgent[MixinPlatformAgentDefault:SecureJarResource(trade_cycling)]
[05Jan2026 18:39:05.926] [main/DEBUG] [mixin/]: Processing inject() for PlatformAgent[MixinPlatformAgentDefault:SecureJarResource(mowziesmobs)]
[05Jan2026 18:39:05.926] [main/DEBUG] [mixin/]: Processing inject() for PlatformAgent[MixinPlatformAgentDefault:SecureJarResource(geckolib)]
[05Jan2026 18:39:05.926] [main/DEBUG] [mixin/]: Processing inject() for PlatformAgent[MixinPlatformAgentDefault:SecureJarResource(do_a_barrel_roll)]
[05Jan2026 18:39:05.926] [main/DEBUG] [mixin/]: Processing inject() for PlatformAgent[MixinPlatformAgentDefault:SecureJarResource(chunky)]
[05Jan2026 18:39:05.926] [main/DEBUG] [mixin/]: Processing inject() for PlatformAgent[MixinPlatformAgentDefault:SecureJarResource(jei)]
[05Jan2026 18:39:05.926] [main/DEBUG] [mixin/]: Processing inject() for PlatformAgent[MixinPlatformAgentDefault:SecureJarResource(sophisticatedcore)]
[05Jan2026 18:39:05.926] [main/DEBUG] [mixin/]: Processing inject() for PlatformAgent[MixinPlatformAgentDefault:SecureJarResource(mantle)]
[05Jan2026 18:39:05.926] [main/DEBUG] [mixin/]: Processing inject() for PlatformAgent[MixinPlatformAgentDefault:SecureJarResource(xaerominimap)]
[05Jan2026 18:39:05.927] [main/DEBUG] [mixin/]: Processing inject() for PlatformAgent[MixinPlatformAgentDefault:SecureJarResource(xaeroworldmap)]
[05Jan2026 18:39:05.927] [main/DEBUG] [mixin/]: Processing inject() for PlatformAgent[MixinPlatformAgentDefault:SecureJarResource(securitycraft)]
[05Jan2026 18:39:05.927] [main/DEBUG] [mixin/]: Processing inject() for PlatformAgent[MixinPlatformAgentDefault:SecureJarResource(mixinextras)]
[05Jan2026 18:39:05.927] [main/DEBUG] [mixin/]: Processing inject() for PlatformAgent[MixinPlatformAgentDefault:SecureJarResource(sophisticatedbackpacks)]
[05Jan2026 18:39:05.927] [main/DEBUG] [mixin/]: Processing inject() for PlatformAgent[MixinPlatformAgentDefault:SecureJarResource(coroutil)]
[05Jan2026 18:39:05.927] [main/DEBUG] [mixin/]: Processing inject() for PlatformAgent[MixinPlatformAgentDefault:SecureJarResource(carryon)]
[05Jan2026 18:39:05.927] [main/DEBUG] [mixin/]: Processing inject() for PlatformAgent[MixinPlatformAgentDefault:SecureJarResource(betterf3)]
[05Jan2026 18:39:05.927] [main/DEBUG] [mixin/]: Processing inject() for PlatformAgent[MixinPlatformAgentDefault:SecureJarResource(watut)]
[05Jan2026 18:39:05.927] [main/DEBUG] [mixin/]: Processing inject() for PlatformAgent[MixinPlatformAgentDefault:SecureJarResource(cloth_config)]
[05Jan2026 18:39:05.927] [main/DEBUG] [mixin/]: Processing inject() for PlatformAgent[MixinPlatformAgentDefault:SecureJarResource(voicechat)]
[05Jan2026 18:39:05.927] [main/DEBUG] [mixin/]: Processing inject() for PlatformAgent[MixinPlatformAgentDefault:SecureJarResource(forge)]
[05Jan2026 18:39:05.927] [main/DEBUG] [mixin/]: Processing inject() for PlatformAgent[MixinPlatformAgentDefault:SecureJarResource(zeta)]
[05Jan2026 18:39:05.927] [main/DEBUG] [mixin/]: Processing inject() for PlatformAgent[MixinPlatformAgentDefault:SecureJarResource(quark)]
[05Jan2026 18:39:05.927] [main/DEBUG] [mixin/]: Processing inject() for PlatformAgent[MixinPlatformAgentDefault:SecureJarResource(embeddium)]
[05Jan2026 18:39:05.928] [main/DEBUG] [mixin/]: Processing inject() for PlatformAgent[MixinPlatformAgentDefault:SecureJarResource(ironchest)]
[05Jan2026 18:39:05.928] [main/DEBUG] [mixin/]: Processing inject() for PlatformAgent[MixinPlatformAgentDefault:SecureJarResource(mclib)]
[05Jan2026 18:39:05.928] [main/DEBUG] [mixin/]: Processing inject() for PlatformAgent[MixinPlatformAgentDefault:SecureJarResource(MixinExtras)]
[05Jan2026 18:39:05.951] [main/DEBUG] [mixin/]: Error cleaning class output directory: .mixin.out
[05Jan2026 18:39:05.953] [main/DEBUG] [mixin/]: Preparing mixins for MixinEnvironment[PREINIT]
[05Jan2026 18:39:05.959] [main/INFO] [mixin/]: Successfully loaded Mixin Connector [de.maxhenkel.tradecycling.MixinConnector]
[05Jan2026 18:39:05.960] [main/INFO] [cpw.mods.modlauncher.LaunchServiceHandler/MODLAUNCHER]: Launching target 'forgeserver' with arguments [nogui]
[05Jan2026 18:39:05.963] [main/DEBUG] [mixin/]: Preparing mixins for MixinEnvironment[DEFAULT]
[05Jan2026 18:39:05.963] [main/DEBUG] [mixin/]: Selecting config farmersdelight.mixins.json
[05Jan2026 18:39:05.966] [main/DEBUG] [mixin/]: Selecting config mowziesmobs.mixins.json
[05Jan2026 18:39:05.968] [main/DEBUG] [mixin/]: Selecting config geckolib.mixins.json
[05Jan2026 18:39:05.969] [main/DEBUG] [mixin/]: Selecting config do_a_barrel_roll.mixins.json
[05Jan2026 18:39:05.970] [main/DEBUG] [mixin/]: Selecting config do_a_barrel_roll.forge.mixins.json
[05Jan2026 18:39:05.971] [main/DEBUG] [mixin/]: Selecting config xaerohud.mixins.json
[05Jan2026 18:39:05.972] [main/DEBUG] [mixin/]: Selecting config xaerohud.forge.mixins.json
[05Jan2026 18:39:05.973] [main/DEBUG] [mixin/]: Selecting config xaerominimap.mixins.json
[05Jan2026 18:39:05.973] [main/DEBUG] [mixin/]: Selecting config xaerominimap.forge.mixins.json
[05Jan2026 18:39:05.974] [main/DEBUG] [mixin/]: Selecting config xaeroworldmap.mixins.json
[05Jan2026 18:39:05.976] [main/DEBUG] [mixin/]: Selecting config xaeroworldmap.forge.mixins.json
[05Jan2026 18:39:05.977] [main/DEBUG] [mixin/]: Selecting config securitycraft.mixins.json
[05Jan2026 18:39:05.979] [main/DEBUG] [mixin/]: Selecting config mixinextras.init.mixins.json
[05Jan2026 18:39:06.027] [main/DEBUG] [MixinExtras|Service/]: com.llamalad7.mixinextras.service.MixinExtrasServiceImpl(version=0.3.5) is taking over from null
[05Jan2026 18:39:06.132] [main/DEBUG] [mixin/]: Registering new injector for @Inject with org.spongepowered.asm.mixin.injection.struct.CallbackInjectionInfo
[05Jan2026 18:39:06.134] [main/DEBUG] [mixin/]: Registering new injector for @ModifyArg with org.spongepowered.asm.mixin.injection.struct.ModifyArgInjectionInfo
[05Jan2026 18:39:06.135] [main/DEBUG] [mixin/]: Registering new injector for @ModifyArgs with org.spongepowered.asm.mixin.injection.struct.ModifyArgsInjectionInfo
[05Jan2026 18:39:06.136] [main/DEBUG] [mixin/]: Registering new injector for @Redirect with org.spongepowered.asm.mixin.injection.struct.RedirectInjectionInfo
[05Jan2026 18:39:06.138] [main/DEBUG] [mixin/]: Registering new injector for @ModifyVariable with org.spongepowered.asm.mixin.injection.struct.ModifyVariableInjectionInfo
[05Jan2026 18:39:06.139] [main/DEBUG] [mixin/]: Registering new injector for @ModifyConstant with org.spongepowered.asm.mixin.injection.struct.ModifyConstantInjectionInfo
[05Jan2026 18:39:06.148] [main/DEBUG] [mixin/]: Selecting config coroutil.mixins.json
[05Jan2026 18:39:06.150] [main/WARN] [mixin/]: Reference map 'coroutil.refmap.json' for coroutil.mixins.json could not be read. If this is a development environment you can ignore this message
[05Jan2026 18:39:06.150] [main/DEBUG] [mixin/]: Selecting config carryon.mixins.json
[05Jan2026 18:39:06.152] [main/DEBUG] [mixin/]: Selecting config carryon.forge.mixins.json
[05Jan2026 18:39:06.153] [main/DEBUG] [mixin/]: Selecting config betterf3.mixins.json
[05Jan2026 18:39:06.154] [main/DEBUG] [mixin/]: Selecting config betterf3.forge.mixins.json
[05Jan2026 18:39:06.156] [main/DEBUG] [mixin/]: Selecting config watut.mixins.json
[05Jan2026 18:39:06.160] [main/DEBUG] [mixin/]: Selecting config zeta.mixins.json
[05Jan2026 18:39:06.162] [main/DEBUG] [mixin/]: Selecting config zeta_forge.mixins.json
[05Jan2026 18:39:06.166] [main/DEBUG] [mixin/]: Selecting config quark.mixins.json
[05Jan2026 18:39:06.171] [main/DEBUG] [mixin/]: Selecting config quark_integrations.mixins.json
[05Jan2026 18:39:06.174] [main/DEBUG] [mixin/]: Selecting config embeddium.mixins.json
[05Jan2026 18:39:06.180] [main/INFO] [Embeddium/]: Loaded configuration file for Embeddium: 73 options available, 0 override(s) found
[05Jan2026 18:39:06.185] [main/DEBUG] [mixin/]: Selecting config trade_cycling.mixins.json
[05Jan2026 18:39:06.187] [main/DEBUG] [mixin/]: Preparing farmersdelight.mixins.json (10)
[05Jan2026 18:39:06.238] [main/DEBUG] [mixin/]: Preparing mowziesmobs.mixins.json (1)
[05Jan2026 18:39:06.245] [main/DEBUG] [mixin/]: Preparing geckolib.mixins.json (1)
[05Jan2026 18:39:06.245] [main/DEBUG] [mixin/]: Preparing do_a_barrel_roll.mixins.json (18)
[05Jan2026 18:39:06.347] [main/DEBUG] [mixin/]: Preparing do_a_barrel_roll.forge.mixins.json (1)
[05Jan2026 18:39:06.347] [main/DEBUG] [mixin/]: Preparing xaerohud.mixins.json (22)
[05Jan2026 18:39:06.382] [main/DEBUG] [mixin/]: Preparing xaerohud.forge.mixins.json (0)
[05Jan2026 18:39:06.382] [main/DEBUG] [mixin/]: Preparing xaerominimap.mixins.json (0)
[05Jan2026 18:39:06.382] [main/DEBUG] [mixin/]: Preparing xaerominimap.forge.mixins.json (0)
[05Jan2026 18:39:06.382] [main/DEBUG] [mixin/]: Preparing xaeroworldmap.mixins.json (12)
[05Jan2026 18:39:06.385] [main/DEBUG] [mixin/]: Preparing xaeroworldmap.forge.mixins.json (2)
[05Jan2026 18:39:06.385] [main/DEBUG] [mixin/]: Preparing securitycraft.mixins.json (24)
[05Jan2026 18:39:06.453] [main/DEBUG] [net.minecraftforge.coremod.transformer.CoreModBaseTransformer/COREMOD]: Transforming net/minecraft/world/level/levelgen/structure/templatesystem/StructureTemplate
[05Jan2026 18:39:06.757] [main/DEBUG] [mixin/]: Preparing mixinextras.init.mixins.json (0)
[05Jan2026 18:39:06.757] [main/DEBUG] [mixin/]: Preparing coroutil.mixins.json (0)
[05Jan2026 18:39:06.757] [main/DEBUG] [mixin/]: Preparing carryon.mixins.json (5)
[05Jan2026 18:39:06.763] [main/DEBUG] [mixin/]: Preparing carryon.forge.mixins.json (0)
[05Jan2026 18:39:06.763] [main/DEBUG] [mixin/]: Preparing betterf3.mixins.json (10)
[05Jan2026 18:39:06.763] [main/DEBUG] [mixin/]: Preparing betterf3.forge.mixins.json (1)
[05Jan2026 18:39:06.763] [main/DEBUG] [mixin/]: Preparing watut.mixins.json (9)
[05Jan2026 18:39:06.773] [main/DEBUG] [mixin/]: Preparing zeta.mixins.json (7)
[05Jan2026 18:39:06.791] [main/DEBUG] [mixin/]: Preparing zeta_forge.mixins.json (9)
[05Jan2026 18:39:06.821] [main/DEBUG] [mixin/]: Preparing quark.mixins.json (115)
[05Jan2026 18:39:07.027] [main/DEBUG] [net.minecraftforge.coremod.transformer.CoreModBaseTransformer/COREMOD]: Transforming net/minecraft/world/item/ItemStack
[05Jan2026 18:39:07.087] [main/DEBUG] [net.minecraftforge.coremod.transformer.CoreModBaseTransformer/COREMOD]: Transforming net/minecraft/world/entity/npc/Villager
[05Jan2026 18:39:07.262] [main/DEBUG] [mixin/]: Preparing quark_integrations.mixins.json (1)
[05Jan2026 18:39:07.265] [main/WARN] [mixin/]: Error loading class: noobanidus/mods/lootr/config/ConfigManager (java.lang.ClassNotFoundException: noobanidus.mods.lootr.config.ConfigManager)
[05Jan2026 18:39:07.265] [main/WARN] [mixin/]: @Mixin target noobanidus.mods.lootr.config.ConfigManager was not found quark_integrations.mixins.json:lootr.ConfigManagerMixin
[05Jan2026 18:39:07.266] [main/DEBUG] [mixin/]: Preparing embeddium.mixins.json (0)
[05Jan2026 18:39:07.266] [main/DEBUG] [mixin/]: Preparing trade_cycling.mixins.json (3)
[05Jan2026 18:39:07.447] [main/DEBUG] [mixin/]: Prepared 134 mixins in 1.483 sec (11.1ms avg) (0ms load, 0ms transform, 0ms plugin)
[05Jan2026 18:39:07.461] [main/INFO] [MixinExtras|Service/]: Initializing MixinExtras via com.llamalad7.mixinextras.service.MixinExtrasServiceImpl(version=0.3.5).
[05Jan2026 18:39:07.462] [main/DEBUG] [mixin/]: Registering new injector for @SugarWrapper with com.llamalad7.mixinextras.sugar.impl.SugarWrapperInjectionInfo
[05Jan2026 18:39:07.462] [main/DEBUG] [mixin/]: Registering new injector for @FactoryRedirectWrapper with com.llamalad7.mixinextras.wrapper.factory.FactoryRedirectWrapperInjectionInfo
[05Jan2026 18:39:07.467] [main/DEBUG] [mixin/]: Mixing MixinMinecraftServer from xaerohud.mixins.json into net.minecraft.server.MinecraftServer
[05Jan2026 18:39:07.475] [main/DEBUG] [mixin/]: Mixing MixinMinecraftServer from xaeroworldmap.mixins.json into net.minecraft.server.MinecraftServer
[05Jan2026 18:39:07.553] [main/DEBUG] [io.netty.util.internal.logging.InternalLoggerFactory/]: Using SLF4J as the default logging framework
[05Jan2026 18:39:07.554] [main/DEBUG] [io.netty.util.ResourceLeakDetector/]: -Dio.netty.leakDetection.level: simple
[05Jan2026 18:39:07.554] [main/DEBUG] [io.netty.util.ResourceLeakDetector/]: -Dio.netty.leakDetection.targetRecords: 4
[05Jan2026 18:39:07.826] [main/WARN] [net.minecraft.SystemReport/]: Failed retrieving info for group hardware
java.lang.NoClassDefFoundError: com/sun/jna/Platform
	at oshi.SystemInfo.<clinit>(SystemInfo.java:60) ~[oshi-core-6.2.2.jar%2369!/:6.2.2]
	at net.minecraft.SystemReport.m_143564_(SystemReport.java:52) ~[server-1.20.1-20230612.114412-srg.jar%23145!/:?]
	at net.minecraft.SystemReport.m_143516_(SystemReport.java:82) ~[server-1.20.1-20230612.114412-srg.jar%23145!/:?]
	at net.minecraft.SystemReport.<init>(SystemReport.java:52) ~[server-1.20.1-20230612.114412-srg.jar%23145!/:?]
	at net.minecraft.CrashReport.<init>(CrashReport.java:31) ~[server-1.20.1-20230612.114412-srg.jar%23145!/:?]
	at net.minecraft.CrashReport.m_127529_(CrashReport.java:216) ~[server-1.20.1-20230612.114412-srg.jar%23145!/:?]
	at net.minecraft.server.Main.main(Main.java:116) ~[server-1.20.1-20230612.114412-srg.jar%23145!/:?]
	at jdk.internal.reflect.NativeMethodAccessorImpl.invoke0(Native Method) ~[?:?]
	at jdk.internal.reflect.NativeMethodAccessorImpl.invoke(NativeMethodAccessorImpl.java:77) ~[?:?]
	at jdk.internal.reflect.DelegatingMethodAccessorImpl.invoke(DelegatingMethodAccessorImpl.java:43) ~[?:?]
	at java.lang.reflect.Method.invoke(Method.java:569) ~[?:?]
	at net.minecraftforge.fml.loading.targets.CommonLaunchHandler.runTarget(CommonLaunchHandler.java:111) ~[fmlloader-1.20.1-47.3.7.jar%2367!/:?]
	at net.minecraftforge.fml.loading.targets.CommonLaunchHandler.serverService(CommonLaunchHandler.java:103) ~[fmlloader-1.20.1-47.3.7.jar%2367!/:?]
	at net.minecraftforge.fml.loading.targets.CommonServerLaunchHandler.lambda$makeService$0(CommonServerLaunchHandler.java:27) ~[fmlloader-1.20.1-47.3.7.jar%2367!/:?]
	at cpw.mods.modlauncher.LaunchServiceHandlerDecorator.launch(LaunchServiceHandlerDecorator.java:30) ~[modlauncher-10.0.9.jar%2353!/:?]
	at cpw.mods.modlauncher.LaunchServiceHandler.launch(LaunchServiceHandler.java:53) ~[modlauncher-10.0.9.jar%2353!/:?]
	at cpw.mods.modlauncher.LaunchServiceHandler.launch(LaunchServiceHandler.java:71) ~[modlauncher-10.0.9.jar%2353!/:?]
	at cpw.mods.modlauncher.Launcher.run(Launcher.java:108) ~[modlauncher-10.0.9.jar%2353!/:?]
	at cpw.mods.modlauncher.Launcher.main(Launcher.java:78) ~[modlauncher-10.0.9.jar%2353!/:?]
	at cpw.mods.modlauncher.BootstrapLaunchConsumer.accept(BootstrapLaunchConsumer.java:26) ~[modlauncher-10.0.9.jar%2353!/:?]
	at cpw.mods.modlauncher.BootstrapLaunchConsumer.accept(BootstrapLaunchConsumer.java:23) ~[modlauncher-10.0.9.jar%2353!/:?]
	at cpw.mods.bootstraplauncher.BootstrapLauncher.main(BootstrapLauncher.java:141) ~[bootstraplauncher-1.1.2.jar:?]
Caused by: java.lang.ClassNotFoundException: com.sun.jna.Platform
	at jdk.internal.loader.BuiltinClassLoader.loadClass(BuiltinClassLoader.java:641) ~[?:?]
	at java.lang.ClassLoader.loadClass(ClassLoader.java:525) ~[?:?]
	at cpw.mods.cl.ModuleClassLoader.loadClass(ModuleClassLoader.java:137) ~[securejarhandler-2.1.10.jar:?]
	at java.lang.ClassLoader.loadClass(ClassLoader.java:525) ~[?:?]
	... 22 more
[05Jan2026 18:39:08.076] [main/DEBUG] [mixin/]: Mixing BlockBehaviourMixin from quark.mixins.json into net.minecraft.world.level.block.state.BlockBehaviour
[05Jan2026 18:39:08.132] [main/DEBUG] [mixin/]: Mixing BlockBehaviorUse from watut.mixins.json into net.minecraft.world.level.block.state.BlockBehaviour$BlockStateBase
[05Jan2026 18:39:08.170] [main/DEBUG] [mixin/]: Mixing roll.entity.EntityMixin from do_a_barrel_roll.mixins.json into net.minecraft.world.entity.Entity
[05Jan2026 18:39:08.171] [main/DEBUG] [mixin/]: Mixing EntityMixin from carryon.mixins.json into net.minecraft.world.entity.Entity
[05Jan2026 18:39:08.191] [main/DEBUG] [mixin/]: Mixing EntityMixin from quark.mixins.json into net.minecraft.world.entity.Entity
[05Jan2026 18:39:08.273] [main/DEBUG] [mixin/]: Mixing LivingEntityMixin from do_a_barrel_roll.mixins.json into net.minecraft.world.entity.LivingEntity
[05Jan2026 18:39:08.281] [main/DEBUG] [mixin/]: Mixing roll.entity.LivingEntityMixin from do_a_barrel_roll.mixins.json into net.minecraft.world.entity.LivingEntity
[05Jan2026 18:39:08.281] [main/DEBUG] [mixin/]: Mixing accessor.AccessorLivingEntity from quark.mixins.json into net.minecraft.world.entity.LivingEntity
[05Jan2026 18:39:08.395] [main/DEBUG] [mixin/]: Mixing roll.entity.PlayerEntityMixin from do_a_barrel_roll.mixins.json into net.minecraft.world.entity.player.Player
[05Jan2026 18:39:08.405] [main/DEBUG] [mixin/]: Mixing PlayerMixin from carryon.mixins.json into net.minecraft.world.entity.player.Player
[05Jan2026 18:39:08.426] [main/DEBUG] [net.minecraftforge.coremod.transformer.CoreModBaseTransformer/COREMOD]: Transforming net/minecraft/world/entity/EntityType
[05Jan2026 18:39:08.550] [main/DEBUG] [mixin/]: Mixing ItemMixin from quark.mixins.json into net.minecraft.world.item.Item
[05Jan2026 18:39:08.562] [main/DEBUG] [mixin/]: Mixing IForgeItemMixin from quark.mixins.json into net.minecraftforge.common.extensions.IForgeItem
[05Jan2026 18:39:08.569] [main/DEBUG] [net.minecraftforge.coremod.transformer.CoreModBaseTransformer/COREMOD]: Transforming net/minecraft/world/entity/EntityType
[05Jan2026 18:39:08.651] [main/DEBUG] [mixin/]: Mixing EnchantmentMixin from quark.mixins.json into net.minecraft.world.item.enchantment.Enchantment
[05Jan2026 18:39:08.701] [main/DEBUG] [mixin/]: Mixing KeepRichSoilGiantTreeMixin from farmersdelight.mixins.json into net.minecraft.world.level.levelgen.feature.Feature
[05Jan2026 18:39:08.701] [main/DEBUG] [mixin/]: Renaming synthetic method lambda$keepRichSoil$0(Lnet/minecraft/world/level/block/state/BlockState;)Z to md6644f7$lambda$keepRichSoil$0$0 in farmersdelight.mixins.json:KeepRichSoilGiantTreeMixin
[05Jan2026 18:39:08.736] [main/DEBUG] [mixin/]: Mixing CreativeModeTabsMixin from quark.mixins.json into net.minecraft.world.item.CreativeModeTabs
[05Jan2026 18:39:08.736] [main/DEBUG] [mixin/]: Renaming synthetic method lambda$quark$filterEnchantments2$1(Lnet/minecraft/world/item/enchantment/Enchantment;)Z to md6644f7$lambda$quark$filterEnchantments2$1$0 in quark.mixins.json:CreativeModeTabsMixin
[05Jan2026 18:39:08.737] [main/DEBUG] [mixin/]: Renaming synthetic method lambda$quark$filterEnchantments$0(Lnet/minecraft/world/item/enchantment/Enchantment;)Z to md6644f7$lambda$quark$filterEnchantments$0$1 in quark.mixins.json:CreativeModeTabsMixin
[05Jan2026 18:39:09.039] [main/DEBUG] [net.minecraftforge.coremod.transformer.CoreModBaseTransformer/COREMOD]: Transforming net/minecraft/world/level/block/LiquidBlock
[05Jan2026 18:39:09.059] [main/DEBUG] [mixin/]: Mixing SpongeBlockMixin from quark.mixins.json into net.minecraft.world.level.block.SpongeBlock
[05Jan2026 18:39:09.092] [main/DEBUG] [mixin/]: Mixing HalfTransparentBlockMixin from quark.mixins.json into net.minecraft.world.level.block.HalfTransparentBlock
[05Jan2026 18:39:09.109] [main/DEBUG] [mixin/]: Mixing CuttingBoardDispenserMixin from farmersdelight.mixins.json into net.minecraft.world.level.block.DispenserBlock
[05Jan2026 18:39:09.127] [main/DEBUG] [mixin/]: Mixing PistonBaseBlockMixin from zeta.mixins.json into net.minecraft.world.level.block.piston.PistonBaseBlock
[05Jan2026 18:39:09.129] [main/DEBUG] [mixin/]: Mixing PistonBaseBlockMixin from quark.mixins.json into net.minecraft.world.level.block.piston.PistonBaseBlock
[05Jan2026 18:39:09.260] [main/DEBUG] [net.minecraftforge.coremod.transformer.CoreModBaseTransformer/COREMOD]: Transforming net/minecraft/world/level/block/StairBlock
[05Jan2026 18:39:09.272] [main/DEBUG] [mixin/]: Mixing KeepRichSoilUntrampledMixin from farmersdelight.mixins.json into net.minecraft.world.level.block.FarmBlock
[05Jan2026 18:39:09.280] [main/DEBUG] [mixin/]: Mixing LadderBlockMixin from quark.mixins.json into net.minecraft.world.level.block.LadderBlock
[05Jan2026 18:39:09.292] [main/DEBUG] [mixin/]: Mixing CeilingHangingSignBlockMixin from quark.mixins.json into net.minecraft.world.level.block.CeilingHangingSignBlock
[05Jan2026 18:39:09.324] [main/DEBUG] [mixin/]: Mixing IronBarsBlockMixin from quark.mixins.json into net.minecraft.world.level.block.IronBarsBlock
[05Jan2026 18:39:09.351] [main/DEBUG] [mixin/]: Mixing TripWireHookBlockMixin from quark.mixins.json into net.minecraft.world.level.block.TripWireHookBlock
[05Jan2026 18:39:09.361] [main/DEBUG] [mixin/]: Mixing WallBlockMixin from quark.mixins.json into net.minecraft.world.level.block.WallBlock
[05Jan2026 18:39:09.366] [main/DEBUG] [net.minecraftforge.coremod.transformer.CoreModBaseTransformer/COREMOD]: Transforming net/minecraft/world/level/block/FlowerPotBlock
[05Jan2026 18:39:09.406] [main/DEBUG] [mixin/]: Mixing ConcretePowderBlockMixin from quark.mixins.json into net.minecraft.world.level.block.ConcretePowderBlock
[05Jan2026 18:39:09.421] [main/DEBUG] [mixin/]: Mixing BaseCoralPlantTypeBlockMixin from quark.mixins.json into net.minecraft.world.level.block.BaseCoralPlantTypeBlock
[05Jan2026 18:39:09.432] [main/DEBUG] [mixin/]: Mixing reinforced.BubbleColumnBlockMixin from securitycraft.mixins.json into net.minecraft.world.level.block.BubbleColumnBlock
[05Jan2026 18:39:09.466] [main/DEBUG] [mixin/]: Mixing LanternBlockMixin from quark.mixins.json into net.minecraft.world.level.block.LanternBlock
[05Jan2026 18:39:09.469] [main/DEBUG] [mixin/]: Mixing CampfireBaleMixin from farmersdelight.mixins.json into net.minecraft.world.level.block.CampfireBlock
[05Jan2026 18:39:09.499] [main/DEBUG] [mixin/]: Mixing WeatheringCopperMixin from zeta_forge.mixins.json into net.minecraft.world.level.block.WeatheringCopper
[05Jan2026 18:39:09.521] [main/DEBUG] [mixin/]: Mixing BlockBehaviourMixin from mowziesmobs.mixins.json into net.minecraft.world.level.block.state.BlockBehaviour$Properties
[05Jan2026 18:39:09.668] [main/DEBUG] [mixin/]: Mixing FallingBlockEntityMixin from quark.mixins.json into net.minecraft.world.entity.item.FallingBlockEntity
[05Jan2026 18:39:09.945] [main/DEBUG] [mixin/]: Mixing AccessorPistonStructureResolver from zeta.mixins.json into net.minecraft.world.level.block.piston.PistonStructureResolver
[05Jan2026 18:39:09.969] [main/DEBUG] [mixin/]: Mixing PistonMovingBlockEntityMixin from quark.mixins.json into net.minecraft.world.level.block.piston.PistonMovingBlockEntity
[05Jan2026 18:39:10.004] [main/DEBUG] [mixin/]: Mixing KeepRichSoilTreeMixin from farmersdelight.mixins.json into net.minecraft.world.level.levelgen.feature.trunkplacers.TrunkPlacer
[05Jan2026 18:39:10.004] [main/DEBUG] [mixin/]: Renaming synthetic method lambda$cancelSetDirtIfRichSoil$0(Lnet/minecraft/world/level/block/state/BlockState;)Z to md6644f7$lambda$cancelSetDirtIfRichSoil$0$0 in farmersdelight.mixins.json:KeepRichSoilTreeMixin
[05Jan2026 18:39:10.150] [main/DEBUG] [mixin/]: Mixing SpawnerBlockEntityMixin from quark.mixins.json into net.minecraft.world.level.block.entity.SpawnerBlockEntity
[05Jan2026 18:39:10.322] [main/DEBUG] [mixin/]: Mixing AbstractContainerMenuDoClick from watut.mixins.json into net.minecraft.world.inventory.AbstractContainerMenu
[05Jan2026 18:39:10.395] [main/DEBUG] [net.minecraftforge.coremod.transformer.CoreModBaseTransformer/COREMOD]: Transforming net/minecraft/world/item/ItemStack
[05Jan2026 18:39:10.396] [main/DEBUG] [mixin/]: Mixing ItemStackMixin from quark.mixins.json into net.minecraft.world.item.ItemStack
[05Jan2026 18:39:10.506] [main/DEBUG] [mixin/]: Mixing accessor.AccessorAbstractArrow from quark.mixins.json into net.minecraft.world.entity.projectile.AbstractArrow
[05Jan2026 18:39:10.731] [main/DEBUG] [mixin/]: Mixing BeaconBlockEntityMixin from quark.mixins.json into net.minecraft.world.level.block.entity.BeaconBlockEntity
[05Jan2026 18:39:10.849] [main/DEBUG] [mixin/]: Mixing AnvilMenuMixin from quark.mixins.json into net.minecraft.world.inventory.AnvilMenu
[05Jan2026 18:39:11.085] [main/DEBUG] [mixin/]: Mixing AnimalMixin from quark.mixins.json into net.minecraft.world.entity.animal.Animal
[05Jan2026 18:39:11.453] [main/DEBUG] [mixin/]: Mixing LoomMenuMixin from quark.mixins.json into net.minecraft.world.inventory.LoomMenu
[05Jan2026 18:39:11.507] [main/DEBUG] [mixin/]: Mixing BeehiveBlockEntityMixin from quark.mixins.json into net.minecraft.world.level.block.entity.BeehiveBlockEntity
[05Jan2026 18:39:11.647] [main/DEBUG] [mixin/]: Mixing LightningBoltMixin from quark.mixins.json into net.minecraft.world.entity.LightningBolt
[05Jan2026 18:39:11.718] [main/DEBUG] [net.minecraftforge.coremod.transformer.CoreModBaseTransformer/COREMOD]: Transforming net/minecraft/world/entity/animal/frog/Tadpole
[05Jan2026 18:39:11.744] [main/DEBUG] [mixin/]: Mixing BlockItemMixin from quark.mixins.json into net.minecraft.world.item.BlockItem
[05Jan2026 18:39:11.746] [main/DEBUG] [mixin/]: Mixing accessor.AccessorBlockItem from quark.mixins.json into net.minecraft.world.item.BlockItem
[05Jan2026 18:39:11.753] [main/DEBUG] [mixin/]: Mixing ElytraItemMixin from quark.mixins.json into net.minecraft.world.item.ElytraItem
[05Jan2026 18:39:11.755] [main/DEBUG] [mixin/]: Mixing boat.BoatItemMixin from securitycraft.mixins.json into net.minecraft.world.item.BoatItem
[05Jan2026 18:39:11.763] [main/DEBUG] [mixin/]: Mixing reinforced.SwordAndShearsItemMixin from securitycraft.mixins.json into net.minecraft.world.item.SwordItem
[05Jan2026 18:39:11.767] [main/DEBUG] [mixin/]: Mixing DiggerItemMixin from quark.mixins.json into net.minecraft.world.item.DiggerItem
[05Jan2026 18:39:11.771] [main/DEBUG] [mixin/]: Mixing SoupItemMixin from farmersdelight.mixins.json into net.minecraft.world.item.BowlFoodItem
[05Jan2026 18:39:11.793] [main/DEBUG] [net.minecraftforge.coremod.transformer.CoreModBaseTransformer/COREMOD]: Transforming net/minecraft/world/item/BucketItem
[05Jan2026 18:39:11.808] [main/DEBUG] [mixin/]: Mixing reinforced.SwordAndShearsItemMixin from securitycraft.mixins.json into net.minecraft.world.item.ShearsItem
[05Jan2026 18:39:11.809] [main/DEBUG] [mixin/]: Mixing ShearsItemMixin from quark.mixins.json into net.minecraft.world.item.ShearsItem
[05Jan2026 18:39:11.817] [main/DEBUG] [mixin/]: Mixing reinforced.WritableAndWrittenBookItemMixin from securitycraft.mixins.json into net.minecraft.world.item.WritableBookItem
[05Jan2026 18:39:11.828] [main/DEBUG] [mixin/]: Mixing reinforced.WritableAndWrittenBookItemMixin from securitycraft.mixins.json into net.minecraft.world.item.WrittenBookItem
[05Jan2026 18:39:11.850] [main/DEBUG] [mixin/]: Mixing CrossbowMultishotMixin from quark.mixins.json into net.minecraft.world.item.CrossbowItem
[05Jan2026 18:39:11.861] [main/DEBUG] [mixin/]: Mixing suspiciousmines.BrushItemMixin from securitycraft.mixins.json into net.minecraft.world.item.BrushItem
[05Jan2026 18:39:11.861] [main/DEBUG] [mixin/]: Renaming synthetic method lambda$securitycraft$checkForSuspiciousMine$1(Lnet/minecraft/world/entity/player/Player;)V to md6644f7$lambda$securitycraft$checkForSuspiciousMine$1$0 in securitycraft.mixins.json:suspiciousmines.BrushItemMixin
[05Jan2026 18:39:11.861] [main/DEBUG] [mixin/]: Renaming synthetic method lambda$securitycraft$makeSuspiciousMinesBrushablePartTwo$0(Lnet/minecraft/world/entity/Entity;)Z to md6644f7$lambda$securitycraft$makeSuspiciousMinesBrushablePartTwo$0$1 in securitycraft.mixins.json:suspiciousmines.BrushItemMixin
[05Jan2026 18:39:12.686] [main/DEBUG] [mixin/]: Mixing ArmorStandMixin from quark.mixins.json into net.minecraft.world.entity.decoration.ArmorStand
[05Jan2026 18:39:12.699] [main/DEBUG] [mixin/]: Mixing ExperienceOrbMixin from quark.mixins.json into net.minecraft.world.entity.ExperienceOrb
[05Jan2026 18:39:12.711] [main/DEBUG] [mixin/]: Mixing TemptGoalMixin from quark.mixins.json into net.minecraft.world.entity.ai.goal.TemptGoal
[05Jan2026 18:39:12.735] [main/DEBUG] [mixin/]: Mixing boat.BoatMixin from securitycraft.mixins.json into net.minecraft.world.entity.vehicle.Boat
[05Jan2026 18:39:12.735] [main/DEBUG] [mixin/]: Mixing BoatMixin from quark.mixins.json into net.minecraft.world.entity.vehicle.Boat
[05Jan2026 18:39:12.767] [main/DEBUG] [net.minecraftforge.coremod.transformer.CoreModBaseTransformer/COREMOD]: Transforming net/minecraft/world/entity/monster/Spider
[05Jan2026 18:39:12.818] [main/DEBUG] [mixin/]: Mixing accessor.AccessorAbstractChestedHorse from quark.mixins.json into net.minecraft.world.entity.animal.horse.AbstractChestedHorse
[05Jan2026 18:39:12.829] [main/DEBUG] [net.minecraftforge.coremod.transformer.CoreModBaseTransformer/COREMOD]: Transforming net/minecraft/world/entity/monster/Zombie
[05Jan2026 18:39:12.895] [main/DEBUG] [net.minecraftforge.coremod.transformer.CoreModBaseTransformer/COREMOD]: Transforming net/minecraft/world/entity/monster/ZombieVillager
[05Jan2026 18:39:12.968] [main/DEBUG] [net.minecraftforge.coremod.transformer.CoreModBaseTransformer/COREMOD]: Transforming net/minecraft/world/entity/monster/Evoker$EvokerSummonSpellGoal
[05Jan2026 18:39:13.047] [main/DEBUG] [mixin/]: Mixing SlimeMixin from quark.mixins.json into net.minecraft.world.entity.monster.Slime
[05Jan2026 18:39:13.079] [main/DEBUG] [mixin/]: Mixing PigMixin from quark.mixins.json into net.minecraft.world.entity.animal.Pig
[05Jan2026 18:39:13.097] [main/DEBUG] [mixin/]: Mixing RabbitsEatCabbageMixin from farmersdelight.mixins.json into net.minecraft.world.entity.animal.Rabbit
[05Jan2026 18:39:13.116] [main/DEBUG] [net.minecraftforge.coremod.transformer.CoreModBaseTransformer/COREMOD]: Transforming net/minecraft/world/entity/animal/horse/SkeletonTrapGoal
[05Jan2026 18:39:13.133] [main/DEBUG] [net.minecraftforge.coremod.transformer.CoreModBaseTransformer/COREMOD]: Transforming net/minecraft/world/entity/monster/Strider
[05Jan2026 18:39:13.197] [main/DEBUG] [mixin/]: Mixing MixinServerPlayer from xaerohud.mixins.json into net.minecraft.server.level.ServerPlayer
[05Jan2026 18:39:13.198] [main/DEBUG] [mixin/]: Mixing MixinServerPlayer from xaeroworldmap.mixins.json into net.minecraft.server.level.ServerPlayer
[05Jan2026 18:39:13.199] [main/DEBUG] [mixin/]: Mixing camera.ServerPlayerMixin from securitycraft.mixins.json into net.minecraft.server.level.ServerPlayer
[05Jan2026 18:39:13.226] [main/DEBUG] [mixin/]: Mixing TemptingSensorMixin from quark.mixins.json into net.minecraft.world.entity.ai.sensing.TemptingSensor
[05Jan2026 18:39:13.227] [main/DEBUG] [mixin/]: Mixing accessor.AccessorTemptingSensor from quark.mixins.json into net.minecraft.world.entity.ai.sensing.TemptingSensor
[05Jan2026 18:39:13.238] [main/DEBUG] [mixin/]: Mixing accessor.AccessorChunkAccess from quark.mixins.json into net.minecraft.world.level.chunk.ChunkAccess
[05Jan2026 18:39:13.257] [main/DEBUG] [net.minecraftforge.coremod.transformer.CoreModBaseTransformer/COREMOD]: Transforming net/minecraft/world/entity/npc/Villager
[05Jan2026 18:39:13.321] [main/DEBUG] [mixin/]: Mixing VillagerMixin from quark.mixins.json into net.minecraft.world.entity.npc.Villager
[05Jan2026 18:39:13.322] [main/DEBUG] [mixin/]: Mixing VillagerAccessor from trade_cycling.mixins.json into net.minecraft.world.entity.npc.Villager
[05Jan2026 18:39:13.330] [main/DEBUG] [mixin/]: Mixing AbstractVillagerMixin from quark.mixins.json into net.minecraft.world.entity.npc.AbstractVillager
[05Jan2026 18:39:13.337] [main/DEBUG] [mixin/]: Mixing MerchantMenuMixin from quark.mixins.json into net.minecraft.world.inventory.MerchantMenu
[05Jan2026 18:39:13.338] [main/DEBUG] [mixin/]: Mixing MerchantMenuAccessor from trade_cycling.mixins.json into net.minecraft.world.inventory.MerchantMenu
[05Jan2026 18:39:13.367] [main/DEBUG] [mixin/]: Mixing IngredientMixin from zeta_forge.mixins.json into net.minecraft.world.item.crafting.Ingredient
[05Jan2026 18:39:13.375] [main/DEBUG] [net.minecraftforge.coremod.transformer.CoreModBaseTransformer/COREMOD]: Transforming net/minecraft/world/effect/MobEffectInstance
[05Jan2026 18:39:13.402] [main/DEBUG] [mixin/]: Mixing passcode.ServerGamePacketListenerImplMixin from securitycraft.mixins.json into net.minecraft.server.network.ServerGamePacketListenerImpl
[05Jan2026 18:39:13.403] [main/DEBUG] [mixin/]: Mixing accessor.AccessorServerGamePacketListener from quark.mixins.json into net.minecraft.server.network.ServerGamePacketListenerImpl
[05Jan2026 18:39:13.418] [main/DEBUG] [mixin/]: Mixing AccessorPotionBrewing from zeta_forge.mixins.json into net.minecraft.world.item.alchemy.PotionBrewing
[05Jan2026 18:39:13.419] [main/DEBUG] [mixin/]: Renaming @Accessor method zeta$getPotionMixes()Ljava/util/List; to zeta$getPotionMixes_$md$6644f7$0 in zeta_forge.mixins.json:AccessorPotionBrewing
[05Jan2026 18:39:13.455] [main/DEBUG] [mixin/]: Mixing DamageEnchantmentMixin from quark.mixins.json into net.minecraft.world.item.enchantment.DamageEnchantment
[05Jan2026 18:39:13.462] [main/DEBUG] [mixin/]: Mixing ArrowPiercingEnchantmentMixin from quark.mixins.json into net.minecraft.world.item.enchantment.ArrowPiercingEnchantment
[05Jan2026 18:39:13.477] [main/DEBUG] [mixin/]: Mixing potion.BrewingStandMenuMixin from securitycraft.mixins.json into net.minecraft.world.inventory.BrewingStandMenu
[05Jan2026 18:39:13.524] [main/DEBUG] [mixin/]: Mixing InventoryMixin from carryon.mixins.json into net.minecraft.world.entity.player.Inventory
[05Jan2026 18:39:13.555] [main/DEBUG] [mixin/]: Mixing BannerDuplicateRecipeMixin from quark.mixins.json into net.minecraft.world.item.crafting.BannerDuplicateRecipe
[05Jan2026 18:39:13.625] [main/DEBUG] [mixin/]: Mixing EnchantRandomlyFunctionMixin from quark.mixins.json into net.minecraft.world.level.storage.loot.functions.EnchantRandomlyFunction
[05Jan2026 18:39:13.725] [main/DEBUG] [mixin/]: Mixing SpringFeatureMixin from quark.mixins.json into net.minecraft.world.level.levelgen.feature.SpringFeature
[05Jan2026 18:39:13.730] [main/DEBUG] [mixin/]: Mixing HugeRedMushroomFeatureMixin from quark.mixins.json into net.minecraft.world.level.levelgen.feature.HugeRedMushroomFeature
[05Jan2026 18:39:13.733] [main/DEBUG] [mixin/]: Mixing HugeBrownMushroomFeatureMixin from quark.mixins.json into net.minecraft.world.level.levelgen.feature.HugeBrownMushroomFeature
[05Jan2026 18:39:13.841] [main/DEBUG] [net.minecraftforge.coremod.transformer.CoreModBaseTransformer/COREMOD]: Transforming net/minecraft/world/level/levelgen/structure/Structure
[05Jan2026 18:39:13.850] [main/DEBUG] [mixin/]: Mixing StructurePieceMixin from zeta.mixins.json into net.minecraft.world.level.levelgen.structure.StructurePiece
[05Jan2026 18:39:13.862] [main/DEBUG] [mixin/]: Mixing NetherFortressPiecesMixin$CastleEntranceMixin from quark.mixins.json into net.minecraft.world.level.levelgen.structure.structures.NetherFortressPieces$CastleEntrance
[05Jan2026 18:39:13.884] [main/DEBUG] [net.minecraftforge.coremod.transformer.CoreModBaseTransformer/COREMOD]: Transforming net/minecraft/world/level/levelgen/structure/structures/OceanRuinPieces$OceanRuinPiece
[05Jan2026 18:39:13.895] [main/DEBUG] [net.minecraftforge.coremod.transformer.CoreModBaseTransformer/COREMOD]: Transforming net/minecraft/world/level/levelgen/structure/structures/SwampHutPiece
[05Jan2026 18:39:13.906] [main/DEBUG] [net.minecraftforge.coremod.transformer.CoreModBaseTransformer/COREMOD]: Transforming net/minecraft/world/level/levelgen/structure/structures/OceanMonumentPieces$OceanMonumentPiece
[05Jan2026 18:39:13.923] [main/DEBUG] [net.minecraftforge.coremod.transformer.CoreModBaseTransformer/COREMOD]: Transforming net/minecraft/world/level/levelgen/structure/structures/WoodlandMansionPieces$WoodlandMansionPiece
[05Jan2026 18:39:14.017] [main/DEBUG] [net.minecraftforge.coremod.transformer.CoreModBaseTransformer/COREMOD]: Transforming net/minecraft/world/level/biome/Biome
[05Jan2026 18:39:14.053] [main/DEBUG] [mixin/]: Mixing ClimateParameterPointMixin from quark.mixins.json into net.minecraft.world.level.biome.Climate$ParameterPoint
[05Jan2026 18:39:14.186] [main/DEBUG] [mixin/]: Mixing accessor.AccessorSinglePoolElement from quark.mixins.json into net.minecraft.world.level.levelgen.structure.pools.SinglePoolElement
[05Jan2026 18:39:14.288] [main/DEBUG] [net.minecraftforge.common.ForgeI18n/CORE]: Loading I18N data entries: 6430
[05Jan2026 18:39:14.303] [main/DEBUG] [net.minecraftforge.fml.ModWorkManager/LOADING]: Using 4 threads for parallel mod-loading
[05Jan2026 18:39:14.309] [main/DEBUG] [net.minecraftforge.fml.javafmlmod.FMLJavaModLanguageProvider/LOADING]: Loading FMLModContainer from classloader cpw.mods.modlauncher.TransformingClassLoader@c689973 - got cpw.mods.cl.ModuleClassLoader@43b0ade
[05Jan2026 18:39:14.310] [main/DEBUG] [net.minecraftforge.fml.javafmlmod.FMLModContainer/LOADING]: Creating FMLModContainer instance for slimeknights.tconstruct.TConstruct
[05Jan2026 18:39:14.315] [main/DEBUG] [net.minecraftforge.fml.javafmlmod.FMLJavaModLanguageProvider/LOADING]: Loading FMLModContainer from classloader cpw.mods.modlauncher.TransformingClassLoader@c689973 - got cpw.mods.cl.ModuleClassLoader@43b0ade
[05Jan2026 18:39:14.315] [main/DEBUG] [net.minecraftforge.fml.javafmlmod.FMLModContainer/LOADING]: Creating FMLModContainer instance for vectorwing.farmersdelight.FarmersDelight
[05Jan2026 18:39:14.316] [main/DEBUG] [net.minecraftforge.fml.javafmlmod.FMLJavaModLanguageProvider/LOADING]: Loading FMLModContainer from classloader cpw.mods.modlauncher.TransformingClassLoader@c689973 - got cpw.mods.cl.ModuleClassLoader@43b0ade
[05Jan2026 18:39:14.316] [main/DEBUG] [net.minecraftforge.fml.javafmlmod.FMLModContainer/LOADING]: Creating FMLModContainer instance for de.maxhenkel.tradecycling.ForgeTradeCyclingMod
[05Jan2026 18:39:14.317] [main/DEBUG] [net.minecraftforge.fml.javafmlmod.FMLJavaModLanguageProvider/LOADING]: Loading FMLModContainer from classloader cpw.mods.modlauncher.TransformingClassLoader@c689973 - got cpw.mods.cl.ModuleClassLoader@43b0ade
[05Jan2026 18:39:14.317] [main/DEBUG] [net.minecraftforge.fml.javafmlmod.FMLModContainer/LOADING]: Creating FMLModContainer instance for com.bobmowzie.mowziesmobs.MowziesMobs
[05Jan2026 18:39:14.317] [main/DEBUG] [net.minecraftforge.fml.javafmlmod.FMLJavaModLanguageProvider/LOADING]: Loading FMLModContainer from classloader cpw.mods.modlauncher.TransformingClassLoader@c689973 - got cpw.mods.cl.ModuleClassLoader@43b0ade
[05Jan2026 18:39:14.317] [main/DEBUG] [net.minecraftforge.fml.javafmlmod.FMLModContainer/LOADING]: Creating FMLModContainer instance for software.bernie.example.GeckoLibMod
[05Jan2026 18:39:14.318] [main/DEBUG] [net.minecraftforge.fml.javafmlmod.FMLJavaModLanguageProvider/LOADING]: Loading FMLModContainer from classloader cpw.mods.modlauncher.TransformingClassLoader@c689973 - got cpw.mods.cl.ModuleClassLoader@43b0ade
[05Jan2026 18:39:14.318] [main/DEBUG] [net.minecraftforge.fml.javafmlmod.FMLModContainer/LOADING]: Creating FMLModContainer instance for nl.enjarai.doabarrelroll.DoABarrelRollForge
[05Jan2026 18:39:14.318] [main/DEBUG] [net.minecraftforge.fml.javafmlmod.FMLJavaModLanguageProvider/LOADING]: Loading FMLModContainer from classloader cpw.mods.modlauncher.TransformingClassLoader@c689973 - got cpw.mods.cl.ModuleClassLoader@43b0ade
[05Jan2026 18:39:14.318] [main/DEBUG] [net.minecraftforge.fml.javafmlmod.FMLModContainer/LOADING]: Creating FMLModContainer instance for org.popcraft.chunky.ChunkyForge
[05Jan2026 18:39:14.319] [main/DEBUG] [net.minecraftforge.fml.javafmlmod.FMLJavaModLanguageProvider/LOADING]: Loading FMLModContainer from classloader cpw.mods.modlauncher.TransformingClassLoader@c689973 - got cpw.mods.cl.ModuleClassLoader@43b0ade
[05Jan2026 18:39:14.319] [main/DEBUG] [net.minecraftforge.fml.javafmlmod.FMLModContainer/LOADING]: Creating FMLModContainer instance for mezz.jei.forge.JustEnoughItems
[05Jan2026 18:39:14.320] [main/DEBUG] [net.minecraftforge.fml.javafmlmod.FMLJavaModLanguageProvider/LOADING]: Loading FMLModContainer from classloader cpw.mods.modlauncher.TransformingClassLoader@c689973 - got cpw.mods.cl.ModuleClassLoader@43b0ade
[05Jan2026 18:39:14.320] [main/DEBUG] [net.minecraftforge.fml.javafmlmod.FMLModContainer/LOADING]: Creating FMLModContainer instance for net.p3pp3rf1y.sophisticatedcore.SophisticatedCore
[05Jan2026 18:39:14.320] [main/DEBUG] [net.minecraftforge.fml.javafmlmod.FMLJavaModLanguageProvider/LOADING]: Loading FMLModContainer from classloader cpw.mods.modlauncher.TransformingClassLoader@c689973 - got cpw.mods.cl.ModuleClassLoader@43b0ade
[05Jan2026 18:39:14.320] [main/DEBUG] [net.minecraftforge.fml.javafmlmod.FMLModContainer/LOADING]: Creating FMLModContainer instance for slimeknights.mantle.Mantle
[05Jan2026 18:39:14.321] [main/DEBUG] [net.minecraftforge.fml.javafmlmod.FMLJavaModLanguageProvider/LOADING]: Loading FMLModContainer from classloader cpw.mods.modlauncher.TransformingClassLoader@c689973 - got cpw.mods.cl.ModuleClassLoader@43b0ade
[05Jan2026 18:39:14.321] [main/DEBUG] [net.minecraftforge.fml.javafmlmod.FMLModContainer/LOADING]: Creating FMLModContainer instance for xaero.minimap.XaeroMinimapForge
[05Jan2026 18:39:14.323] [main/DEBUG] [net.minecraftforge.fml.javafmlmod.FMLJavaModLanguageProvider/LOADING]: Loading FMLModContainer from classloader cpw.mods.modlauncher.TransformingClassLoader@c689973 - got cpw.mods.cl.ModuleClassLoader@43b0ade
[05Jan2026 18:39:14.323] [main/DEBUG] [net.minecraftforge.fml.javafmlmod.FMLModContainer/LOADING]: Creating FMLModContainer instance for xaero.map.WorldMapForge
[05Jan2026 18:39:14.324] [main/DEBUG] [net.minecraftforge.fml.javafmlmod.FMLJavaModLanguageProvider/LOADING]: Loading FMLModContainer from classloader cpw.mods.modlauncher.TransformingClassLoader@c689973 - got cpw.mods.cl.ModuleClassLoader@43b0ade
[05Jan2026 18:39:14.324] [main/DEBUG] [net.minecraftforge.fml.javafmlmod.FMLModContainer/LOADING]: Creating FMLModContainer instance for net.geforcemods.securitycraft.SecurityCraft
[05Jan2026 18:39:14.325] [main/DEBUG] [net.minecraftforge.fml.javafmlmod.FMLJavaModLanguageProvider/LOADING]: Loading FMLModContainer from classloader cpw.mods.modlauncher.TransformingClassLoader@c689973 - got cpw.mods.cl.ModuleClassLoader@43b0ade
[05Jan2026 18:39:14.325] [main/DEBUG] [net.minecraftforge.fml.javafmlmod.FMLModContainer/LOADING]: Creating FMLModContainer instance for com.llamalad7.mixinextras.platform.forge.MixinExtrasMod
[05Jan2026 18:39:14.325] [main/DEBUG] [net.minecraftforge.fml.javafmlmod.FMLJavaModLanguageProvider/LOADING]: Loading FMLModContainer from classloader cpw.mods.modlauncher.TransformingClassLoader@c689973 - got cpw.mods.cl.ModuleClassLoader@43b0ade
[05Jan2026 18:39:14.326] [main/DEBUG] [net.minecraftforge.fml.javafmlmod.FMLModContainer/LOADING]: Creating FMLModContainer instance for net.p3pp3rf1y.sophisticatedbackpacks.SophisticatedBackpacks
[05Jan2026 18:39:14.326] [main/DEBUG] [net.minecraftforge.fml.javafmlmod.FMLJavaModLanguageProvider/LOADING]: Loading FMLModContainer from classloader cpw.mods.modlauncher.TransformingClassLoader@c689973 - got cpw.mods.cl.ModuleClassLoader@43b0ade
[05Jan2026 18:39:14.326] [main/DEBUG] [net.minecraftforge.fml.javafmlmod.FMLModContainer/LOADING]: Creating FMLModContainer instance for com.corosus.coroutil.loader.forge.ConfigModForge
[05Jan2026 18:39:14.327] [main/DEBUG] [net.minecraftforge.fml.javafmlmod.FMLJavaModLanguageProvider/LOADING]: Loading FMLModContainer from classloader cpw.mods.modlauncher.TransformingClassLoader@c689973 - got cpw.mods.cl.ModuleClassLoader@43b0ade
[05Jan2026 18:39:14.327] [main/DEBUG] [net.minecraftforge.fml.javafmlmod.FMLModContainer/LOADING]: Creating FMLModContainer instance for tschipp.carryon.CarryOnForge
[05Jan2026 18:39:14.327] [main/DEBUG] [net.minecraftforge.fml.javafmlmod.FMLJavaModLanguageProvider/LOADING]: Loading FMLModContainer from classloader cpw.mods.modlauncher.TransformingClassLoader@c689973 - got cpw.mods.cl.ModuleClassLoader@43b0ade
[05Jan2026 18:39:14.327] [main/DEBUG] [net.minecraftforge.fml.javafmlmod.FMLModContainer/LOADING]: Creating FMLModContainer instance for me.treyruffy.betterf3.BetterF3Forge
[05Jan2026 18:39:14.328] [main/DEBUG] [net.minecraftforge.fml.javafmlmod.FMLJavaModLanguageProvider/LOADING]: Loading FMLModContainer from classloader cpw.mods.modlauncher.TransformingClassLoader@c689973 - got cpw.mods.cl.ModuleClassLoader@43b0ade
[05Jan2026 18:39:14.328] [main/DEBUG] [net.minecraftforge.fml.javafmlmod.FMLModContainer/LOADING]: Creating FMLModContainer instance for com.corosus.watut.loader.forge.WatutModForge
[05Jan2026 18:39:14.330] [main/DEBUG] [net.minecraftforge.fml.javafmlmod.FMLJavaModLanguageProvider/LOADING]: Loading FMLModContainer from classloader cpw.mods.modlauncher.TransformingClassLoader@c689973 - got cpw.mods.cl.ModuleClassLoader@43b0ade
[05Jan2026 18:39:14.330] [main/DEBUG] [net.minecraftforge.fml.javafmlmod.FMLModContainer/LOADING]: Creating FMLModContainer instance for me.shedaniel.clothconfig.ClothConfigForge
[05Jan2026 18:39:14.330] [main/DEBUG] [net.minecraftforge.fml.javafmlmod.FMLJavaModLanguageProvider/LOADING]: Loading FMLModContainer from classloader cpw.mods.modlauncher.TransformingClassLoader@c689973 - got cpw.mods.cl.ModuleClassLoader@43b0ade
[05Jan2026 18:39:14.330] [main/DEBUG] [net.minecraftforge.fml.javafmlmod.FMLModContainer/LOADING]: Creating FMLModContainer instance for de.maxhenkel.voicechat.ForgeVoiceChatAPIDummyMod
[05Jan2026 18:39:14.331] [main/DEBUG] [net.minecraftforge.fml.javafmlmod.FMLJavaModLanguageProvider/LOADING]: Loading FMLModContainer from classloader cpw.mods.modlauncher.TransformingClassLoader@c689973 - got cpw.mods.cl.ModuleClassLoader@43b0ade
[05Jan2026 18:39:14.331] [main/DEBUG] [net.minecraftforge.fml.javafmlmod.FMLModContainer/LOADING]: Creating FMLModContainer instance for de.maxhenkel.voicechat.ForgeVoicechatMod
[05Jan2026 18:39:14.331] [main/DEBUG] [net.minecraftforge.fml.javafmlmod.FMLJavaModLanguageProvider/LOADING]: Loading FMLModContainer from classloader cpw.mods.modlauncher.TransformingClassLoader@c689973 - got cpw.mods.cl.ModuleClassLoader@43b0ade
[05Jan2026 18:39:14.331] [main/DEBUG] [net.minecraftforge.fml.javafmlmod.FMLModContainer/LOADING]: Creating FMLModContainer instance for net.minecraftforge.common.ForgeMod
[05Jan2026 18:39:14.333] [main/DEBUG] [net.minecraftforge.fml.javafmlmod.FMLJavaModLanguageProvider/LOADING]: Loading FMLModContainer from classloader cpw.mods.modlauncher.TransformingClassLoader@c689973 - got cpw.mods.cl.ModuleClassLoader@43b0ade
[05Jan2026 18:39:14.333] [main/DEBUG] [net.minecraftforge.fml.javafmlmod.FMLModContainer/LOADING]: Creating FMLModContainer instance for org.violetmoon.zetaimplforge.mod.ZetaModForge
[05Jan2026 18:39:14.334] [main/DEBUG] [net.minecraftforge.fml.javafmlmod.FMLJavaModLanguageProvider/LOADING]: Loading FMLModContainer from classloader cpw.mods.modlauncher.TransformingClassLoader@c689973 - got cpw.mods.cl.ModuleClassLoader@43b0ade
[05Jan2026 18:39:14.334] [main/DEBUG] [net.minecraftforge.fml.javafmlmod.FMLModContainer/LOADING]: Creating FMLModContainer instance for org.violetmoon.quark.base.Quark
[05Jan2026 18:39:14.334] [main/DEBUG] [net.minecraftforge.fml.javafmlmod.FMLJavaModLanguageProvider/LOADING]: Loading FMLModContainer from classloader cpw.mods.modlauncher.TransformingClassLoader@c689973 - got cpw.mods.cl.ModuleClassLoader@43b0ade
[05Jan2026 18:39:14.335] [main/DEBUG] [net.minecraftforge.fml.javafmlmod.FMLModContainer/LOADING]: Creating FMLModContainer instance for me.jellysquid.mods.sodium.client.SodiumClientMod
[05Jan2026 18:39:14.335] [main/DEBUG] [net.minecraftforge.fml.javafmlmod.FMLJavaModLanguageProvider/LOADING]: Loading FMLModContainer from classloader cpw.mods.modlauncher.TransformingClassLoader@c689973 - got cpw.mods.cl.ModuleClassLoader@43b0ade
[05Jan2026 18:39:14.335] [main/DEBUG] [net.minecraftforge.fml.javafmlmod.FMLModContainer/LOADING]: Creating FMLModContainer instance for me.jellysquid.mods.sodium.client.RubidiumStub
[05Jan2026 18:39:14.335] [main/DEBUG] [net.minecraftforge.fml.javafmlmod.FMLJavaModLanguageProvider/LOADING]: Loading FMLModContainer from classloader cpw.mods.modlauncher.TransformingClassLoader@c689973 - got cpw.mods.cl.ModuleClassLoader@43b0ade
[05Jan2026 18:39:14.335] [main/DEBUG] [net.minecraftforge.fml.javafmlmod.FMLModContainer/LOADING]: Creating FMLModContainer instance for com.progwml6.ironchest.IronChests
[05Jan2026 18:39:14.361] [modloading-worker-0/DEBUG] [net.minecraftforge.fml.javafmlmod.AutomaticEventSubscriber/LOADING]: Attempting to inject @EventBusSubscriber classes into the eventbus for trade_cycling
[05Jan2026 18:39:14.380] [modloading-worker-0/DEBUG] [net.minecraftforge.fml.config.ConfigTracker/CONFIG]: Config file farmersdelight-common.toml for farmersdelight tracking
[05Jan2026 18:39:14.380] [modloading-worker-0/DEBUG] [net.minecraftforge.fml.config.ConfigTracker/CONFIG]: Config file farmersdelight-client.toml for farmersdelight tracking
[05Jan2026 18:39:14.387] [modloading-worker-0/DEBUG] [net.minecraftforge.fml.config.ConfigTracker/CONFIG]: Config file tconstruct-common.toml for tconstruct tracking
[05Jan2026 18:39:14.387] [modloading-worker-0/DEBUG] [net.minecraftforge.fml.config.ConfigTracker/CONFIG]: Config file tconstruct-client.toml for tconstruct tracking
[05Jan2026 18:39:14.424] [modloading-worker-0/DEBUG] [net.minecraftforge.fml.javafmlmod.AutomaticEventSubscriber/LOADING]: Attempting to inject @EventBusSubscriber classes into the eventbus for geckolib
[05Jan2026 18:39:14.430] [modloading-worker-0/DEBUG] [net.minecraftforge.fml.javafmlmod.AutomaticEventSubscriber/LOADING]: Auto-subscribing software.bernie.example.GeckoLibMod to FORGE
[05Jan2026 18:39:14.437] [modloading-worker-0/DEBUG] [net.minecraftforge.fml.javafmlmod.AutomaticEventSubscriber/LOADING]: Auto-subscribing software.bernie.example.CommonListener to MOD
[05Jan2026 18:39:14.504] [modloading-worker-0/DEBUG] [net.minecraftforge.fml.javafmlmod.AutomaticEventSubscriber/LOADING]: Attempting to inject @EventBusSubscriber classes into the eventbus for do_a_barrel_roll
[05Jan2026 18:39:14.505] [modloading-worker-0/DEBUG] [net.minecraftforge.fml.javafmlmod.AutomaticEventSubscriber/LOADING]: Auto-subscribing nl.enjarai.doabarrelroll.WhyIsTherePublicTransportationInThisModLoader to FORGE
[05Jan2026 18:39:14.536] [modloading-worker-0/DEBUG] [net.minecraftforge.fml.javafmlmod.AutomaticEventSubscriber/LOADING]: Attempting to inject @EventBusSubscriber classes into the eventbus for chunky
[05Jan2026 18:39:14.548] [modloading-worker-0/DEBUG] [net.minecraftforge.fml.config.ConfigTracker/CONFIG]: Config file jei-server.toml for jei tracking
[05Jan2026 18:39:14.565] [modloading-worker-0/DEBUG] [net.minecraftforge.fml.javafmlmod.AutomaticEventSubscriber/LOADING]: Attempting to inject @EventBusSubscriber classes into the eventbus for jei
[05Jan2026 18:39:14.580] [modloading-worker-0/DEBUG] [net.minecraftforge.fml.config.ConfigTracker/CONFIG]: Config file sophisticatedcore-common.toml for sophisticatedcore tracking
[05Jan2026 18:39:14.583] [modloading-worker-0/DEBUG] [net.minecraftforge.fml.config.ConfigTracker/CONFIG]: Config file sophisticatedcore-client.toml for sophisticatedcore tracking
[05Jan2026 18:39:14.629] [modloading-worker-0/DEBUG] [mixin/]: Mixing MixinPlayerList from xaerohud.mixins.json into net.minecraft.server.players.PlayerList
[05Jan2026 18:39:14.631] [modloading-worker-0/DEBUG] [mixin/]: Mixing MixinPlayerList from xaeroworldmap.mixins.json into net.minecraft.server.players.PlayerList
[05Jan2026 18:39:14.632] [modloading-worker-0/DEBUG] [mixin/]: Mixing camera.PlayerListMixin from securitycraft.mixins.json into net.minecraft.server.players.PlayerList
[05Jan2026 18:39:14.648] [modloading-worker-0/DEBUG] [mixin/]: Mixing accessor.RecipeManagerAccessor from farmersdelight.mixins.json into net.minecraft.world.item.crafting.RecipeManager
[05Jan2026 18:39:14.677] [modloading-worker-0/DEBUG] [net.minecraftforge.fml.javafmlmod.AutomaticEventSubscriber/LOADING]: Attempting to inject @EventBusSubscriber classes into the eventbus for farmersdelight
[05Jan2026 18:39:14.677] [modloading-worker-0/DEBUG] [net.minecraftforge.fml.javafmlmod.AutomaticEventSubscriber/LOADING]: Auto-subscribing vectorwing.farmersdelight.data.DataGenerators to MOD
[05Jan2026 18:39:14.683] [modloading-worker-0/DEBUG] [net.minecraftforge.fml.javafmlmod.AutomaticEventSubscriber/LOADING]: Auto-subscribing vectorwing.farmersdelight.common.item.SkilletItem$SkilletEvents to FORGE
[05Jan2026 18:39:14.687] [modloading-worker-0/DEBUG] [net.minecraftforge.fml.javafmlmod.AutomaticEventSubscriber/LOADING]: Auto-subscribing vectorwing.farmersdelight.common.item.KnifeItem$KnifeEvents to FORGE
[05Jan2026 18:39:14.700] [modloading-worker-0/DEBUG] [net.minecraftforge.fml.javafmlmod.AutomaticEventSubscriber/LOADING]: Auto-subscribing vectorwing.farmersdelight.common.item.HorseFeedItem$HorseFeedEvent to FORGE
[05Jan2026 18:39:14.703] [modloading-worker-0/DEBUG] [net.minecraftforge.fml.javafmlmod.AutomaticEventSubscriber/LOADING]: Auto-subscribing vectorwing.farmersdelight.common.item.enchantment.BackstabbingEnchantment$BackstabbingEvent to FORGE
[05Jan2026 18:39:14.712] [modloading-worker-0/DEBUG] [net.minecraftforge.fml.javafmlmod.AutomaticEventSubscriber/LOADING]: Auto-subscribing vectorwing.farmersdelight.common.item.DogFoodItem$DogFoodEvent to FORGE
[05Jan2026 18:39:14.717] [modloading-worker-0/DEBUG] [net.minecraftforge.fml.javafmlmod.AutomaticEventSubscriber/LOADING]: Auto-subscribing vectorwing.farmersdelight.common.event.VillagerEvents to FORGE
[05Jan2026 18:39:14.721] [modloading-worker-0/DEBUG] [net.minecraftforge.fml.javafmlmod.AutomaticEventSubscriber/LOADING]: Attempting to inject @EventBusSubscriber classes into the eventbus for sophisticatedcore
[05Jan2026 18:39:14.729] [modloading-worker-0/DEBUG] [net.minecraftforge.fml.config.ConfigTracker/CONFIG]: Config file mantle-client.toml for mantle tracking
[05Jan2026 18:39:14.729] [modloading-worker-0/DEBUG] [net.minecraftforge.fml.config.ConfigTracker/CONFIG]: Config file mantle-server.toml for mantle tracking
[05Jan2026 18:39:14.733] [modloading-worker-0/DEBUG] [net.minecraftforge.fml.javafmlmod.AutomaticEventSubscriber/LOADING]: Auto-subscribing vectorwing.farmersdelight.common.event.SetupEvents to MOD
[05Jan2026 18:39:14.736] [modloading-worker-0/DEBUG] [net.minecraftforge.fml.javafmlmod.AutomaticEventSubscriber/LOADING]: Auto-subscribing vectorwing.farmersdelight.common.event.MappingEvents to FORGE
[05Jan2026 18:39:14.738] [modloading-worker-0/DEBUG] [net.minecraftforge.fml.javafmlmod.AutomaticEventSubscriber/LOADING]: Auto-subscribing vectorwing.farmersdelight.common.event.CommonEvents to FORGE
[05Jan2026 18:39:14.748] [modloading-worker-0/DEBUG] [net.minecraftforge.fml.javafmlmod.AutomaticEventSubscriber/LOADING]: Auto-subscribing vectorwing.farmersdelight.common.block.CuttingBoardBlock$ToolCarvingEvent to FORGE
[05Jan2026 18:39:14.762] [modloading-worker-0/DEBUG] [net.minecraftforge.fml.javafmlmod.AutomaticEventSubscriber/LOADING]: Attempting to inject @EventBusSubscriber classes into the eventbus for mantle
[05Jan2026 18:39:14.773] [modloading-worker-0/DEBUG] [net.minecraftforge.fml.config.ConfigTracker/CONFIG]: Config file mowziesmobs-common.toml for mowziesmobs tracking
[05Jan2026 18:39:14.804] [modloading-worker-0/DEBUG] [xaero.map.WorldMap/]: Loaded xaero.map.platform.services.ForgePlatformHelper@6d70aa85 for service interface xaero.map.platform.services.IPlatformHelper
[05Jan2026 18:39:14.822] [modloading-worker-0/DEBUG] [xaero.hud.minimap.MinimapLogs/]: Loaded xaero.common.platform.services.ForgePlatformHelper@7bf4be5d for service interface xaero.common.platform.services.IPlatformHelper
[05Jan2026 18:39:14.824] [modloading-worker-0/DEBUG] [net.minecraftforge.fml.javafmlmod.AutomaticEventSubscriber/LOADING]: Attempting to inject @EventBusSubscriber classes into the eventbus for xaeroworldmap
[05Jan2026 18:39:14.837] [modloading-worker-0/DEBUG] [net.minecraftforge.fml.javafmlmod.AutomaticEventSubscriber/LOADING]: Attempting to inject @EventBusSubscriber classes into the eventbus for xaerominimap
[05Jan2026 18:39:14.838] [modloading-worker-0/DEBUG] [net.minecraftforge.fml.config.ConfigTracker/CONFIG]: Config file securitycraft-client.toml for securitycraft tracking
[05Jan2026 18:39:14.838] [modloading-worker-0/DEBUG] [net.minecraftforge.fml.config.ConfigTracker/CONFIG]: Config file securitycraft-server.toml for securitycraft tracking
[05Jan2026 18:39:14.841] [modloading-worker-0/DEBUG] [net.minecraftforge.fml.javafmlmod.AutomaticEventSubscriber/LOADING]: Attempting to inject @EventBusSubscriber classes into the eventbus for mixinextras
[05Jan2026 18:39:14.856] [modloading-worker-0/DEBUG] [net.minecraftforge.fml.javafmlmod.AutomaticEventSubscriber/LOADING]: Attempting to inject @EventBusSubscriber classes into the eventbus for mowziesmobs
[05Jan2026 18:39:14.857] [modloading-worker-0/DEBUG] [net.minecraftforge.fml.javafmlmod.AutomaticEventSubscriber/LOADING]: Auto-subscribing com.bobmowzie.mowziesmobs.server.sound.MMSounds to FORGE
[05Jan2026 18:39:14.857] [modloading-worker-0/DEBUG] [net.minecraftforge.fml.javafmlmod.AutomaticEventSubscriber/LOADING]: Auto-subscribing com.bobmowzie.mowziesmobs.server.inventory.ContainerHandler to MOD
[05Jan2026 18:39:14.857] [modloading-worker-0/DEBUG] [net.minecraftforge.fml.javafmlmod.AutomaticEventSubscriber/LOADING]: Auto-subscribing com.bobmowzie.mowziesmobs.server.entity.EntityHandler to MOD
[05Jan2026 18:39:14.858] [modloading-worker-0/DEBUG] [net.minecraftforge.fml.javafmlmod.AutomaticEventSubscriber/LOADING]: Auto-subscribing com.bobmowzie.mowziesmobs.server.config.ConfigHandler to MOD
[05Jan2026 18:39:14.860] [modloading-worker-0/DEBUG] [net.minecraftforge.fml.javafmlmod.AutomaticEventSubscriber/LOADING]: Auto-subscribing com.bobmowzie.mowziesmobs.MowziesMobs to FORGE
[05Jan2026 18:39:14.860] [modloading-worker-0/DEBUG] [net.minecraftforge.fml.javafmlmod.AutomaticEventSubscriber/LOADING]: Auto-subscribing com.bobmowzie.mowziesmobs.datagen.DataGenerators to MOD
[05Jan2026 18:39:14.866] [modloading-worker-0/INFO] [coroutil/]: forge loader environment detected
[05Jan2026 18:39:14.878] [modloading-worker-0/DEBUG] [net.minecraftforge.fml.config.ConfigTracker/CONFIG]: Config file CoroUtil/General.toml for coroutil tracking
[05Jan2026 18:39:14.883] [modloading-worker-0/DEBUG] [net.minecraftforge.fml.javafmlmod.AutomaticEventSubscriber/LOADING]: Attempting to inject @EventBusSubscriber classes into the eventbus for coroutil
[05Jan2026 18:39:14.907] [modloading-worker-0/DEBUG] [Carry On/]: Loaded tschipp.carryon.platform.ForgePlatformHelper@62689fc for service interface tschipp.carryon.platform.services.IPlatformHelper
[05Jan2026 18:39:14.908] [modloading-worker-0/DEBUG] [net.minecraftforge.fml.config.ConfigTracker/CONFIG]: Config file sophisticatedbackpacks-server.toml for sophisticatedbackpacks tracking
[05Jan2026 18:39:14.910] [modloading-worker-0/DEBUG] [net.minecraftforge.fml.config.ConfigTracker/CONFIG]: Config file sophisticatedbackpacks-common.toml for sophisticatedbackpacks tracking
[05Jan2026 18:39:14.910] [modloading-worker-0/DEBUG] [Carry On/]: Loaded tschipp.carryon.platform.ForgeGamestagesHelper@300827e6 for service interface tschipp.carryon.platform.services.IGamestagePlatformHelper
[05Jan2026 18:39:14.917] [modloading-worker-0/DEBUG] [net.minecraftforge.fml.config.ConfigTracker/CONFIG]: Config file carryon-client.toml for carryon tracking
[05Jan2026 18:39:14.920] [modloading-worker-0/DEBUG] [net.minecraftforge.fml.config.ConfigTracker/CONFIG]: Config file carryon-common.toml for carryon tracking
[05Jan2026 18:39:14.920] [modloading-worker-0/DEBUG] [net.minecraftforge.fml.javafmlmod.AutomaticEventSubscriber/LOADING]: Attempting to inject @EventBusSubscriber classes into the eventbus for carryon
[05Jan2026 18:39:14.920] [modloading-worker-0/DEBUG] [net.minecraftforge.fml.javafmlmod.AutomaticEventSubscriber/LOADING]: Auto-subscribing tschipp.carryon.CarryOnForge to MOD
[05Jan2026 18:39:14.920] [modloading-worker-0/DEBUG] [net.minecraftforge.fml.javafmlmod.AutomaticEventSubscriber/LOADING]: Auto-subscribing tschipp.carryon.events.CommonEvents to FORGE
[05Jan2026 18:39:15.009] [modloading-worker-0/DEBUG] [net.minecraftforge.fml.javafmlmod.AutomaticEventSubscriber/LOADING]: Auto-subscribing tschipp.carryon.events.ModBusEvents to MOD
[05Jan2026 18:39:15.011] [modloading-worker-0/INFO] [me.treyruffy.betterf3.BetterF3Forge/]: [BetterF3] Starting...
[05Jan2026 18:39:15.011] [modloading-worker-0/WARN] [me.treyruffy.betterf3.BetterF3Forge/]: [BetterF3] Not supported on dedicated server!
[05Jan2026 18:39:15.011] [modloading-worker-0/DEBUG] [net.minecraftforge.fml.javafmlmod.AutomaticEventSubscriber/LOADING]: Attempting to inject @EventBusSubscriber classes into the eventbus for betterf3
[05Jan2026 18:39:15.025] [modloading-worker-0/DEBUG] [net.minecraftforge.fml.config.ConfigTracker/CONFIG]: Config file watut-common.toml for watut tracking
[05Jan2026 18:39:15.029] [modloading-worker-0/DEBUG] [net.minecraftforge.fml.config.ConfigTracker/CONFIG]: Config file watut-server.toml for watut tracking
[05Jan2026 18:39:15.035] [modloading-worker-0/DEBUG] [net.minecraftforge.fml.config.ConfigTracker/CONFIG]: Config file watut-client.toml for watut tracking
[05Jan2026 18:39:15.071] [modloading-worker-0/DEBUG] [net.minecraftforge.fml.javafmlmod.AutomaticEventSubscriber/LOADING]: Attempting to inject @EventBusSubscriber classes into the eventbus for watut
[05Jan2026 18:39:15.072] [modloading-worker-0/DEBUG] [net.minecraftforge.fml.javafmlmod.AutomaticEventSubscriber/LOADING]: Auto-subscribing com.corosus.watut.loader.forge.EventHandlerForge to MOD
[05Jan2026 18:39:15.073] [modloading-worker-0/DEBUG] [net.minecraftforge.fml.javafmlmod.AutomaticEventSubscriber/LOADING]: Attempting to inject @EventBusSubscriber classes into the eventbus for cloth_config
[05Jan2026 18:39:15.073] [modloading-worker-0/DEBUG] [net.minecraftforge.fml.javafmlmod.AutomaticEventSubscriber/LOADING]: Attempting to inject @EventBusSubscriber classes into the eventbus for voicechat_api
[05Jan2026 18:39:15.082] [modloading-worker-0/DEBUG] [net.minecraftforge.fml.javafmlmod.AutomaticEventSubscriber/LOADING]: Attempting to inject @EventBusSubscriber classes into the eventbus for voicechat
[05Jan2026 18:39:15.114] [modloading-worker-0/DEBUG] [net.minecraftforge.versions.forge.ForgeVersion/CORE]: Forge Version package package net.minecraftforge.versions.forge, Forge, version 47.3 from cpw.mods.modlauncher.TransformingClassLoader@c689973
[05Jan2026 18:39:15.114] [modloading-worker-0/DEBUG] [net.minecraftforge.versions.forge.ForgeVersion/CORE]: Found Forge version 47.3.7
[05Jan2026 18:39:15.114] [modloading-worker-0/DEBUG] [net.minecraftforge.versions.forge.ForgeVersion/CORE]: Found Forge spec 47.3
[05Jan2026 18:39:15.114] [modloading-worker-0/DEBUG] [net.minecraftforge.versions.forge.ForgeVersion/CORE]: Found Forge group net.minecraftforge
[05Jan2026 18:39:15.115] [modloading-worker-0/DEBUG] [net.minecraftforge.versions.mcp.MCPVersion/CORE]: MCP Version package package net.minecraftforge.versions.mcp, Minecraft, version 1.20.1 from cpw.mods.modlauncher.TransformingClassLoader@c689973
[05Jan2026 18:39:15.115] [modloading-worker-0/DEBUG] [net.minecraftforge.versions.mcp.MCPVersion/CORE]: Found MC version information 1.20.1
[05Jan2026 18:39:15.115] [modloading-worker-0/DEBUG] [net.minecraftforge.versions.mcp.MCPVersion/CORE]: Found MCP version information 20230612.114412
[05Jan2026 18:39:15.115] [modloading-worker-0/INFO] [net.minecraftforge.common.ForgeMod/FORGEMOD]: Forge mod loading, version 47.3.7, for MC 1.20.1 with MCP 20230612.114412
[05Jan2026 18:39:15.117] [modloading-worker-0/INFO] [net.minecraftforge.common.MinecraftForge/FORGE]: MinecraftForge v47.3.7 Initialized
[05Jan2026 18:39:15.228] [modloading-worker-0/DEBUG] [net.minecraftforge.fml.javafmlmod.AutomaticEventSubscriber/LOADING]: Attempting to inject @EventBusSubscriber classes into the eventbus for sophisticatedbackpacks
[05Jan2026 18:39:15.240] [modloading-worker-0/DEBUG] [io.netty.util.internal.PlatformDependent0/]: -Dio.netty.noUnsafe: false
[05Jan2026 18:39:15.241] [modloading-worker-0/DEBUG] [io.netty.util.internal.PlatformDependent0/]: Java version: 17
[05Jan2026 18:39:15.252] [modloading-worker-0/DEBUG] [io.netty.util.internal.PlatformDependent0/]: sun.misc.Unsafe.theUnsafe: available
[05Jan2026 18:39:15.253] [modloading-worker-0/DEBUG] [io.netty.util.internal.PlatformDependent0/]: sun.misc.Unsafe.copyMemory: available
[05Jan2026 18:39:15.253] [modloading-worker-0/DEBUG] [io.netty.util.internal.PlatformDependent0/]: sun.misc.Unsafe.storeFence: available
[05Jan2026 18:39:15.254] [modloading-worker-0/DEBUG] [io.netty.util.internal.PlatformDependent0/]: java.nio.Buffer.address: available
[05Jan2026 18:39:15.255] [modloading-worker-0/DEBUG] [io.netty.util.internal.PlatformDependent0/]: direct buffer constructor: unavailable
java.lang.UnsupportedOperationException: Reflective setAccessible(true) disabled
	at io.netty.util.internal.ReflectionUtil.trySetAccessible(ReflectionUtil.java:31) ~[netty-common-4.1.82.Final.jar%2380!/:4.1.82.Final]
	at io.netty.util.internal.PlatformDependent0$5.run(PlatformDependent0.java:288) ~[netty-common-4.1.82.Final.jar%2380!/:4.1.82.Final]
	at java.security.AccessController.doPrivileged(AccessController.java:318) ~[?:?]
	at io.netty.util.internal.PlatformDependent0.<clinit>(PlatformDependent0.java:282) ~[netty-common-4.1.82.Final.jar%2380!/:4.1.82.Final]
	at io.netty.util.internal.PlatformDependent.isAndroid(PlatformDependent.java:333) ~[netty-common-4.1.82.Final.jar%2380!/:4.1.82.Final]
	at io.netty.util.internal.PlatformDependent.<clinit>(PlatformDependent.java:88) ~[netty-common-4.1.82.Final.jar%2380!/:4.1.82.Final]
	at io.netty.util.ConstantPool.<init>(ConstantPool.java:34) ~[netty-common-4.1.82.Final.jar%2380!/:4.1.82.Final]
	at io.netty.util.AttributeKey$1.<init>(AttributeKey.java:27) ~[netty-common-4.1.82.Final.jar%2380!/:4.1.82.Final]
	at io.netty.util.AttributeKey.<clinit>(AttributeKey.java:27) ~[netty-common-4.1.82.Final.jar%2380!/:4.1.82.Final]
	at net.minecraftforge.network.NetworkConstants.<clinit>(NetworkConstants.java:34) ~[forge-1.20.1-47.3.7-universal.jar%23150!/:?]
	at net.minecraftforge.common.ForgeMod.<init>(ForgeMod.java:429) ~[forge-1.20.1-47.3.7-universal.jar%23150!/:?]
	at jdk.internal.reflect.NativeConstructorAccessorImpl.newInstance0(Native Method) ~[?:?]
	at jdk.internal.reflect.NativeConstructorAccessorImpl.newInstance(NativeConstructorAccessorImpl.java:77) ~[?:?]
	at jdk.internal.reflect.DelegatingConstructorAccessorImpl.newInstance(DelegatingConstructorAccessorImpl.java:45) ~[?:?]
	at java.lang.reflect.Constructor.newInstanceWithCaller(Constructor.java:500) ~[?:?]
	at java.lang.reflect.Constructor.newInstance(Constructor.java:481) ~[?:?]
	at net.minecraftforge.fml.javafmlmod.FMLModContainer.constructMod(FMLModContainer.java:70) ~[javafmllanguage-1.20.1-47.3.7.jar%23147!/:?]
	at net.minecraftforge.fml.ModContainer.lambda$buildTransitionHandler$4(ModContainer.java:124) ~[fmlcore-1.20.1-47.3.7.jar%23146!/:?]
	at java.util.concurrent.CompletableFuture$AsyncRun.run(CompletableFuture.java:1804) ~[?:?]
	at java.util.concurrent.CompletableFuture$AsyncRun.exec(CompletableFuture.java:1796) ~[?:?]
	at java.util.concurrent.ForkJoinTask.doExec(ForkJoinTask.java:373) ~[?:?]
	at java.util.concurrent.ForkJoinPool$WorkQueue.topLevelExec(ForkJoinPool.java:1182) ~[?:?]
	at java.util.concurrent.ForkJoinPool.scan(ForkJoinPool.java:1655) ~[?:?]
	at java.util.concurrent.ForkJoinPool.runWorker(ForkJoinPool.java:1622) ~[?:?]
	at java.util.concurrent.ForkJoinWorkerThread.run(ForkJoinWorkerThread.java:165) ~[?:?]
[05Jan2026 18:39:15.259] [modloading-worker-0/DEBUG] [io.netty.util.internal.PlatformDependent0/]: java.nio.Bits.unaligned: available, true
[05Jan2026 18:39:15.260] [modloading-worker-0/DEBUG] [io.netty.util.internal.PlatformDependent0/]: jdk.internal.misc.Unsafe.allocateUninitializedArray(int): unavailable
java.lang.IllegalAccessException: class io.netty.util.internal.PlatformDependent0$7 (in module io.netty.common) cannot access class jdk.internal.misc.Unsafe (in module java.base) because module java.base does not export jdk.internal.misc to module io.netty.common
	at jdk.internal.reflect.Reflection.newIllegalAccessException(Reflection.java:392) ~[?:?]
	at java.lang.reflect.AccessibleObject.checkAccess(AccessibleObject.java:674) ~[?:?]
	at java.lang.reflect.Method.invoke(Method.java:561) ~[?:?]
	at io.netty.util.internal.PlatformDependent0$7.run(PlatformDependent0.java:410) ~[netty-common-4.1.82.Final.jar%2380!/:4.1.82.Final]
	at java.security.AccessController.doPrivileged(AccessController.java:318) ~[?:?]
	at io.netty.util.internal.PlatformDependent0.<clinit>(PlatformDependent0.java:401) ~[netty-common-4.1.82.Final.jar%2380!/:4.1.82.Final]
	at io.netty.util.internal.PlatformDependent.isAndroid(PlatformDependent.java:333) ~[netty-common-4.1.82.Final.jar%2380!/:4.1.82.Final]
	at io.netty.util.internal.PlatformDependent.<clinit>(PlatformDependent.java:88) ~[netty-common-4.1.82.Final.jar%2380!/:4.1.82.Final]
	at io.netty.util.ConstantPool.<init>(ConstantPool.java:34) ~[netty-common-4.1.82.Final.jar%2380!/:4.1.82.Final]
	at io.netty.util.AttributeKey$1.<init>(AttributeKey.java:27) ~[netty-common-4.1.82.Final.jar%2380!/:4.1.82.Final]
	at io.netty.util.AttributeKey.<clinit>(AttributeKey.java:27) ~[netty-common-4.1.82.Final.jar%2380!/:4.1.82.Final]
	at net.minecraftforge.network.NetworkConstants.<clinit>(NetworkConstants.java:34) ~[forge-1.20.1-47.3.7-universal.jar%23150!/:?]
	at net.minecraftforge.common.ForgeMod.<init>(ForgeMod.java:429) ~[forge-1.20.1-47.3.7-universal.jar%23150!/:?]
	at jdk.internal.reflect.NativeConstructorAccessorImpl.newInstance0(Native Method) ~[?:?]
	at jdk.internal.reflect.NativeConstructorAccessorImpl.newInstance(NativeConstructorAccessorImpl.java:77) ~[?:?]
	at jdk.internal.reflect.DelegatingConstructorAccessorImpl.newInstance(DelegatingConstructorAccessorImpl.java:45) ~[?:?]
	at java.lang.reflect.Constructor.newInstanceWithCaller(Constructor.java:500) ~[?:?]
	at java.lang.reflect.Constructor.newInstance(Constructor.java:481) ~[?:?]
	at net.minecraftforge.fml.javafmlmod.FMLModContainer.constructMod(FMLModContainer.java:70) ~[javafmllanguage-1.20.1-47.3.7.jar%23147!/:?]
	at net.minecraftforge.fml.ModContainer.lambda$buildTransitionHandler$4(ModContainer.java:124) ~[fmlcore-1.20.1-47.3.7.jar%23146!/:?]
	at java.util.concurrent.CompletableFuture$AsyncRun.run(CompletableFuture.java:1804) ~[?:?]
	at java.util.concurrent.CompletableFuture$AsyncRun.exec(CompletableFuture.java:1796) ~[?:?]
	at java.util.concurrent.ForkJoinTask.doExec(ForkJoinTask.java:373) ~[?:?]
	at java.util.concurrent.ForkJoinPool$WorkQueue.topLevelExec(ForkJoinPool.java:1182) ~[?:?]
	at java.util.concurrent.ForkJoinPool.scan(ForkJoinPool.java:1655) ~[?:?]
	at java.util.concurrent.ForkJoinPool.runWorker(ForkJoinPool.java:1622) ~[?:?]
	at java.util.concurrent.ForkJoinWorkerThread.run(ForkJoinWorkerThread.java:165) ~[?:?]
[05Jan2026 18:39:15.262] [modloading-worker-0/DEBUG] [mixin/]: Mixing IZetaItemExtensionsMixin from quark.mixins.json into org.violetmoon.zeta.item.ext.IZetaItemExtensions
[05Jan2026 18:39:15.265] [modloading-worker-0/DEBUG] [io.netty.util.internal.PlatformDependent0/]: java.nio.DirectByteBuffer.<init>(long, int): unavailable
[05Jan2026 18:39:15.265] [modloading-worker-0/DEBUG] [io.netty.util.internal.PlatformDependent/]: sun.misc.Unsafe: available
[05Jan2026 18:39:15.266] [modloading-worker-0/DEBUG] [io.netty.util.internal.PlatformDependent/]: maxDirectMemory: 12884901888 bytes (maybe)
[05Jan2026 18:39:15.269] [modloading-worker-0/DEBUG] [io.netty.util.internal.PlatformDependent/]: -Dio.netty.tmpdir: /tmp (java.io.tmpdir)
[05Jan2026 18:39:15.269] [modloading-worker-0/DEBUG] [io.netty.util.internal.PlatformDependent/]: -Dio.netty.bitMode: 64 (sun.arch.data.model)
[05Jan2026 18:39:15.269] [modloading-worker-0/DEBUG] [io.netty.util.internal.PlatformDependent/]: -Dio.netty.maxDirectMemory: -1 bytes
[05Jan2026 18:39:15.270] [modloading-worker-0/DEBUG] [io.netty.util.internal.PlatformDependent/]: -Dio.netty.uninitializedArrayAllocationThreshold: -1
[05Jan2026 18:39:15.271] [modloading-worker-0/DEBUG] [io.netty.util.internal.CleanerJava9/]: java.nio.ByteBuffer.cleaner(): available
[05Jan2026 18:39:15.272] [modloading-worker-0/DEBUG] [io.netty.util.internal.PlatformDependent/]: -Dio.netty.noPreferDirect: false
[05Jan2026 18:39:15.291] [modloading-worker-0/DEBUG] [mixin/]: Mixing self.IZetaItemMixin_FAKE from zeta_forge.mixins.json into org.violetmoon.zeta.item.ZetaBlockItem
[05Jan2026 18:39:15.338] [modloading-worker-0/DEBUG] [net.minecraftforge.common.ForgeMod/FORGEMOD]: Loading Network data for FML net version: FML3
[05Jan2026 18:39:15.354] [modloading-worker-0/DEBUG] [net.minecraftforge.fml.config.ConfigTracker/CONFIG]: Config file forge-client.toml for forge tracking
[05Jan2026 18:39:15.354] [modloading-worker-0/DEBUG] [net.minecraftforge.fml.config.ConfigTracker/CONFIG]: Config file forge-server.toml for forge tracking
[05Jan2026 18:39:15.354] [modloading-worker-0/DEBUG] [net.minecraftforge.fml.ModLoadingContext/]: Attempted to register an empty config for type COMMON on mod forge
[05Jan2026 18:39:15.371] [modloading-worker-0/DEBUG] [net.minecraftforge.fml.javafmlmod.AutomaticEventSubscriber/LOADING]: Attempting to inject @EventBusSubscriber classes into the eventbus for forge
[05Jan2026 18:39:15.372] [modloading-worker-0/DEBUG] [net.minecraftforge.fml.javafmlmod.AutomaticEventSubscriber/LOADING]: Auto-subscribing net.minecraftforge.common.ForgeSpawnEggItem$CommonHandler to MOD
[05Jan2026 18:39:15.490] [modloading-worker-0/DEBUG] [mixin/]: Mixing self.IZetaBlockMixin_FAKE from zeta_forge.mixins.json into org.violetmoon.zeta.block.ZetaPillarBlock
[05Jan2026 18:39:15.500] [modloading-worker-0/DEBUG] [mixin/]: Mixing self.IZetaBlockMixin_FAKE from zeta_forge.mixins.json into org.violetmoon.zeta.block.ZetaBlock
[05Jan2026 18:39:15.510] [modloading-worker-0/DEBUG] [mixin/]: Mixing self.IZetaBlockMixin_FAKE from zeta_forge.mixins.json into org.violetmoon.zeta.block.ZetaFenceBlock
[05Jan2026 18:39:15.523] [modloading-worker-0/DEBUG] [mixin/]: Mixing self.IZetaBlockMixin_FAKE from zeta_forge.mixins.json into org.violetmoon.zeta.block.ZetaDoorBlock
[05Jan2026 18:39:15.525] [modloading-worker-0/DEBUG] [net.minecraftforge.fml.config.ConfigTracker/CONFIG]: Config file zeta-common.toml for zeta tracking
[05Jan2026 18:39:15.531] [modloading-worker-0/INFO] [zeta/]: Doing super early config setup for zeta
[05Jan2026 18:39:15.537] [modloading-worker-0/DEBUG] [mixin/]: Mixing self.IZetaBlockMixin_FAKE from zeta_forge.mixins.json into org.violetmoon.zeta.block.ZetaTrapdoorBlock
[05Jan2026 18:39:15.548] [modloading-worker-0/DEBUG] [mixin/]: Mixing self.IZetaBlockMixin_FAKE from zeta_forge.mixins.json into org.violetmoon.zeta.block.ZetaPressurePlateBlock
[05Jan2026 18:39:15.559] [modloading-worker-0/DEBUG] [mixin/]: Mixing self.IZetaBlockMixin_FAKE from zeta_forge.mixins.json into org.violetmoon.zeta.block.ZetaButtonBlock
[05Jan2026 18:39:15.569] [modloading-worker-0/DEBUG] [mixin/]: Mixing self.IZetaBlockMixin_FAKE from zeta_forge.mixins.json into org.violetmoon.zeta.block.ZetaStandingSignBlock
[05Jan2026 18:39:15.579] [modloading-worker-0/DEBUG] [mixin/]: Mixing self.IZetaBlockMixin_FAKE from zeta_forge.mixins.json into org.violetmoon.zeta.block.ZetaWallSignBlock
[05Jan2026 18:39:15.592] [modloading-worker-0/DEBUG] [mixin/]: Mixing self.IZetaBlockMixin_FAKE from zeta_forge.mixins.json into org.violetmoon.zeta.block.ZetaCeilingHangingSignBlock
[05Jan2026 18:39:15.601] [modloading-worker-0/DEBUG] [mixin/]: Mixing self.IZetaBlockMixin_FAKE from zeta_forge.mixins.json into org.violetmoon.zeta.block.ZetaWallHangingSignBlock
[05Jan2026 18:39:15.610] [modloading-worker-0/DEBUG] [mixin/]: Mixing self.IZetaBlockMixin_FAKE from quark.mixins.json into org.violetmoon.quark.content.building.block.VariantLadderBlock
[05Jan2026 18:39:15.618] [modloading-worker-0/DEBUG] [mixin/]: Mixing self.IZetaItemMixin_FAKE from zeta_forge.mixins.json into org.violetmoon.zeta.item.ZetaItem
[05Jan2026 18:39:15.618] [modloading-worker-0/DEBUG] [net.minecraftforge.fml.javafmlmod.AutomaticEventSubscriber/LOADING]: Attempting to inject @EventBusSubscriber classes into the eventbus for securitycraft
[05Jan2026 18:39:15.619] [modloading-worker-0/DEBUG] [net.minecraftforge.fml.javafmlmod.AutomaticEventSubscriber/LOADING]: Auto-subscribing net.geforcemods.securitycraft.api.SecurityCraftAPI to MOD
[05Jan2026 18:39:15.627] [modloading-worker-0/DEBUG] [net.minecraftforge.fml.javafmlmod.AutomaticEventSubscriber/LOADING]: Auto-subscribing net.geforcemods.securitycraft.SecurityCraft to MOD
[05Jan2026 18:39:15.628] [modloading-worker-0/DEBUG] [net.minecraftforge.fml.javafmlmod.AutomaticEventSubscriber/LOADING]: Auto-subscribing net.geforcemods.securitycraft.SCEventHandler to FORGE
[05Jan2026 18:39:15.650] [modloading-worker-0/DEBUG] [net.minecraftforge.fml.javafmlmod.AutomaticEventSubscriber/LOADING]: Attempting to inject @EventBusSubscriber classes into the eventbus for zeta
[05Jan2026 18:39:15.653] [modloading-worker-0/DEBUG] [net.minecraftforge.fml.javafmlmod.AutomaticEventSubscriber/LOADING]: Auto-subscribing net.geforcemods.securitycraft.RegistrationHandler to MOD
[05Jan2026 18:39:15.658] [modloading-worker-0/DEBUG] [net.minecraftforge.fml.javafmlmod.AutomaticEventSubscriber/LOADING]: Auto-subscribing net.geforcemods.securitycraft.ConfigHandler to MOD
[05Jan2026 18:39:15.661] [modloading-worker-0/DEBUG] [net.minecraftforge.fml.javafmlmod.AutomaticEventSubscriber/LOADING]: Attempting to inject @EventBusSubscriber classes into the eventbus for rubidium
[05Jan2026 18:39:15.664] [modloading-worker-0/DEBUG] [net.minecraftforge.fml.javafmlmod.AutomaticEventSubscriber/LOADING]: Attempting to inject @EventBusSubscriber classes into the eventbus for embeddium
[05Jan2026 18:39:15.700] [modloading-worker-0/DEBUG] [net.minecraftforge.fml.javafmlmod.AutomaticEventSubscriber/LOADING]: Attempting to inject @EventBusSubscriber classes into the eventbus for ironchest
[05Jan2026 18:39:15.700] [modloading-worker-0/DEBUG] [net.minecraftforge.fml.javafmlmod.AutomaticEventSubscriber/LOADING]: Auto-subscribing com.progwml6.ironchest.common.ai.CatsSitOnChestsHandler to FORGE
[05Jan2026 18:39:15.788] [modloading-worker-0/DEBUG] [net.minecraftforge.fml.javafmlmod.AutomaticEventSubscriber/LOADING]: Attempting to inject @EventBusSubscriber classes into the eventbus for tconstruct
[05Jan2026 18:39:15.789] [modloading-worker-0/DEBUG] [net.minecraftforge.fml.javafmlmod.AutomaticEventSubscriber/LOADING]: Auto-subscribing slimeknights.tconstruct.world.WorldEvents to FORGE
[05Jan2026 18:39:15.791] [modloading-worker-0/INFO] [quark-zeta/]: Discovered 164 modules to load.
[05Jan2026 18:39:15.791] [modloading-worker-0/INFO] [quark-zeta/]: Constructing module Abacus...
[05Jan2026 18:39:15.793] [modloading-worker-0/DEBUG] [net.minecraftforge.fml.javafmlmod.AutomaticEventSubscriber/LOADING]: Auto-subscribing slimeknights.tconstruct.tools.logic.ToolEvents to FORGE
[05Jan2026 18:39:15.800] [modloading-worker-0/DEBUG] [net.minecraftforge.fml.javafmlmod.AutomaticEventSubscriber/LOADING]: Auto-subscribing slimeknights.tconstruct.tools.logic.ModifierEvents to FORGE
[05Jan2026 18:39:15.802] [modloading-worker-0/INFO] [quark-zeta/]: Constructing module Adjustable Chat...
[05Jan2026 18:39:15.802] [modloading-worker-0/INFO] [quark-zeta/]: Constructing module Ambient Discs...
[05Jan2026 18:39:15.803] [modloading-worker-0/INFO] [quark-zeta/]: Constructing module Ancient Tomes...
[05Jan2026 18:39:15.808] [modloading-worker-0/DEBUG] [net.minecraftforge.fml.javafmlmod.AutomaticEventSubscriber/LOADING]: Auto-subscribing slimeknights.tconstruct.tools.logic.InteractionHandler to FORGE
[05Jan2026 18:39:15.811] [modloading-worker-0/DEBUG] [mixin/]: Mixing MerchantOfferMixin from quark.mixins.json into net.minecraft.world.item.trading.MerchantOffer
[05Jan2026 18:39:15.812] [modloading-worker-0/DEBUG] [mixin/]: Mixing accessor.AccessorMerchantOffer from quark.mixins.json into net.minecraft.world.item.trading.MerchantOffer
[05Jan2026 18:39:15.818] [modloading-worker-0/INFO] [quark-zeta/]: Constructing module Ancient Wood...
[05Jan2026 18:39:15.818] [modloading-worker-0/DEBUG] [net.minecraftforge.fml.javafmlmod.AutomaticEventSubscriber/LOADING]: Auto-subscribing slimeknights.tconstruct.tools.logic.DoubleJumpHandler to FORGE
[05Jan2026 18:39:15.818] [modloading-worker-0/DEBUG] [mixin/]: Mixing self.IZetaBlockMixin_FAKE from zeta_forge.mixins.json into org.violetmoon.zeta.block.ZetaLeavesBlock
[05Jan2026 18:39:15.823] [modloading-worker-0/DEBUG] [net.minecraftforge.fml.javafmlmod.AutomaticEventSubscriber/LOADING]: Auto-subscribing slimeknights.tconstruct.shared.CommonsEvents to FORGE
[05Jan2026 18:39:15.823] [modloading-worker-0/DEBUG] [mixin/]: Mixing self.IZetaBlockMixin_FAKE from zeta_forge.mixins.json into org.violetmoon.zeta.block.ZetaSaplingBlock
[05Jan2026 18:39:15.829] [modloading-worker-0/DEBUG] [net.minecraftforge.fml.javafmlmod.AutomaticEventSubscriber/LOADING]: Auto-subscribing slimeknights.tconstruct.shared.AchievementEvents to FORGE
[05Jan2026 18:39:15.830] [modloading-worker-0/INFO] [quark-zeta/]: Constructing module Armed Armor Stands...
[05Jan2026 18:39:15.831] [modloading-worker-0/INFO] [quark-zeta/]: Constructing module Auto Walk Keybind...
[05Jan2026 18:39:15.831] [modloading-worker-0/INFO] [quark-zeta/]: Constructing module Automatic Recipe Unlock...
[05Jan2026 18:39:15.832] [modloading-worker-0/INFO] [quark-zeta/]: Constructing module Automatic Tool Restock...
[05Jan2026 18:39:15.835] [modloading-worker-0/DEBUG] [net.minecraftforge.fml.javafmlmod.AutomaticEventSubscriber/LOADING]: Auto-subscribing slimeknights.tconstruct.fluids.FluidEvents to FORGE
[05Jan2026 18:39:15.835] [modloading-worker-0/INFO] [quark-zeta/]: Constructing module Azalea Wood...
[05Jan2026 18:39:15.835] [modloading-worker-0/INFO] [quark-zeta/]: Constructing module Back Button Keybind...
[05Jan2026 18:39:15.836] [modloading-worker-0/INFO] [quark-zeta/]: Constructing module Backpack...
[05Jan2026 18:39:15.836] [modloading-worker-0/DEBUG] [mixin/]: Mixing self.IZetaItemMixin_FAKE from quark.mixins.json into org.violetmoon.quark.addons.oddities.item.BackpackItem
[05Jan2026 18:39:15.840] [modloading-worker-0/DEBUG] [net.minecraftforge.fml.javafmlmod.AutomaticEventSubscriber/LOADING]: Auto-subscribing slimeknights.tconstruct.common.Sounds to MOD
[05Jan2026 18:39:15.842] [modloading-worker-0/DEBUG] [net.minecraftforge.fml.javafmlmod.AutomaticEventSubscriber/LOADING]: Auto-subscribing slimeknights.tconstruct.TConstruct to MOD
[05Jan2026 18:39:15.843] [modloading-worker-0/INFO] [quark-zeta/]: Constructing module Beacon Redirection...
[05Jan2026 18:39:15.844] [modloading-worker-0/INFO] [quark-zeta/]: Constructing module Better Elytra Rocket...
[05Jan2026 18:39:15.844] [modloading-worker-0/INFO] [quark-zeta/]: Constructing module Big Stone Clusters...
[05Jan2026 18:39:15.850] [modloading-worker-0/INFO] [quark-zeta/]: Constructing module Blossom Trees...
[05Jan2026 18:39:15.852] [modloading-worker-0/INFO] [quark-zeta/]: Constructing module Bottled Cloud...
[05Jan2026 18:39:15.853] [modloading-worker-0/INFO] [quark-zeta/]: Constructing module Buckets Show Inhabitants...
[05Jan2026 18:39:15.853] [modloading-worker-0/INFO] [quark-zeta/]: Constructing module Camera...
[05Jan2026 18:39:15.855] [modloading-worker-0/INFO] [quark-zeta/]: Constructing module Campfires Boost Elytra...
[05Jan2026 18:39:15.855] [modloading-worker-0/INFO] [quark-zeta/]: Constructing module Celebratory Lamps...
[05Jan2026 18:39:15.856] [modloading-worker-0/INFO] [quark-zeta/]: Constructing module Chains Connect Blocks...
[05Jan2026 18:39:15.856] [modloading-worker-0/INFO] [quark-zeta/]: Constructing module Chest Searching...
[05Jan2026 18:39:15.856] [modloading-worker-0/INFO] [quark-zeta/]: Constructing module Chorus Vegetation...
[05Jan2026 18:39:15.858] [modloading-worker-0/INFO] [quark-zeta/]: Constructing module Chute...
[05Jan2026 18:39:15.859] [modloading-worker-0/INFO] [quark-zeta/]: Constructing module Climate Control Remover...
[05Jan2026 18:39:15.860] [modloading-worker-0/INFO] [quark-zeta/]: Constructing module Color Runes...
[05Jan2026 18:39:15.862] [modloading-worker-0/INFO] [quark-zeta/]: Constructing module Compasses Work Everywhere...
[05Jan2026 18:39:15.862] [modloading-worker-0/INFO] [quark-zeta/]: Constructing module Compressed Blocks...
[05Jan2026 18:39:15.863] [modloading-worker-0/INFO] [quark-zeta/]: Constructing module Coral On Cactus...
[05Jan2026 18:39:15.863] [modloading-worker-0/INFO] [quark-zeta/]: Constructing module Corundum...
[05Jan2026 18:39:15.938] [modloading-worker-0/INFO] [quark-zeta/]: Constructing module Crabs...
[05Jan2026 18:39:15.940] [modloading-worker-0/INFO] [quark-zeta/]: Constructing module Crafter...
[05Jan2026 18:39:15.941] [modloading-worker-0/INFO] [quark-zeta/]: Constructing module Crate...
[05Jan2026 18:39:15.942] [modloading-worker-0/INFO] [quark-zeta/]: Constructing module Diamond Repair...
[05Jan2026 18:39:15.943] [modloading-worker-0/INFO] [quark-zeta/]: Constructing module Dispensers Place Blocks...
[05Jan2026 18:39:15.943] [modloading-worker-0/INFO] [quark-zeta/]: Constructing module Double Door Opening...
[05Jan2026 18:39:15.944] [modloading-worker-0/INFO] [quark-zeta/]: Constructing module Dragon Scales...
[05Jan2026 18:39:15.944] [modloading-worker-0/INFO] [quark-zeta/]: Constructing module Duskbound Blocks...
[05Jan2026 18:39:15.945] [modloading-worker-0/INFO] [quark-zeta/]: Constructing module Dyeable Item Frames...
[05Jan2026 18:39:15.946] [modloading-worker-0/INFO] [quark-zeta/]: Constructing module Easy Transfering...
[05Jan2026 18:39:15.946] [modloading-worker-0/INFO] [quark-zeta/]: Constructing module Elytra Indicator...
[05Jan2026 18:39:15.947] [modloading-worker-0/INFO] [quark-zeta/]: Constructing module Emotes...
[05Jan2026 18:39:15.947] [modloading-worker-0/INFO] [quark-zeta/]: Constructing module Enchantment Predicates...
[05Jan2026 18:39:15.947] [modloading-worker-0/INFO] [quark-zeta/]: Constructing module Enchantments Begone...
[05Jan2026 18:39:15.948] [modloading-worker-0/INFO] [quark-zeta/]: Constructing module Ender Watcher...
[05Jan2026 18:39:15.949] [modloading-worker-0/INFO] [quark-zeta/]: Constructing module Endermosh Music Disc...
[05Jan2026 18:39:15.950] [modloading-worker-0/INFO] [quark-zeta/]: Constructing module Enhanced Ladders...
[05Jan2026 18:39:15.950] [modloading-worker-0/INFO] [quark-zeta/]: Constructing module Expanded Item Interactions...
[05Jan2026 18:39:15.951] [modloading-worker-0/INFO] [quark-zeta/]: Constructing module Fairy Rings...
[05Jan2026 18:39:15.952] [modloading-worker-0/INFO] [quark-zeta/]: Constructing module Fallen Logs...
[05Jan2026 18:39:15.954] [modloading-worker-0/INFO] [quark-zeta/]: Constructing module Feeding Trough...
[05Jan2026 18:39:15.955] [modloading-worker-0/INFO] [quark-zeta/]: Constructing module Forgotten...
[05Jan2026 18:39:15.957] [modloading-worker-0/DEBUG] [mixin/]: Mixing self.IZetaItemMixin_FAKE from zeta_forge.mixins.json into org.violetmoon.zeta.item.ZetaArmorItem
[05Jan2026 18:39:15.963] [modloading-worker-0/INFO] [quark-zeta/]: Constructing module Foxhound...
[05Jan2026 18:39:15.964] [modloading-worker-0/INFO] [quark-zeta/]: Constructing module Framed Glass...
[05Jan2026 18:39:15.964] [modloading-worker-0/INFO] [quark-zeta/]: Constructing module Game Nerfs...
[05Jan2026 18:39:15.965] [modloading-worker-0/INFO] [quark-zeta/]: Constructing module Glass Item Frame...
[05Jan2026 18:39:15.967] [modloading-worker-0/INFO] [quark-zeta/]: Constructing module Glass Shard...
[05Jan2026 18:39:15.968] [modloading-worker-0/INFO] [quark-zeta/]: Constructing module Glimmering Weald...
[05Jan2026 18:39:15.968] [modloading-worker-0/DEBUG] [mixin/]: Mixing self.IZetaBlockMixin_FAKE from quark.mixins.json into org.violetmoon.quark.content.world.block.HugeGlowShroomBlock
[05Jan2026 18:39:15.976] [modloading-worker-0/DEBUG] [mixin/]: Mixing self.IZetaBlockMixin_FAKE from zeta_forge.mixins.json into org.violetmoon.zeta.block.ZetaBushBlock
[05Jan2026 18:39:15.982] [modloading-worker-0/INFO] [quark-zeta/]: Constructing module Gold Bars...
[05Jan2026 18:39:15.983] [modloading-worker-0/INFO] [quark-zeta/]: Constructing module Gold Tools Have Fortune...
[05Jan2026 18:39:15.985] [modloading-worker-0/INFO] [quark-zeta/]: Constructing module Grab Chickens...
[05Jan2026 18:39:15.986] [modloading-worker-0/INFO] [quark-zeta/]: Constructing module Grate...
[05Jan2026 18:39:15.987] [modloading-worker-0/INFO] [quark-zeta/]: Constructing module Gravisand...
[05Jan2026 18:39:15.988] [modloading-worker-0/INFO] [quark-zeta/]: Constructing module Greener Grass...
[05Jan2026 18:39:15.990] [modloading-worker-0/INFO] [quark-zeta/]: Constructing module Hedges...
[05Jan2026 18:39:15.991] [modloading-worker-0/INFO] [quark-zeta/]: Constructing module Hoe Harvesting...
[05Jan2026 18:39:15.991] [modloading-worker-0/INFO] [quark-zeta/]: Constructing module Hollow Logs...
[05Jan2026 18:39:15.992] [modloading-worker-0/INFO] [quark-zeta/]: Constructing module Horses Swim...
[05Jan2026 18:39:15.993] [modloading-worker-0/INFO] [quark-zeta/]: Constructing module Hotbar Changer...
[05Jan2026 18:39:15.993] [modloading-worker-0/INFO] [quark-zeta/]: Constructing module Improved Sponges...
[05Jan2026 18:39:15.993] [modloading-worker-0/INFO] [quark-zeta/]: Constructing module Improved Tooltips...
[05Jan2026 18:39:15.994] [modloading-worker-0/INFO] [quark-zeta/]: Constructing module Industrial Palette...
[05Jan2026 18:39:15.995] [modloading-worker-0/INFO] [quark-zeta/]: Constructing module Inventory Sorting...
[05Jan2026 18:39:15.996] [modloading-worker-0/INFO] [quark-zeta/]: Constructing module Iron Rod...
[05Jan2026 18:39:15.997] [modloading-worker-0/DEBUG] [mixin/]: Mixing self.IZetaBlockMixin_FAKE from quark.mixins.json into org.violetmoon.quark.content.automation.block.IronRodBlock
[05Jan2026 18:39:16.005] [modloading-worker-0/INFO] [quark-zeta/]: Constructing module Item Sharing...
[05Jan2026 18:39:16.006] [modloading-worker-0/INFO] [quark-zeta/]: Constructing module Japanese Palette...
[05Jan2026 18:39:16.006] [modloading-worker-0/INFO] [quark-zeta/]: Constructing module Leaf Carpet...
[05Jan2026 18:39:16.007] [modloading-worker-0/INFO] [quark-zeta/]: Constructing module Lock Rotation...
[05Jan2026 18:39:16.007] [modloading-worker-0/INFO] [quark-zeta/]: Constructing module Long Range Pick Block...
[05Jan2026 18:39:16.007] [modloading-worker-0/INFO] [quark-zeta/]: Constructing module Magma Keeps Concrete Powder...
[05Jan2026 18:39:16.008] [modloading-worker-0/INFO] [quark-zeta/]: Constructing module Magnets...
[05Jan2026 18:39:16.010] [modloading-worker-0/INFO] [quark-zeta/]: Constructing module Map Washing...
[05Jan2026 18:39:16.011] [modloading-worker-0/INFO] [quark-zeta/]: Constructing module Matrix Enchanting...
[05Jan2026 18:39:16.012] [modloading-worker-0/DEBUG] [mixin/]: Mixing self.IZetaBlockMixin_FAKE from quark.mixins.json into org.violetmoon.quark.addons.oddities.block.MatrixEnchantingTableBlock
[05Jan2026 18:39:16.019] [modloading-worker-0/INFO] [quark-zeta/]: Constructing module Metal Buttons...
[05Jan2026 18:39:16.020] [modloading-worker-0/INFO] [quark-zeta/]: Constructing module Microcrafting Helper...
[05Jan2026 18:39:16.020] [modloading-worker-0/INFO] [quark-zeta/]: Constructing module Midori...
[05Jan2026 18:39:16.021] [modloading-worker-0/INFO] [quark-zeta/]: Constructing module Monster Box...
[05Jan2026 18:39:16.021] [modloading-worker-0/INFO] [quark-zeta/]: Constructing module More Banner Layers...
[05Jan2026 18:39:16.021] [modloading-worker-0/INFO] [quark-zeta/]: Constructing module More Brick Types...
[05Jan2026 18:39:16.022] [modloading-worker-0/INFO] [quark-zeta/]: Constructing module More Mud Blocks...
[05Jan2026 18:39:16.022] [modloading-worker-0/INFO] [quark-zeta/]: Constructing module More Note Block Sounds...
[05Jan2026 18:39:16.023] [modloading-worker-0/INFO] [quark-zeta/]: Constructing module More Potted Plants...
[05Jan2026 18:39:16.023] [modloading-worker-0/INFO] [quark-zeta/]: Constructing module More Villagers...
[05Jan2026 18:39:16.023] [modloading-worker-0/INFO] [quark-zeta/]: Constructing module Narrator Readout...
[05Jan2026 18:39:16.024] [modloading-worker-0/INFO] [quark-zeta/]: Constructing module Nether Brick Fence Gate...
[05Jan2026 18:39:16.024] [modloading-worker-0/INFO] [quark-zeta/]: Constructing module Nether Obsidian Spikes...
[05Jan2026 18:39:16.025] [modloading-worker-0/INFO] [quark-zeta/]: Constructing module New Stone Types...
[05Jan2026 18:39:16.027] [modloading-worker-0/INFO] [quark-zeta/]: Constructing module No Durability On Cosmetics...
[05Jan2026 18:39:16.028] [modloading-worker-0/INFO] [quark-zeta/]: Constructing module No More Lava Pockets...
[05Jan2026 18:39:16.028] [modloading-worker-0/INFO] [quark-zeta/]: Constructing module Obsidian Plate...
[05Jan2026 18:39:16.028] [modloading-worker-0/INFO] [quark-zeta/]: Constructing module Overlay Shader...
[05Jan2026 18:39:16.029] [modloading-worker-0/INFO] [quark-zeta/]: Constructing module Parrot Eggs...
[05Jan2026 18:39:16.029] [modloading-worker-0/INFO] [quark-zeta/]: Constructing module Pat The Dogs...
[05Jan2026 18:39:16.031] [modloading-worker-0/INFO] [quark-zeta/]: Constructing module Pathfinder Maps...
[05Jan2026 18:39:16.033] [modloading-worker-0/INFO] [quark-zeta/]: Constructing module Permafrost...
[05Jan2026 18:39:16.034] [modloading-worker-0/INFO] [quark-zeta/]: Constructing module Petals On Water...
[05Jan2026 18:39:16.035] [modloading-worker-0/INFO] [quark-zeta/]: Constructing module Pickarang...
[05Jan2026 18:39:16.037] [modloading-worker-0/INFO] [quark-zeta/]: Constructing module Pig Litters...
[05Jan2026 18:39:16.037] [modloading-worker-0/INFO] [quark-zeta/]: Constructing module Pipes...
[05Jan2026 18:39:16.040] [modloading-worker-0/INFO] [quark-zeta/]: Constructing module Pistons Move Tile Entities...
[05Jan2026 18:39:16.040] [modloading-worker-0/INFO] [quark-zeta/]: Constructing module Poison Potato Usage...
[05Jan2026 18:39:16.041] [modloading-worker-0/INFO] [quark-zeta/]: Constructing module Quick Armor Swapping...
[05Jan2026 18:39:16.041] [modloading-worker-0/INFO] [quark-zeta/]: Constructing module Rainbow Lamps...
[05Jan2026 18:39:16.042] [modloading-worker-0/INFO] [quark-zeta/]: Constructing module Raw Metal Bricks...
[05Jan2026 18:39:16.042] [modloading-worker-0/INFO] [quark-zeta/]: Constructing module Reacharound Placing...
[05Jan2026 18:39:16.043] [modloading-worker-0/INFO] [quark-zeta/]: Constructing module Redstone Randomizer...
[05Jan2026 18:39:16.044] [modloading-worker-0/INFO] [quark-zeta/]: Constructing module Renewable Spore Blossoms...
[05Jan2026 18:39:16.045] [modloading-worker-0/INFO] [quark-zeta/]: Constructing module Replace Scaffolding...
[05Jan2026 18:39:16.045] [modloading-worker-0/INFO] [quark-zeta/]: Constructing module Rope...
[05Jan2026 18:39:16.047] [modloading-worker-0/INFO] [quark-zeta/]: Constructing module Safer Creatures...
[05Jan2026 18:39:16.047] [modloading-worker-0/INFO] [quark-zeta/]: Constructing module Seed Pouch...
[05Jan2026 18:39:16.049] [modloading-worker-0/INFO] [quark-zeta/]: Constructing module Shear Vines...
[05Jan2026 18:39:16.050] [modloading-worker-0/DEBUG] [mixin/]: Mixing self.IZetaBlockMixin_FAKE from zeta_forge.mixins.json into org.violetmoon.zeta.block.ZetaVineBlock
[05Jan2026 18:39:16.058] [modloading-worker-0/INFO] [quark-zeta/]: Constructing module Shiba...
[05Jan2026 18:39:16.059] [modloading-worker-0/INFO] [quark-zeta/]: Constructing module Shingles...
[05Jan2026 18:39:16.059] [modloading-worker-0/INFO] [quark-zeta/]: Constructing module Shulker Packing...
[05Jan2026 18:39:16.060] [modloading-worker-0/INFO] [quark-zeta/]: Constructing module Simple Harvest...
[05Jan2026 18:39:16.061] [modloading-worker-0/INFO] [quark-zeta/]: Constructing module Skull Pikes...
[05Jan2026 18:39:16.063] [modloading-worker-0/INFO] [quark-zeta/]: Constructing module Slabs To Blocks...
[05Jan2026 18:39:16.063] [modloading-worker-0/INFO] [quark-zeta/]: Constructing module Slime In A Bucket...
[05Jan2026 18:39:16.064] [modloading-worker-0/INFO] [quark-zeta/]: Constructing module Slimes To Magma Cubes...
[05Jan2026 18:39:16.064] [modloading-worker-0/INFO] [quark-zeta/]: Constructing module Snow Golem Player Heads...
[05Jan2026 18:39:16.065] [modloading-worker-0/INFO] [quark-zeta/]: Constructing module Soul Candles...
[05Jan2026 18:39:16.065] [modloading-worker-0/INFO] [quark-zeta/]: Constructing module Soul Sandstone...
[05Jan2026 18:39:16.065] [modloading-worker-0/INFO] [quark-zeta/]: Constructing module Spawner Replacer...
[05Jan2026 18:39:16.067] [modloading-worker-0/INFO] [quark-zeta/]: Constructing module Spiral Spires...
[05Jan2026 18:39:16.068] [modloading-worker-0/INFO] [quark-zeta/]: Constructing module Stonelings...
[05Jan2026 18:39:16.069] [modloading-worker-0/INFO] [quark-zeta/]: Constructing module Stools...
[05Jan2026 18:39:16.070] [modloading-worker-0/INFO] [quark-zeta/]: Constructing module Sturdy Stone...
[05Jan2026 18:39:16.071] [modloading-worker-0/INFO] [quark-zeta/]: Constructing module Thatch...
[05Jan2026 18:39:16.072] [modloading-worker-0/INFO] [quark-zeta/]: Constructing module Tiny Potato...
[05Jan2026 18:39:16.074] [modloading-worker-0/INFO] [quark-zeta/]: Constructing module Torch Arrow...
[05Jan2026 18:39:16.075] [modloading-worker-0/INFO] [quark-zeta/]: Constructing module Toretoise...
[05Jan2026 18:39:16.076] [modloading-worker-0/INFO] [quark-zeta/]: Constructing module Totem Of Holding...
[05Jan2026 18:39:16.077] [modloading-worker-0/INFO] [quark-zeta/]: Constructing module Trowel...
[05Jan2026 18:39:16.078] [modloading-worker-0/INFO] [quark-zeta/]: Constructing module Usage Ticker...
[05Jan2026 18:39:16.078] [modloading-worker-0/INFO] [quark-zeta/]: Constructing module Uses For Curses...
[05Jan2026 18:39:16.078] [modloading-worker-0/INFO] [quark-zeta/]: Constructing module Utility Recipes...
[05Jan2026 18:39:16.079] [modloading-worker-0/INFO] [quark-zeta/]: Constructing module Variant Animal Textures...
[05Jan2026 18:39:16.079] [modloading-worker-0/INFO] [quark-zeta/]: Constructing module Variant Bookshelves...
[05Jan2026 18:39:16.079] [modloading-worker-0/INFO] [quark-zeta/]: Constructing module Variant Chests...
[05Jan2026 18:39:16.080] [modloading-worker-0/DEBUG] [mixin/]: Mixing self.IZetaBlockMixin_FAKE from quark.mixins.json into org.violetmoon.quark.content.building.block.VariantTrappedChestBlock
[05Jan2026 18:39:16.087] [modloading-worker-0/DEBUG] [mixin/]: Mixing self.IZetaBlockMixin_FAKE from quark.mixins.json into org.violetmoon.quark.content.building.block.VariantChestBlock
[05Jan2026 18:39:16.091] [modloading-worker-0/INFO] [quark-zeta/]: Constructing module Variant Furnaces...
[05Jan2026 18:39:16.092] [modloading-worker-0/DEBUG] [mixin/]: Mixing self.IZetaBlockMixin_FAKE from quark.mixins.json into org.violetmoon.quark.content.building.block.VariantFurnaceBlock
[05Jan2026 18:39:16.098] [modloading-worker-0/INFO] [quark-zeta/]: Constructing module Variant Ladders...
[05Jan2026 18:39:16.098] [modloading-worker-0/INFO] [quark-zeta/]: Constructing module Variant Selector...
[05Jan2026 18:39:16.100] [modloading-worker-0/INFO] [quark-zeta/]: Constructing module Vertical Planks...
[05Jan2026 18:39:16.101] [modloading-worker-0/INFO] [quark-zeta/]: Constructing module Vertical Slabs...
[05Jan2026 18:39:16.101] [modloading-worker-0/DEBUG] [mixin/]: Mixing self.IZetaBlockMixin_FAKE from quark.mixins.json into org.violetmoon.quark.content.building.block.QuarkVerticalSlabBlock
[05Jan2026 18:39:16.105] [modloading-worker-0/DEBUG] [mixin/]: Mixing self.IZetaBlockMixin_FAKE from quark.mixins.json into org.violetmoon.quark.content.building.block.VerticalSlabBlock
[05Jan2026 18:39:16.112] [modloading-worker-0/INFO] [quark-zeta/]: Constructing module Vexes Die With Their Masters...
[05Jan2026 18:39:16.112] [modloading-worker-0/INFO] [quark-zeta/]: Constructing module Villager Rerolling Rework...
[05Jan2026 18:39:16.113] [modloading-worker-0/DEBUG] [mixin/]: Mixing MerchantOffersMixin from quark.mixins.json into net.minecraft.world.item.trading.MerchantOffers
[05Jan2026 18:39:16.115] [modloading-worker-0/INFO] [quark-zeta/]: Constructing module Villagers Follow Emeralds...
[05Jan2026 18:39:16.115] [modloading-worker-0/INFO] [quark-zeta/]: Constructing module Wooden Posts...
[05Jan2026 18:39:16.116] [modloading-worker-0/INFO] [quark-zeta/]: Constructing module Wool Shuts Up Minecarts...
[05Jan2026 18:39:16.117] [modloading-worker-0/INFO] [quark-zeta/]: Constructing module Wraith...
[05Jan2026 18:39:16.118] [modloading-worker-0/INFO] [quark-zeta/]: Constructing module Zombie Villagers On Normal...
[05Jan2026 18:39:16.118] [modloading-worker-0/INFO] [quark-zeta/]: Constructing module More Stone Variants...
[05Jan2026 18:39:16.119] [modloading-worker-0/INFO] [quark-zeta/]: Constructed 164 modules.
[05Jan2026 18:39:16.159] [modloading-worker-0/DEBUG] [net.minecraftforge.fml.config.ConfigTracker/CONFIG]: Config file quark-common.toml for quark tracking
[05Jan2026 18:39:16.187] [modloading-worker-0/INFO] [quark-zeta/]: Doing super early config setup for quark
[05Jan2026 18:39:16.192] [modloading-worker-0/DEBUG] [mixin/]: Mixing AccessorLootTable from zeta.mixins.json into net.minecraft.world.level.storage.loot.LootTable
[05Jan2026 18:39:16.199] [modloading-worker-0/DEBUG] [net.minecraftforge.fml.javafmlmod.AutomaticEventSubscriber/LOADING]: Attempting to inject @EventBusSubscriber classes into the eventbus for quark
[05Jan2026 18:39:16.199] [modloading-worker-0/DEBUG] [net.minecraftforge.fml.javafmlmod.AutomaticEventSubscriber/LOADING]: Auto-subscribing org.violetmoon.quark.base.handler.QuarkRemapHandler to FORGE
[05Jan2026 18:39:16.207] [main/DEBUG] [mixin/]: Mixing RegistryDataLoaderMixin from zeta.mixins.json into net.minecraft.resources.RegistryDataLoader
[05Jan2026 18:39:16.256] [main/DEBUG] [net.minecraftforge.common.capabilities.CapabilityManager/CAPABILITIES]: Attempting to automatically register: Lnet/minecraftforge/energy/IEnergyStorage;
[05Jan2026 18:39:16.256] [main/DEBUG] [net.minecraftforge.common.capabilities.CapabilityManager/CAPABILITIES]: Attempting to automatically register: Lnet/minecraftforge/fluids/capability/IFluidHandler;
[05Jan2026 18:39:16.256] [main/DEBUG] [net.minecraftforge.common.capabilities.CapabilityManager/CAPABILITIES]: Attempting to automatically register: Lnet/minecraftforge/fluids/capability/IFluidHandlerItem;
[05Jan2026 18:39:16.256] [main/DEBUG] [net.minecraftforge.common.capabilities.CapabilityManager/CAPABILITIES]: Attempting to automatically register: Lnet/minecraftforge/items/IItemHandler;
[05Jan2026 18:39:16.319] [main/DEBUG] [mixin/]: Mixing self.IZetaBlockMixin_FAKE from zeta_forge.mixins.json into org.violetmoon.zeta.block.ZetaSlabBlock
[05Jan2026 18:39:16.324] [main/DEBUG] [mixin/]: Mixing self.IZetaBlockMixin_FAKE from zeta_forge.mixins.json into org.violetmoon.zeta.block.ZetaStairsBlock
[05Jan2026 18:39:16.324] [main/DEBUG] [net.minecraftforge.coremod.transformer.CoreModBaseTransformer/COREMOD]: Transforming net/minecraft/world/level/block/StairBlock
[05Jan2026 18:39:16.334] [main/DEBUG] [mixin/]: Mixing self.IZetaBlockMixin_FAKE from zeta_forge.mixins.json into org.violetmoon.zeta.block.ZetaFenceGateBlock
[05Jan2026 18:39:16.916] [main/DEBUG] [mixin/]: Mixing self.IZetaBlockMixin_FAKE from zeta_forge.mixins.json into org.violetmoon.zeta.block.ZetaInheritedPaneBlock
[05Jan2026 18:39:16.918] [main/DEBUG] [mixin/]: Mixing self.IZetaBlockMixin_FAKE from zeta_forge.mixins.json into org.violetmoon.zeta.block.ZetaPaneBlock
[05Jan2026 18:39:16.989] [main/DEBUG] [mixin/]: Mixing self.IZetaBlockMixin_FAKE from quark.mixins.json into org.violetmoon.quark.content.building.block.HedgeBlock
[05Jan2026 18:39:17.056] [main/DEBUG] [mixin/]: Mixing self.IZetaBlockMixin_FAKE from zeta_forge.mixins.json into org.violetmoon.zeta.block.ZetaWallBlock
[05Jan2026 18:39:18.974] [main/DEBUG] [mixin/]: Mixing self.IZetaBlockMixin_FAKE from zeta_forge.mixins.json into org.violetmoon.zeta.block.ZetaBlockWrapper
[05Jan2026 18:39:19.088] [main/DEBUG] [quark-zeta/]: Registering to minecraft:sound_event - quark:entity.shiba.eat_arrow
[05Jan2026 18:39:19.088] [main/DEBUG] [quark-zeta/]: Registering to minecraft:sound_event - quark:entity.shiba.whine
[05Jan2026 18:39:19.088] [main/DEBUG] [quark-zeta/]: Registering to minecraft:sound_event - quark:entity.shiba.step
[05Jan2026 18:39:19.088] [main/DEBUG] [quark-zeta/]: Registering to minecraft:sound_event - quark:entity.shiba.ambient
[05Jan2026 18:39:19.089] [main/DEBUG] [quark-zeta/]: Registering to minecraft:sound_event - quark:entity.shiba.pant
[05Jan2026 18:39:19.089] [main/DEBUG] [quark-zeta/]: Registering to minecraft:sound_event - quark:entity.shiba.hurt
[05Jan2026 18:39:19.089] [main/DEBUG] [quark-zeta/]: Registering to minecraft:sound_event - quark:entity.shiba.death
[05Jan2026 18:39:19.089] [main/DEBUG] [quark-zeta/]: Registering to minecraft:sound_event - quark:entity.stoneling.meep
[05Jan2026 18:39:19.089] [main/DEBUG] [quark-zeta/]: Registering to minecraft:sound_event - quark:entity.stoneling.purr
[05Jan2026 18:39:19.089] [main/DEBUG] [quark-zeta/]: Registering to minecraft:sound_event - quark:entity.stoneling.give
[05Jan2026 18:39:19.089] [main/DEBUG] [quark-zeta/]: Registering to minecraft:sound_event - quark:entity.stoneling.take
[05Jan2026 18:39:19.089] [main/DEBUG] [quark-zeta/]: Registering to minecraft:sound_event - quark:entity.stoneling.eat
[05Jan2026 18:39:19.089] [main/DEBUG] [quark-zeta/]: Registering to minecraft:sound_event - quark:entity.stoneling.die
[05Jan2026 18:39:19.089] [main/DEBUG] [quark-zeta/]: Registering to minecraft:sound_event - quark:entity.stoneling.cry
[05Jan2026 18:39:19.089] [main/DEBUG] [quark-zeta/]: Registering to minecraft:sound_event - quark:entity.stoneling.michael
[05Jan2026 18:39:19.089] [main/DEBUG] [quark-zeta/]: Registering to minecraft:sound_event - quark:entity.pickarang.throw
[05Jan2026 18:39:19.089] [main/DEBUG] [quark-zeta/]: Registering to minecraft:sound_event - quark:entity.pickarang.clank
[05Jan2026 18:39:19.089] [main/DEBUG] [quark-zeta/]: Registering to minecraft:sound_event - quark:entity.pickarang.spark
[05Jan2026 18:39:19.089] [main/DEBUG] [quark-zeta/]: Registering to minecraft:sound_event - quark:entity.pickarang.pickup
[05Jan2026 18:39:19.089] [main/DEBUG] [quark-zeta/]: Registering to minecraft:sound_event - quark:entity.foxhound.ambient
[05Jan2026 18:39:19.089] [main/DEBUG] [quark-zeta/]: Registering to minecraft:sound_event - quark:entity.foxhound.death
[05Jan2026 18:39:19.089] [main/DEBUG] [quark-zeta/]: Registering to minecraft:sound_event - quark:entity.foxhound.growl
[05Jan2026 18:39:19.089] [main/DEBUG] [quark-zeta/]: Registering to minecraft:sound_event - quark:entity.foxhound.hurt
[05Jan2026 18:39:19.089] [main/DEBUG] [quark-zeta/]: Registering to minecraft:sound_event - quark:entity.foxhound.pant
[05Jan2026 18:39:19.089] [main/DEBUG] [quark-zeta/]: Registering to minecraft:sound_event - quark:entity.foxhound.shake
[05Jan2026 18:39:19.089] [main/DEBUG] [quark-zeta/]: Registering to minecraft:sound_event - quark:entity.foxhound.whine
[05Jan2026 18:39:19.090] [main/DEBUG] [quark-zeta/]: Registering to minecraft:sound_event - quark:entity.foxhound.eat
[05Jan2026 18:39:19.090] [main/DEBUG] [quark-zeta/]: Registering to minecraft:sound_event - quark:entity.foxhound.crackle
[05Jan2026 18:39:19.090] [main/DEBUG] [quark-zeta/]: Registering to minecraft:sound_event - quark:entity.crab.die
[05Jan2026 18:39:19.090] [main/DEBUG] [quark-zeta/]: Registering to minecraft:sound_event - quark:entity.crab.hurt
[05Jan2026 18:39:19.090] [main/DEBUG] [quark-zeta/]: Registering to minecraft:sound_event - quark:entity.crab.idle
[05Jan2026 18:39:19.090] [main/DEBUG] [quark-zeta/]: Registering to minecraft:sound_event - quark:entity.toretoise.die
[05Jan2026 18:39:19.090] [main/DEBUG] [quark-zeta/]: Registering to minecraft:sound_event - quark:entity.toretoise.hurt
[05Jan2026 18:39:19.090] [main/DEBUG] [quark-zeta/]: Registering to minecraft:sound_event - quark:entity.toretoise.idle
[05Jan2026 18:39:19.090] [main/DEBUG] [quark-zeta/]: Registering to minecraft:sound_event - quark:entity.toretoise.angry
[05Jan2026 18:39:19.090] [main/DEBUG] [quark-zeta/]: Registering to minecraft:sound_event - quark:entity.toretoise.harvest
[05Jan2026 18:39:19.090] [main/DEBUG] [quark-zeta/]: Registering to minecraft:sound_event - quark:entity.toretoise.eat_satiated
[05Jan2026 18:39:19.090] [main/DEBUG] [quark-zeta/]: Registering to minecraft:sound_event - quark:entity.toretoise.eat
[05Jan2026 18:39:19.090] [main/DEBUG] [quark-zeta/]: Registering to minecraft:sound_event - quark:entity.toretoise.regrow
[05Jan2026 18:39:19.090] [main/DEBUG] [quark-zeta/]: Registering to minecraft:sound_event - quark:entity.parrot.egg
[05Jan2026 18:39:19.090] [main/DEBUG] [quark-zeta/]: Registering to minecraft:sound_event - quark:entity.soul_bead.idle
[05Jan2026 18:39:19.090] [main/DEBUG] [quark-zeta/]: Registering to minecraft:sound_event - quark:block.monster_box.growl
[05Jan2026 18:39:19.090] [main/DEBUG] [quark-zeta/]: Registering to minecraft:sound_event - quark:block.pipe.shoot
[05Jan2026 18:39:19.091] [main/DEBUG] [quark-zeta/]: Registering to minecraft:sound_event - quark:block.pipe.pickup
[05Jan2026 18:39:19.091] [main/DEBUG] [quark-zeta/]: Registering to minecraft:sound_event - quark:block.pipe.shoot.lenny
[05Jan2026 18:39:19.091] [main/DEBUG] [quark-zeta/]: Registering to minecraft:sound_event - quark:block.pipe.pickup.lenny
[05Jan2026 18:39:19.091] [main/DEBUG] [quark-zeta/]: Registering to minecraft:sound_event - quark:block.potato.do_it
[05Jan2026 18:39:19.091] [main/DEBUG] [quark-zeta/]: Registering to minecraft:sound_event - quark:block.potato.soda
[05Jan2026 18:39:19.091] [main/DEBUG] [quark-zeta/]: Registering to minecraft:sound_event - quark:block.potato.kingbdogz
[05Jan2026 18:39:19.091] [main/DEBUG] [quark-zeta/]: Registering to minecraft:sound_event - quark:block.potato.yung
[05Jan2026 18:39:19.091] [main/DEBUG] [quark-zeta/]: Registering to minecraft:sound_event - quark:block.potato.hurt
[05Jan2026 18:39:19.091] [main/DEBUG] [quark-zeta/]: Registering to minecraft:sound_event - quark:item.camera.shutter
[05Jan2026 18:39:19.091] [main/DEBUG] [quark-zeta/]: Registering to minecraft:sound_event - quark:item.soul_powder.spawn
[05Jan2026 18:39:19.091] [main/DEBUG] [quark-zeta/]: Registering to minecraft:sound_event - quark:item.bucket.fill_crab
[05Jan2026 18:39:19.091] [main/DEBUG] [quark-zeta/]: Registering to minecraft:sound_event - quark:item.bucket.empty_crab
[05Jan2026 18:39:19.091] [main/DEBUG] [quark-zeta/]: Registering to minecraft:sound_event - quark:pet.device
[05Jan2026 18:39:19.091] [main/DEBUG] [quark-zeta/]: Registering to minecraft:sound_event - quark:pet.neko
[05Jan2026 18:39:19.091] [main/DEBUG] [quark-zeta/]: Registering to minecraft:sound_event - quark:pet.slime
[05Jan2026 18:39:19.091] [main/DEBUG] [quark-zeta/]: Registering to minecraft:sound_event - quark:pet.wire
[05Jan2026 18:39:19.091] [main/DEBUG] [quark-zeta/]: Registering to minecraft:sound_event - quark:ambient.drips
[05Jan2026 18:39:19.091] [main/DEBUG] [quark-zeta/]: Registering to minecraft:sound_event - quark:ambient.ocean
[05Jan2026 18:39:19.091] [main/DEBUG] [quark-zeta/]: Registering to minecraft:sound_event - quark:ambient.rain
[05Jan2026 18:39:19.091] [main/DEBUG] [quark-zeta/]: Registering to minecraft:sound_event - quark:ambient.wind
[05Jan2026 18:39:19.091] [main/DEBUG] [quark-zeta/]: Registering to minecraft:sound_event - quark:ambient.fire
[05Jan2026 18:39:19.091] [main/DEBUG] [quark-zeta/]: Registering to minecraft:sound_event - quark:ambient.clock
[05Jan2026 18:39:19.092] [main/DEBUG] [quark-zeta/]: Registering to minecraft:sound_event - quark:ambient.crickets
[05Jan2026 18:39:19.092] [main/DEBUG] [quark-zeta/]: Registering to minecraft:sound_event - quark:ambient.chatter
[05Jan2026 18:39:19.092] [main/DEBUG] [quark-zeta/]: Registering to minecraft:sound_event - quark:music.endermosh
[05Jan2026 18:39:19.092] [main/DEBUG] [quark-zeta/]: Registering to minecraft:sound_event - quark:music.glimmering_weald
[05Jan2026 18:39:21.370] [main/DEBUG] [quark-zeta/]: Registering to minecraft:block - quark:ancient_log
[05Jan2026 18:39:21.370] [main/DEBUG] [quark-zeta/]: Registering to minecraft:block - quark:hollow_ancient_log
[05Jan2026 18:39:21.370] [main/DEBUG] [quark-zeta/]: Registering to minecraft:block - quark:ancient_wood
[05Jan2026 18:39:21.370] [main/DEBUG] [quark-zeta/]: Registering to minecraft:block - quark:stripped_ancient_log
[05Jan2026 18:39:21.370] [main/DEBUG] [quark-zeta/]: Registering to minecraft:block - quark:stripped_ancient_wood
[05Jan2026 18:39:21.370] [main/DEBUG] [quark-zeta/]: Registering to minecraft:block - quark:ancient_planks
[05Jan2026 18:39:21.370] [main/DEBUG] [quark-zeta/]: Registering to minecraft:block - quark:vertical_ancient_planks
[05Jan2026 18:39:21.370] [main/DEBUG] [quark-zeta/]: Registering to minecraft:block - quark:ancient_planks_slab
[05Jan2026 18:39:21.370] [main/DEBUG] [quark-zeta/]: Registering to minecraft:block - quark:ancient_planks_stairs
[05Jan2026 18:39:21.371] [main/DEBUG] [quark-zeta/]: Registering to minecraft:block - quark:ancient_fence
[05Jan2026 18:39:21.371] [main/DEBUG] [quark-zeta/]: Registering to minecraft:block - quark:ancient_fence_gate
[05Jan2026 18:39:21.371] [main/DEBUG] [quark-zeta/]: Registering to minecraft:block - quark:ancient_door
[05Jan2026 18:39:21.371] [main/DEBUG] [quark-zeta/]: Registering to minecraft:block - quark:ancient_trapdoor
[05Jan2026 18:39:21.371] [main/DEBUG] [quark-zeta/]: Registering to minecraft:block - quark:ancient_pressure_plate
[05Jan2026 18:39:21.371] [main/DEBUG] [quark-zeta/]: Registering to minecraft:block - quark:ancient_button
[05Jan2026 18:39:21.371] [main/DEBUG] [quark-zeta/]: Registering to minecraft:block - quark:ancient_sign
[05Jan2026 18:39:21.371] [main/DEBUG] [quark-zeta/]: Registering to minecraft:block - quark:ancient_wall_sign
[05Jan2026 18:39:21.371] [main/DEBUG] [quark-zeta/]: Registering to minecraft:block - quark:ancient_hanging_sign
[05Jan2026 18:39:21.371] [main/DEBUG] [quark-zeta/]: Registering to minecraft:block - quark:ancient_wall_hanging_sign
[05Jan2026 18:39:21.371] [main/DEBUG] [quark-zeta/]: Registering to minecraft:block - quark:ancient_bookshelf
[05Jan2026 18:39:21.371] [main/DEBUG] [quark-zeta/]: Registering to minecraft:block - quark:ancient_ladder
[05Jan2026 18:39:21.371] [main/DEBUG] [quark-zeta/]: Registering to minecraft:block - quark:ancient_post
[05Jan2026 18:39:21.371] [main/DEBUG] [quark-zeta/]: Registering to minecraft:block - quark:stripped_ancient_post
[05Jan2026 18:39:21.371] [main/DEBUG] [quark-zeta/]: Registering to minecraft:block - quark:ancient_chest
[05Jan2026 18:39:21.371] [main/DEBUG] [quark-zeta/]: Registering to minecraft:block - quark:ancient_trapped_chest
[05Jan2026 18:39:21.371] [main/DEBUG] [quark-zeta/]: Registering to minecraft:block - quark:ancient_leaves
[05Jan2026 18:39:21.371] [main/DEBUG] [quark-zeta/]: Registering to minecraft:block - quark:ancient_sapling
[05Jan2026 18:39:21.371] [main/DEBUG] [quark-zeta/]: Registering to minecraft:block - quark:potted_ancient_sapling
[05Jan2026 18:39:21.371] [main/DEBUG] [quark-zeta/]: Registering to minecraft:block - quark:azalea_log
[05Jan2026 18:39:21.371] [main/DEBUG] [quark-zeta/]: Registering to minecraft:block - quark:hollow_azalea_log
[05Jan2026 18:39:21.371] [main/DEBUG] [quark-zeta/]: Registering to minecraft:block - quark:azalea_wood
[05Jan2026 18:39:21.371] [main/DEBUG] [quark-zeta/]: Registering to minecraft:block - quark:stripped_azalea_log
[05Jan2026 18:39:21.371] [main/DEBUG] [quark-zeta/]: Registering to minecraft:block - quark:stripped_azalea_wood
[05Jan2026 18:39:21.371] [main/DEBUG] [quark-zeta/]: Registering to minecraft:block - quark:azalea_planks
[05Jan2026 18:39:21.371] [main/DEBUG] [quark-zeta/]: Registering to minecraft:block - quark:vertical_azalea_planks
[05Jan2026 18:39:21.371] [main/DEBUG] [quark-zeta/]: Registering to minecraft:block - quark:azalea_planks_slab
[05Jan2026 18:39:21.371] [main/DEBUG] [quark-zeta/]: Registering to minecraft:block - quark:azalea_planks_stairs
[05Jan2026 18:39:21.372] [main/DEBUG] [quark-zeta/]: Registering to minecraft:block - quark:azalea_fence
[05Jan2026 18:39:21.372] [main/DEBUG] [quark-zeta/]: Registering to minecraft:block - quark:azalea_fence_gate
[05Jan2026 18:39:21.372] [main/DEBUG] [quark-zeta/]: Registering to minecraft:block - quark:azalea_door
[05Jan2026 18:39:21.372] [main/DEBUG] [quark-zeta/]: Registering to minecraft:block - quark:azalea_trapdoor
[05Jan2026 18:39:21.372] [main/DEBUG] [quark-zeta/]: Registering to minecraft:block - quark:azalea_pressure_plate
[05Jan2026 18:39:21.372] [main/DEBUG] [quark-zeta/]: Registering to minecraft:block - quark:azalea_button
[05Jan2026 18:39:21.372] [main/DEBUG] [quark-zeta/]: Registering to minecraft:block - quark:azalea_sign
[05Jan2026 18:39:21.372] [main/DEBUG] [quark-zeta/]: Registering to minecraft:block - quark:azalea_wall_sign
[05Jan2026 18:39:21.372] [main/DEBUG] [quark-zeta/]: Registering to minecraft:block - quark:azalea_hanging_sign
[05Jan2026 18:39:21.372] [main/DEBUG] [quark-zeta/]: Registering to minecraft:block - quark:azalea_wall_hanging_sign
[05Jan2026 18:39:21.372] [main/DEBUG] [quark-zeta/]: Registering to minecraft:block - quark:azalea_bookshelf
[05Jan2026 18:39:21.372] [main/DEBUG] [quark-zeta/]: Registering to minecraft:block - quark:azalea_ladder
[05Jan2026 18:39:21.372] [main/DEBUG] [quark-zeta/]: Registering to minecraft:block - quark:azalea_post
[05Jan2026 18:39:21.372] [main/DEBUG] [quark-zeta/]: Registering to minecraft:block - quark:stripped_azalea_post
[05Jan2026 18:39:21.372] [main/DEBUG] [quark-zeta/]: Registering to minecraft:block - quark:azalea_chest
[05Jan2026 18:39:21.372] [main/DEBUG] [quark-zeta/]: Registering to minecraft:block - quark:azalea_trapped_chest
[05Jan2026 18:39:21.372] [main/DEBUG] [quark-zeta/]: Registering to minecraft:block - quark:bonded_ravager_hide
[05Jan2026 18:39:21.372] [main/DEBUG] [quark-zeta/]: Registering to minecraft:block - quark:blossom_log
[05Jan2026 18:39:21.372] [main/DEBUG] [quark-zeta/]: Registering to minecraft:block - quark:hollow_blossom_log
[05Jan2026 18:39:21.372] [main/DEBUG] [quark-zeta/]: Registering to minecraft:block - quark:blossom_wood
[05Jan2026 18:39:21.372] [main/DEBUG] [quark-zeta/]: Registering to minecraft:block - quark:stripped_blossom_log
[05Jan2026 18:39:21.372] [main/DEBUG] [quark-zeta/]: Registering to minecraft:block - quark:stripped_blossom_wood
[05Jan2026 18:39:21.372] [main/DEBUG] [quark-zeta/]: Registering to minecraft:block - quark:blossom_planks
[05Jan2026 18:39:21.372] [main/DEBUG] [quark-zeta/]: Registering to minecraft:block - quark:vertical_blossom_planks
[05Jan2026 18:39:21.372] [main/DEBUG] [quark-zeta/]: Registering to minecraft:block - quark:blossom_planks_slab
[05Jan2026 18:39:21.372] [main/DEBUG] [quark-zeta/]: Registering to minecraft:block - quark:blossom_planks_stairs
[05Jan2026 18:39:21.373] [main/DEBUG] [quark-zeta/]: Registering to minecraft:block - quark:blossom_fence
[05Jan2026 18:39:21.373] [main/DEBUG] [quark-zeta/]: Registering to minecraft:block - quark:blossom_fence_gate
[05Jan2026 18:39:21.373] [main/DEBUG] [quark-zeta/]: Registering to minecraft:block - quark:blossom_door
[05Jan2026 18:39:21.373] [main/DEBUG] [quark-zeta/]: Registering to minecraft:block - quark:blossom_trapdoor
[05Jan2026 18:39:21.373] [main/DEBUG] [quark-zeta/]: Registering to minecraft:block - quark:blossom_pressure_plate
[05Jan2026 18:39:21.373] [main/DEBUG] [quark-zeta/]: Registering to minecraft:block - quark:blossom_button
[05Jan2026 18:39:21.373] [main/DEBUG] [quark-zeta/]: Registering to minecraft:block - quark:blossom_sign
[05Jan2026 18:39:21.373] [main/DEBUG] [quark-zeta/]: Registering to minecraft:block - quark:blossom_wall_sign
[05Jan2026 18:39:21.373] [main/DEBUG] [quark-zeta/]: Registering to minecraft:block - quark:blossom_hanging_sign
[05Jan2026 18:39:21.373] [main/DEBUG] [quark-zeta/]: Registering to minecraft:block - quark:blossom_wall_hanging_sign
[05Jan2026 18:39:21.373] [main/DEBUG] [quark-zeta/]: Registering to minecraft:block - quark:blossom_bookshelf
[05Jan2026 18:39:21.373] [main/DEBUG] [quark-zeta/]: Registering to minecraft:block - quark:blossom_ladder
[05Jan2026 18:39:21.373] [main/DEBUG] [quark-zeta/]: Registering to minecraft:block - quark:blossom_post
[05Jan2026 18:39:21.373] [main/DEBUG] [quark-zeta/]: Registering to minecraft:block - quark:stripped_blossom_post
[05Jan2026 18:39:21.373] [main/DEBUG] [quark-zeta/]: Registering to minecraft:block - quark:blossom_chest
[05Jan2026 18:39:21.373] [main/DEBUG] [quark-zeta/]: Registering to minecraft:block - quark:blossom_trapped_chest
[05Jan2026 18:39:21.373] [main/DEBUG] [quark-zeta/]: Registering to minecraft:block - quark:blue_blossom_leaves
[05Jan2026 18:39:21.373] [main/DEBUG] [quark-zeta/]: Registering to minecraft:block - quark:blue_blossom_sapling
[05Jan2026 18:39:21.373] [main/DEBUG] [quark-zeta/]: Registering to minecraft:block - quark:potted_blue_blossom_sapling
[05Jan2026 18:39:21.373] [main/DEBUG] [quark-zeta/]: Registering to minecraft:block - quark:lavender_blossom_leaves
[05Jan2026 18:39:21.373] [main/DEBUG] [quark-zeta/]: Registering to minecraft:block - quark:lavender_blossom_sapling
[05Jan2026 18:39:21.373] [main/DEBUG] [quark-zeta/]: Registering to minecraft:block - quark:potted_lavender_blossom_sapling
[05Jan2026 18:39:21.373] [main/DEBUG] [quark-zeta/]: Registering to minecraft:block - quark:orange_blossom_leaves
[05Jan2026 18:39:21.373] [main/DEBUG] [quark-zeta/]: Registering to minecraft:block - quark:orange_blossom_sapling
[05Jan2026 18:39:21.373] [main/DEBUG] [quark-zeta/]: Registering to minecraft:block - quark:potted_orange_blossom_sapling
[05Jan2026 18:39:21.373] [main/DEBUG] [quark-zeta/]: Registering to minecraft:block - quark:yellow_blossom_leaves
[05Jan2026 18:39:21.373] [main/DEBUG] [quark-zeta/]: Registering to minecraft:block - quark:yellow_blossom_sapling
[05Jan2026 18:39:21.373] [main/DEBUG] [quark-zeta/]: Registering to minecraft:block - quark:potted_yellow_blossom_sapling
[05Jan2026 18:39:21.373] [main/DEBUG] [quark-zeta/]: Registering to minecraft:block - quark:red_blossom_leaves
[05Jan2026 18:39:21.373] [main/DEBUG] [quark-zeta/]: Registering to minecraft:block - quark:red_blossom_sapling
[05Jan2026 18:39:21.374] [main/DEBUG] [quark-zeta/]: Registering to minecraft:block - quark:potted_red_blossom_sapling
[05Jan2026 18:39:21.374] [main/DEBUG] [quark-zeta/]: Registering to minecraft:block - quark:cloud
[05Jan2026 18:39:21.374] [main/DEBUG] [quark-zeta/]: Registering to minecraft:block - quark:stone_lamp
[05Jan2026 18:39:21.374] [main/DEBUG] [quark-zeta/]: Registering to minecraft:block - quark:stone_brick_lamp
[05Jan2026 18:39:21.374] [main/DEBUG] [quark-zeta/]: Registering to minecraft:block - quark:chorus_weeds
[05Jan2026 18:39:21.374] [main/DEBUG] [quark-zeta/]: Registering to minecraft:block - quark:chorus_twist
[05Jan2026 18:39:21.374] [main/DEBUG] [quark-zeta/]: Registering to minecraft:block - quark:potted_chorus_weeds
[05Jan2026 18:39:21.374] [main/DEBUG] [quark-zeta/]: Registering to minecraft:block - quark:potted_chorus_twist
[05Jan2026 18:39:21.374] [main/DEBUG] [quark-zeta/]: Registering to minecraft:block - quark:chute
[05Jan2026 18:39:21.374] [main/DEBUG] [quark-zeta/]: Registering to minecraft:block - quark:charcoal_block
[05Jan2026 18:39:21.374] [main/DEBUG] [quark-zeta/]: Registering to minecraft:block - quark:sugar_cane_block
[05Jan2026 18:39:21.374] [main/DEBUG] [quark-zeta/]: Registering to minecraft:block - quark:cactus_block
[05Jan2026 18:39:21.374] [main/DEBUG] [quark-zeta/]: Registering to minecraft:block - quark:chorus_fruit_block
[05Jan2026 18:39:21.374] [main/DEBUG] [quark-zeta/]: Registering to minecraft:block - quark:stick_block
[05Jan2026 18:39:21.374] [main/DEBUG] [quark-zeta/]: Registering to minecraft:block - quark:golden_apple_crate
[05Jan2026 18:39:21.374] [main/DEBUG] [quark-zeta/]: Registering to minecraft:block - quark:apple_crate
[05Jan2026 18:39:21.374] [main/DEBUG] [quark-zeta/]: Registering to minecraft:block - quark:potato_crate
[05Jan2026 18:39:21.374] [main/DEBUG] [quark-zeta/]: Registering to minecraft:block - quark:carrot_crate
[05Jan2026 18:39:21.375] [main/DEBUG] [quark-zeta/]: Registering to minecraft:block - quark:golden_carrot_crate
[05Jan2026 18:39:21.375] [main/DEBUG] [quark-zeta/]: Registering to minecraft:block - quark:beetroot_crate
[05Jan2026 18:39:21.375] [main/DEBUG] [quark-zeta/]: Registering to minecraft:block - quark:cocoa_beans_sack
[05Jan2026 18:39:21.375] [main/DEBUG] [quark-zeta/]: Registering to minecraft:block - quark:nether_wart_sack
[05Jan2026 18:39:21.375] [main/DEBUG] [quark-zeta/]: Registering to minecraft:block - quark:gunpowder_sack
[05Jan2026 18:39:21.375] [main/DEBUG] [quark-zeta/]: Registering to minecraft:block - quark:berry_sack
[05Jan2026 18:39:21.375] [main/DEBUG] [quark-zeta/]: Registering to minecraft:block - quark:glowberry_sack
[05Jan2026 18:39:21.375] [main/DEBUG] [quark-zeta/]: Registering to minecraft:block - quark:blaze_lantern
[05Jan2026 18:39:21.375] [main/DEBUG] [quark-zeta/]: Registering to minecraft:block - quark:bonded_leather
[05Jan2026 18:39:21.375] [main/DEBUG] [quark-zeta/]: Registering to minecraft:block - quark:bonded_rabbit_hide
[05Jan2026 18:39:21.375] [main/DEBUG] [quark-zeta/]: Registering to minecraft:block - quark:red_corundum
[05Jan2026 18:39:21.375] [main/DEBUG] [quark-zeta/]: Registering to minecraft:block - quark:waxed_red_corundum
[05Jan2026 18:39:21.375] [main/DEBUG] [quark-zeta/]: Registering to minecraft:block - quark:red_corundum_pane
[05Jan2026 18:39:21.375] [main/DEBUG] [quark-zeta/]: Registering to minecraft:block - quark:red_corundum_cluster
[05Jan2026 18:39:21.375] [main/DEBUG] [quark-zeta/]: Registering to minecraft:block - quark:orange_corundum
[05Jan2026 18:39:21.375] [main/DEBUG] [quark-zeta/]: Registering to minecraft:block - quark:waxed_orange_corundum
[05Jan2026 18:39:21.375] [main/DEBUG] [quark-zeta/]: Registering to minecraft:block - quark:orange_corundum_pane
[05Jan2026 18:39:21.375] [main/DEBUG] [quark-zeta/]: Registering to minecraft:block - quark:orange_corundum_cluster
[05Jan2026 18:39:21.375] [main/DEBUG] [quark-zeta/]: Registering to minecraft:block - quark:yellow_corundum
[05Jan2026 18:39:21.375] [main/DEBUG] [quark-zeta/]: Registering to minecraft:block - quark:waxed_yellow_corundum
[05Jan2026 18:39:21.375] [main/DEBUG] [quark-zeta/]: Registering to minecraft:block - quark:yellow_corundum_pane
[05Jan2026 18:39:21.375] [main/DEBUG] [quark-zeta/]: Registering to minecraft:block - quark:yellow_corundum_cluster
[05Jan2026 18:39:21.375] [main/DEBUG] [quark-zeta/]: Registering to minecraft:block - quark:green_corundum
[05Jan2026 18:39:21.375] [main/DEBUG] [quark-zeta/]: Registering to minecraft:block - quark:waxed_green_corundum
[05Jan2026 18:39:21.375] [main/DEBUG] [quark-zeta/]: Registering to minecraft:block - quark:green_corundum_pane
[05Jan2026 18:39:21.375] [main/DEBUG] [quark-zeta/]: Registering to minecraft:block - quark:green_corundum_cluster
[05Jan2026 18:39:21.375] [main/DEBUG] [quark-zeta/]: Registering to minecraft:block - quark:blue_corundum
[05Jan2026 18:39:21.376] [main/DEBUG] [quark-zeta/]: Registering to minecraft:block - quark:waxed_blue_corundum
[05Jan2026 18:39:21.376] [main/DEBUG] [quark-zeta/]: Registering to minecraft:block - quark:blue_corundum_pane
[05Jan2026 18:39:21.376] [main/DEBUG] [quark-zeta/]: Registering to minecraft:block - quark:blue_corundum_cluster
[05Jan2026 18:39:21.376] [main/DEBUG] [quark-zeta/]: Registering to minecraft:block - quark:indigo_corundum
[05Jan2026 18:39:21.376] [main/DEBUG] [quark-zeta/]: Registering to minecraft:block - quark:waxed_indigo_corundum
[05Jan2026 18:39:21.376] [main/DEBUG] [quark-zeta/]: Registering to minecraft:block - quark:indigo_corundum_pane
[05Jan2026 18:39:21.376] [main/DEBUG] [quark-zeta/]: Registering to minecraft:block - quark:indigo_corundum_cluster
[05Jan2026 18:39:21.376] [main/DEBUG] [quark-zeta/]: Registering to minecraft:block - quark:violet_corundum
[05Jan2026 18:39:21.376] [main/DEBUG] [quark-zeta/]: Registering to minecraft:block - quark:waxed_violet_corundum
[05Jan2026 18:39:21.376] [main/DEBUG] [quark-zeta/]: Registering to minecraft:block - quark:violet_corundum_pane
[05Jan2026 18:39:21.376] [main/DEBUG] [quark-zeta/]: Registering to minecraft:block - quark:violet_corundum_cluster
[05Jan2026 18:39:21.376] [main/DEBUG] [quark-zeta/]: Registering to minecraft:block - quark:white_corundum
[05Jan2026 18:39:21.376] [main/DEBUG] [quark-zeta/]: Registering to minecraft:block - quark:waxed_white_corundum
[05Jan2026 18:39:21.376] [main/DEBUG] [quark-zeta/]: Registering to minecraft:block - quark:white_corundum_pane
[05Jan2026 18:39:21.376] [main/DEBUG] [quark-zeta/]: Registering to minecraft:block - quark:white_corundum_cluster
[05Jan2026 18:39:21.376] [main/DEBUG] [quark-zeta/]: Registering to minecraft:block - quark:black_corundum
[05Jan2026 18:39:21.376] [main/DEBUG] [quark-zeta/]: Registering to minecraft:block - quark:waxed_black_corundum
[05Jan2026 18:39:21.376] [main/DEBUG] [quark-zeta/]: Registering to minecraft:block - quark:black_corundum_pane
[05Jan2026 18:39:21.376] [main/DEBUG] [quark-zeta/]: Registering to minecraft:block - quark:black_corundum_cluster
[05Jan2026 18:39:21.376] [main/DEBUG] [quark-zeta/]: Registering to minecraft:block - quark:crafter
[05Jan2026 18:39:21.376] [main/DEBUG] [quark-zeta/]: Registering to minecraft:block - quark:crate
[05Jan2026 18:39:21.376] [main/DEBUG] [quark-zeta/]: Registering to minecraft:block - quark:duskbound_block
[05Jan2026 18:39:21.376] [main/DEBUG] [quark-zeta/]: Registering to minecraft:block - quark:duskbound_lantern
[05Jan2026 18:39:21.376] [main/DEBUG] [quark-zeta/]: Registering to minecraft:block - quark:duskbound_block_slab
[05Jan2026 18:39:21.376] [main/DEBUG] [quark-zeta/]: Registering to minecraft:block - quark:duskbound_block_stairs
[05Jan2026 18:39:21.376] [main/DEBUG] [quark-zeta/]: Registering to minecraft:block - quark:ender_watcher
[05Jan2026 18:39:21.376] [main/DEBUG] [quark-zeta/]: Registering to minecraft:block - quark:feeding_trough
[05Jan2026 18:39:21.376] [main/DEBUG] [quark-zeta/]: Registering to minecraft:block - quark:framed_glass
[05Jan2026 18:39:21.376] [main/DEBUG] [quark-zeta/]: Registering to minecraft:block - quark:framed_glass_pane
[05Jan2026 18:39:21.377] [main/DEBUG] [quark-zeta/]: Registering to minecraft:block - quark:white_framed_glass
[05Jan2026 18:39:21.377] [main/DEBUG] [quark-zeta/]: Registering to minecraft:block - quark:light_gray_framed_glass
[05Jan2026 18:39:21.377] [main/DEBUG] [quark-zeta/]: Registering to minecraft:block - quark:gray_framed_glass
[05Jan2026 18:39:21.377] [main/DEBUG] [quark-zeta/]: Registering to minecraft:block - quark:black_framed_glass
[05Jan2026 18:39:21.377] [main/DEBUG] [quark-zeta/]: Registering to minecraft:block - quark:brown_framed_glass
[05Jan2026 18:39:21.377] [main/DEBUG] [quark-zeta/]: Registering to minecraft:block - quark:red_framed_glass
[05Jan2026 18:39:21.377] [main/DEBUG] [quark-zeta/]: Registering to minecraft:block - quark:orange_framed_glass
[05Jan2026 18:39:21.377] [main/DEBUG] [quark-zeta/]: Registering to minecraft:block - quark:yellow_framed_glass
[05Jan2026 18:39:21.377] [main/DEBUG] [quark-zeta/]: Registering to minecraft:block - quark:lime_framed_glass
[05Jan2026 18:39:21.377] [main/DEBUG] [quark-zeta/]: Registering to minecraft:block - quark:green_framed_glass
[05Jan2026 18:39:21.377] [main/DEBUG] [quark-zeta/]: Registering to minecraft:block - quark:cyan_framed_glass
[05Jan2026 18:39:21.377] [main/DEBUG] [quark-zeta/]: Registering to minecraft:block - quark:light_blue_framed_glass
[05Jan2026 18:39:21.377] [main/DEBUG] [quark-zeta/]: Registering to minecraft:block - quark:blue_framed_glass
[05Jan2026 18:39:21.377] [main/DEBUG] [quark-zeta/]: Registering to minecraft:block - quark:purple_framed_glass
[05Jan2026 18:39:21.377] [main/DEBUG] [quark-zeta/]: Registering to minecraft:block - quark:magenta_framed_glass
[05Jan2026 18:39:21.377] [main/DEBUG] [quark-zeta/]: Registering to minecraft:block - quark:pink_framed_glass
[05Jan2026 18:39:21.377] [main/DEBUG] [quark-zeta/]: Registering to minecraft:block - quark:white_framed_glass_pane
[05Jan2026 18:39:21.377] [main/DEBUG] [quark-zeta/]: Registering to minecraft:block - quark:light_gray_framed_glass_pane
[05Jan2026 18:39:21.377] [main/DEBUG] [quark-zeta/]: Registering to minecraft:block - quark:gray_framed_glass_pane
[05Jan2026 18:39:21.377] [main/DEBUG] [quark-zeta/]: Registering to minecraft:block - quark:black_framed_glass_pane
[05Jan2026 18:39:21.377] [main/DEBUG] [quark-zeta/]: Registering to minecraft:block - quark:brown_framed_glass_pane
[05Jan2026 18:39:21.377] [main/DEBUG] [quark-zeta/]: Registering to minecraft:block - quark:red_framed_glass_pane
[05Jan2026 18:39:21.377] [main/DEBUG] [quark-zeta/]: Registering to minecraft:block - quark:orange_framed_glass_pane
[05Jan2026 18:39:21.377] [main/DEBUG] [quark-zeta/]: Registering to minecraft:block - quark:yellow_framed_glass_pane
[05Jan2026 18:39:21.377] [main/DEBUG] [quark-zeta/]: Registering to minecraft:block - quark:lime_framed_glass_pane
[05Jan2026 18:39:21.377] [main/DEBUG] [quark-zeta/]: Registering to minecraft:block - quark:green_framed_glass_pane
[05Jan2026 18:39:21.377] [main/DEBUG] [quark-zeta/]: Registering to minecraft:block - quark:cyan_framed_glass_pane
[05Jan2026 18:39:21.377] [main/DEBUG] [quark-zeta/]: Registering to minecraft:block - quark:light_blue_framed_glass_pane
[05Jan2026 18:39:21.377] [main/DEBUG] [quark-zeta/]: Registering to minecraft:block - quark:blue_framed_glass_pane
[05Jan2026 18:39:21.377] [main/DEBUG] [quark-zeta/]: Registering to minecraft:block - quark:purple_framed_glass_pane
[05Jan2026 18:39:21.378] [main/DEBUG] [quark-zeta/]: Registering to minecraft:block - quark:magenta_framed_glass_pane
[05Jan2026 18:39:21.378] [main/DEBUG] [quark-zeta/]: Registering to minecraft:block - quark:pink_framed_glass_pane
[05Jan2026 18:39:21.378] [main/DEBUG] [quark-zeta/]: Registering to minecraft:block - quark:dirty_glass
[05Jan2026 18:39:21.378] [main/DEBUG] [quark-zeta/]: Registering to minecraft:block - quark:dirty_glass_pane
[05Jan2026 18:39:21.378] [main/DEBUG] [quark-zeta/]: Registering to minecraft:block - quark:glow_shroom
[05Jan2026 18:39:21.378] [main/DEBUG] [quark-zeta/]: Registering to minecraft:block - quark:glow_shroom_block
[05Jan2026 18:39:21.378] [main/DEBUG] [quark-zeta/]: Registering to minecraft:block - quark:glow_shroom_stem
[05Jan2026 18:39:21.378] [main/DEBUG] [quark-zeta/]: Registering to minecraft:block - quark:glow_shroom_ring
[05Jan2026 18:39:21.378] [main/DEBUG] [quark-zeta/]: Registering to minecraft:block - quark:glow_lichen_growth
[05Jan2026 18:39:21.378] [main/DEBUG] [quark-zeta/]: Registering to minecraft:block - quark:potted_glow_lichen_growth
[05Jan2026 18:39:21.378] [main/DEBUG] [quark-zeta/]: Registering to minecraft:block - quark:potted_glow_shroom
[05Jan2026 18:39:21.378] [main/DEBUG] [quark-zeta/]: Registering to minecraft:block - quark:gold_bars
[05Jan2026 18:39:21.378] [main/DEBUG] [quark-zeta/]: Registering to minecraft:block - quark:grate
[05Jan2026 18:39:21.378] [main/DEBUG] [quark-zeta/]: Registering to minecraft:block - quark:gravisand
[05Jan2026 18:39:21.378] [main/DEBUG] [quark-zeta/]: Registering to minecraft:block - quark:oak_hedge
[05Jan2026 18:39:21.378] [main/DEBUG] [quark-zeta/]: Registering to minecraft:block - quark:spruce_hedge
[05Jan2026 18:39:21.378] [main/DEBUG] [quark-zeta/]: Registering to minecraft:block - quark:birch_hedge
[05Jan2026 18:39:21.378] [main/DEBUG] [quark-zeta/]: Registering to minecraft:block - quark:jungle_hedge
[05Jan2026 18:39:21.378] [main/DEBUG] [quark-zeta/]: Registering to minecraft:block - quark:acacia_hedge
[05Jan2026 18:39:21.378] [main/DEBUG] [quark-zeta/]: Registering to minecraft:block - quark:dark_oak_hedge
[05Jan2026 18:39:21.378] [main/DEBUG] [quark-zeta/]: Registering to minecraft:block - quark:mangrove_hedge
[05Jan2026 18:39:21.378] [main/DEBUG] [quark-zeta/]: Registering to minecraft:block - quark:cherry_hedge
[05Jan2026 18:39:21.378] [main/DEBUG] [quark-zeta/]: Registering to minecraft:block - quark:azalea_hedge
[05Jan2026 18:39:21.378] [main/DEBUG] [quark-zeta/]: Registering to minecraft:block - quark:flowering_azalea_hedge
[05Jan2026 18:39:21.378] [main/DEBUG] [quark-zeta/]: Registering to minecraft:block - quark:hollow_oak_log
[05Jan2026 18:39:21.378] [main/DEBUG] [quark-zeta/]: Registering to minecraft:block - quark:hollow_spruce_log
[05Jan2026 18:39:21.378] [main/DEBUG] [quark-zeta/]: Registering to minecraft:block - quark:hollow_birch_log
[05Jan2026 18:39:21.378] [main/DEBUG] [quark-zeta/]: Registering to minecraft:block - quark:hollow_jungle_log
[05Jan2026 18:39:21.378] [main/DEBUG] [quark-zeta/]: Registering to minecraft:block - quark:hollow_acacia_log
[05Jan2026 18:39:21.378] [main/DEBUG] [quark-zeta/]: Registering to minecraft:block - quark:hollow_dark_oak_log
[05Jan2026 18:39:21.378] [main/DEBUG] [quark-zeta/]: Registering to minecraft:block - quark:hollow_crimson_stem
[05Jan2026 18:39:21.378] [main/DEBUG] [quark-zeta/]: Registering to minecraft:block - quark:hollow_warped_stem
[05Jan2026 18:39:21.379] [main/DEBUG] [quark-zeta/]: Registering to minecraft:block - quark:hollow_mangrove_log
[05Jan2026 18:39:21.379] [main/DEBUG] [quark-zeta/]: Registering to minecraft:block - quark:hollow_cherry_log
[05Jan2026 18:39:21.379] [main/DEBUG] [quark-zeta/]: Registering to minecraft:block - quark:iron_plate
[05Jan2026 18:39:21.379] [main/DEBUG] [quark-zeta/]: Registering to minecraft:block - quark:rusty_iron_plate
[05Jan2026 18:39:21.379] [main/DEBUG] [quark-zeta/]: Registering to minecraft:block - quark:iron_pillar
[05Jan2026 18:39:21.379] [main/DEBUG] [quark-zeta/]: Registering to minecraft:block - quark:iron_plate_slab
[05Jan2026 18:39:21.379] [main/DEBUG] [quark-zeta/]: Registering to minecraft:block - quark:iron_plate_stairs
[05Jan2026 18:39:21.379] [main/DEBUG] [quark-zeta/]: Registering to minecraft:block - quark:rusty_iron_plate_slab
[05Jan2026 18:39:21.379] [main/DEBUG] [quark-zeta/]: Registering to minecraft:block - quark:rusty_iron_plate_stairs
[05Jan2026 18:39:21.379] [main/DEBUG] [quark-zeta/]: Registering to minecraft:block - quark:iron_ladder
[05Jan2026 18:39:21.379] [main/DEBUG] [quark-zeta/]: Registering to minecraft:block - quark:iron_rod
[05Jan2026 18:39:21.379] [main/DEBUG] [quark-zeta/]: Registering to minecraft:block - quark:paper_lantern
[05Jan2026 18:39:21.379] [main/DEBUG] [quark-zeta/]: Registering to minecraft:block - quark:paper_lantern_sakura
[05Jan2026 18:39:21.379] [main/DEBUG] [quark-zeta/]: Registering to minecraft:block - quark:paper_wall
[05Jan2026 18:39:21.379] [main/DEBUG] [quark-zeta/]: Registering to minecraft:block - quark:paper_wall_big
[05Jan2026 18:39:21.379] [main/DEBUG] [quark-zeta/]: Registering to minecraft:block - quark:paper_wall_sakura
[05Jan2026 18:39:21.379] [main/DEBUG] [quark-zeta/]: Registering to minecraft:block - quark:bamboo_mat
[05Jan2026 18:39:21.379] [main/DEBUG] [quark-zeta/]: Registering to minecraft:block - quark:bamboo_mat_carpet
[05Jan2026 18:39:21.379] [main/DEBUG] [quark-zeta/]: Registering to minecraft:block - quark:oak_leaf_carpet
[05Jan2026 18:39:21.379] [main/DEBUG] [quark-zeta/]: Registering to minecraft:block - quark:spruce_leaf_carpet
[05Jan2026 18:39:21.379] [main/DEBUG] [quark-zeta/]: Registering to minecraft:block - quark:birch_leaf_carpet
[05Jan2026 18:39:21.379] [main/DEBUG] [quark-zeta/]: Registering to minecraft:block - quark:jungle_leaf_carpet
[05Jan2026 18:39:21.379] [main/DEBUG] [quark-zeta/]: Registering to minecraft:block - quark:acacia_leaf_carpet
[05Jan2026 18:39:21.379] [main/DEBUG] [quark-zeta/]: Registering to minecraft:block - quark:dark_oak_leaf_carpet
[05Jan2026 18:39:21.379] [main/DEBUG] [quark-zeta/]: Registering to minecraft:block - quark:mangrove_leaf_carpet
[05Jan2026 18:39:21.379] [main/DEBUG] [quark-zeta/]: Registering to minecraft:block - quark:cherry_leaf_carpet
[05Jan2026 18:39:21.379] [main/DEBUG] [quark-zeta/]: Registering to minecraft:block - quark:azalea_leaf_carpet
[05Jan2026 18:39:21.379] [main/DEBUG] [quark-zeta/]: Registering to minecraft:block - quark:flowering_azalea_leaf_carpet
[05Jan2026 18:39:21.379] [main/DEBUG] [quark-zeta/]: Registering to minecraft:block - quark:magnet
[05Jan2026 18:39:21.380] [main/DEBUG] [quark-zeta/]: Registering to minecraft:block - quark:magnetized_block
[05Jan2026 18:39:21.380] [main/DEBUG] [quark-zeta/]: Registering to minecraft:block - quark:matrix_enchanter
[05Jan2026 18:39:21.380] [main/DEBUG] [quark-zeta/]: Registering to minecraft:block - quark:iron_button
[05Jan2026 18:39:21.380] [main/DEBUG] [quark-zeta/]: Registering to minecraft:block - quark:gold_button
[05Jan2026 18:39:21.380] [main/DEBUG] [quark-zeta/]: Registering to minecraft:block - quark:midori_block
[05Jan2026 18:39:21.380] [main/DEBUG] [quark-zeta/]: Registering to minecraft:block - quark:midori_pillar
[05Jan2026 18:39:21.380] [main/DEBUG] [quark-zeta/]: Registering to minecraft:block - quark:midori_block_slab
[05Jan2026 18:39:21.380] [main/DEBUG] [quark-zeta/]: Registering to minecraft:block - quark:midori_block_stairs
[05Jan2026 18:39:21.380] [main/DEBUG] [quark-zeta/]: Registering to minecraft:block - quark:monster_box
[05Jan2026 18:39:21.380] [main/DEBUG] [quark-zeta/]: Registering to minecraft:block - quark:blue_nether_bricks
[05Jan2026 18:39:21.380] [main/DEBUG] [quark-zeta/]: Registering to minecraft:block - quark:blue_nether_bricks_wall
[05Jan2026 18:39:21.380] [main/DEBUG] [quark-zeta/]: Registering to minecraft:block - quark:blue_nether_bricks_slab
[05Jan2026 18:39:21.380] [main/DEBUG] [quark-zeta/]: Registering to minecraft:block - quark:blue_nether_bricks_stairs
[05Jan2026 18:39:21.380] [main/DEBUG] [quark-zeta/]: Registering to minecraft:block - quark:sandstone_bricks
[05Jan2026 18:39:21.380] [main/DEBUG] [quark-zeta/]: Registering to minecraft:block - quark:sandstone_bricks_wall
[05Jan2026 18:39:21.380] [main/DEBUG] [quark-zeta/]: Registering to minecraft:block - quark:sandstone_bricks_slab
[05Jan2026 18:39:21.380] [main/DEBUG] [quark-zeta/]: Registering to minecraft:block - quark:sandstone_bricks_stairs
[05Jan2026 18:39:21.380] [main/DEBUG] [quark-zeta/]: Registering to minecraft:block - quark:red_sandstone_bricks
[05Jan2026 18:39:21.380] [main/DEBUG] [quark-zeta/]: Registering to minecraft:block - quark:red_sandstone_bricks_wall
[05Jan2026 18:39:21.380] [main/DEBUG] [quark-zeta/]: Registering to minecraft:block - quark:red_sandstone_bricks_slab
[05Jan2026 18:39:21.380] [main/DEBUG] [quark-zeta/]: Registering to minecraft:block - quark:red_sandstone_bricks_stairs
[05Jan2026 18:39:21.380] [main/DEBUG] [quark-zeta/]: Registering to minecraft:block - quark:soul_sandstone_bricks
[05Jan2026 18:39:21.380] [main/DEBUG] [quark-zeta/]: Registering to minecraft:block - quark:soul_sandstone_bricks_wall
[05Jan2026 18:39:21.380] [main/DEBUG] [quark-zeta/]: Registering to minecraft:block - quark:soul_sandstone_bricks_slab
[05Jan2026 18:39:21.380] [main/DEBUG] [quark-zeta/]: Registering to minecraft:block - quark:soul_sandstone_bricks_stairs
[05Jan2026 18:39:21.380] [main/DEBUG] [quark-zeta/]: Registering to minecraft:block - quark:cobblestone_bricks
[05Jan2026 18:39:21.380] [main/DEBUG] [quark-zeta/]: Registering to minecraft:block - quark:cobblestone_bricks_wall
[05Jan2026 18:39:21.380] [main/DEBUG] [quark-zeta/]: Registering to minecraft:block - quark:cobblestone_bricks_slab
[05Jan2026 18:39:21.380] [main/DEBUG] [quark-zeta/]: Registering to minecraft:block - quark:cobblestone_bricks_stairs
[05Jan2026 18:39:21.380] [main/DEBUG] [quark-zeta/]: Registering to minecraft:block - quark:mossy_cobblestone_bricks
[05Jan2026 18:39:21.380] [main/DEBUG] [quark-zeta/]: Registering to minecraft:block - quark:mossy_cobblestone_bricks_wall
[05Jan2026 18:39:21.380] [main/DEBUG] [quark-zeta/]: Registering to minecraft:block - quark:mossy_cobblestone_bricks_slab
[05Jan2026 18:39:21.380] [main/DEBUG] [quark-zeta/]: Registering to minecraft:block - quark:mossy_cobblestone_bricks_stairs
[05Jan2026 18:39:21.380] [main/DEBUG] [quark-zeta/]: Registering to minecraft:block - quark:blackstone_bricks
[05Jan2026 18:39:21.380] [main/DEBUG] [quark-zeta/]: Registering to minecraft:block - quark:blackstone_bricks_wall
[05Jan2026 18:39:21.381] [main/DEBUG] [quark-zeta/]: Registering to minecraft:block - quark:blackstone_bricks_slab
[05Jan2026 18:39:21.381] [main/DEBUG] [quark-zeta/]: Registering to minecraft:block - quark:blackstone_bricks_stairs
[05Jan2026 18:39:21.381] [main/DEBUG] [quark-zeta/]: Registering to minecraft:block - quark:dirt_bricks
[05Jan2026 18:39:21.381] [main/DEBUG] [quark-zeta/]: Registering to minecraft:block - quark:dirt_bricks_wall
[05Jan2026 18:39:21.381] [main/DEBUG] [quark-zeta/]: Registering to minecraft:block - quark:dirt_bricks_slab
[05Jan2026 18:39:21.381] [main/DEBUG] [quark-zeta/]: Registering to minecraft:block - quark:dirt_bricks_stairs
[05Jan2026 18:39:21.381] [main/DEBUG] [quark-zeta/]: Registering to minecraft:block - quark:netherrack_bricks
[05Jan2026 18:39:21.381] [main/DEBUG] [quark-zeta/]: Registering to minecraft:block - quark:netherrack_bricks_wall
[05Jan2026 18:39:21.381] [main/DEBUG] [quark-zeta/]: Registering to minecraft:block - quark:netherrack_bricks_slab
[05Jan2026 18:39:21.381] [main/DEBUG] [quark-zeta/]: Registering to minecraft:block - quark:netherrack_bricks_stairs
[05Jan2026 18:39:21.381] [main/DEBUG] [quark-zeta/]: Registering to minecraft:block - quark:carved_mud_bricks
[05Jan2026 18:39:21.381] [main/DEBUG] [quark-zeta/]: Registering to minecraft:block - quark:mud_pillar
[05Jan2026 18:39:21.381] [main/DEBUG] [quark-zeta/]: Registering to minecraft:block - quark:mud_brick_lattice
[05Jan2026 18:39:21.381] [main/DEBUG] [quark-zeta/]: Registering to minecraft:block - quark:potted_beetroot
[05Jan2026 18:39:21.381] [main/DEBUG] [quark-zeta/]: Registering to minecraft:block - quark:potted_berries
[05Jan2026 18:39:21.381] [main/DEBUG] [quark-zeta/]: Registering to minecraft:block - quark:potted_carrot
[05Jan2026 18:39:21.381] [main/DEBUG] [quark-zeta/]: Registering to minecraft:block - quark:potted_chorus
[05Jan2026 18:39:21.381] [main/DEBUG] [quark-zeta/]: Registering to minecraft:block - quark:potted_cocoa_bean
[05Jan2026 18:39:21.381] [main/DEBUG] [quark-zeta/]: Registering to minecraft:block - quark:potted_grass
[05Jan2026 18:39:21.381] [main/DEBUG] [quark-zeta/]: Registering to minecraft:block - quark:potted_peony
[05Jan2026 18:39:21.381] [main/DEBUG] [quark-zeta/]: Registering to minecraft:block - quark:potted_large_fern
[05Jan2026 18:39:21.381] [main/DEBUG] [quark-zeta/]: Registering to minecraft:block - quark:potted_lilac
[05Jan2026 18:39:21.381] [main/DEBUG] [quark-zeta/]: Registering to minecraft:block - quark:potted_melon
[05Jan2026 18:39:21.381] [main/DEBUG] [quark-zeta/]: Registering to minecraft:block - quark:potted_nether_sprouts
[05Jan2026 18:39:21.381] [main/DEBUG] [quark-zeta/]: Registering to minecraft:block - quark:potted_nether_wart
[05Jan2026 18:39:21.381] [main/DEBUG] [quark-zeta/]: Registering to minecraft:block - quark:potted_potato
[05Jan2026 18:39:21.381] [main/DEBUG] [quark-zeta/]: Registering to minecraft:block - quark:potted_pumpkin
[05Jan2026 18:39:21.381] [main/DEBUG] [quark-zeta/]: Registering to minecraft:block - quark:potted_rose
[05Jan2026 18:39:21.381] [main/DEBUG] [quark-zeta/]: Registering to minecraft:block - quark:potted_sea_pickle
[05Jan2026 18:39:21.381] [main/DEBUG] [quark-zeta/]: Registering to minecraft:block - quark:potted_sugar_cane
[05Jan2026 18:39:21.381] [main/DEBUG] [quark-zeta/]: Registering to minecraft:block - quark:potted_sunflower
[05Jan2026 18:39:21.381] [main/DEBUG] [quark-zeta/]: Registering to minecraft:block - quark:potted_tall_grass
[05Jan2026 18:39:21.381] [main/DEBUG] [quark-zeta/]: Registering to minecraft:block - quark:potted_twisting_vines
[05Jan2026 18:39:21.381] [main/DEBUG] [quark-zeta/]: Registering to minecraft:block - quark:potted_vine
[05Jan2026 18:39:21.381] [main/DEBUG] [quark-zeta/]: Registering to minecraft:block - quark:potted_weeping_vines
[05Jan2026 18:39:21.381] [main/DEBUG] [quark-zeta/]: Registering to minecraft:block - quark:potted_wheat
[05Jan2026 18:39:21.382] [main/DEBUG] [quark-zeta/]: Registering to minecraft:block - quark:potted_cave_vines
[05Jan2026 18:39:21.382] [main/DEBUG] [quark-zeta/]: Registering to minecraft:block - quark:potted_pitcher_plant
[05Jan2026 18:39:21.382] [main/DEBUG] [quark-zeta/]: Registering to minecraft:block - quark:nether_brick_fence_gate
[05Jan2026 18:39:21.382] [main/DEBUG] [quark-zeta/]: Registering to minecraft:block - quark:limestone
[05Jan2026 18:39:21.382] [main/DEBUG] [quark-zeta/]: Registering to minecraft:block - quark:polished_limestone
[05Jan2026 18:39:21.382] [main/DEBUG] [quark-zeta/]: Registering to minecraft:block - quark:limestone_wall
[05Jan2026 18:39:21.382] [main/DEBUG] [quark-zeta/]: Registering to minecraft:block - quark:limestone_slab
[05Jan2026 18:39:21.382] [main/DEBUG] [quark-zeta/]: Registering to minecraft:block - quark:limestone_stairs
[05Jan2026 18:39:21.382] [main/DEBUG] [quark-zeta/]: Registering to minecraft:block - quark:polished_limestone_slab
[05Jan2026 18:39:21.382] [main/DEBUG] [quark-zeta/]: Registering to minecraft:block - quark:polished_limestone_stairs
[05Jan2026 18:39:21.382] [main/DEBUG] [quark-zeta/]: Registering to minecraft:block - quark:jasper
[05Jan2026 18:39:21.382] [main/DEBUG] [quark-zeta/]: Registering to minecraft:block - quark:polished_jasper
[05Jan2026 18:39:21.382] [main/DEBUG] [quark-zeta/]: Registering to minecraft:block - quark:jasper_wall
[05Jan2026 18:39:21.383] [main/DEBUG] [quark-zeta/]: Registering to minecraft:block - quark:jasper_slab
[05Jan2026 18:39:21.383] [main/DEBUG] [quark-zeta/]: Registering to minecraft:block - quark:jasper_stairs
[05Jan2026 18:39:21.383] [main/DEBUG] [quark-zeta/]: Registering to minecraft:block - quark:polished_jasper_slab
[05Jan2026 18:39:21.383] [main/DEBUG] [quark-zeta/]: Registering to minecraft:block - quark:polished_jasper_stairs
[05Jan2026 18:39:21.383] [main/DEBUG] [quark-zeta/]: Registering to minecraft:block - quark:shale
[05Jan2026 18:39:21.383] [main/DEBUG] [quark-zeta/]: Registering to minecraft:block - quark:polished_shale
[05Jan2026 18:39:21.383] [main/DEBUG] [quark-zeta/]: Registering to minecraft:block - quark:shale_wall
[05Jan2026 18:39:21.383] [main/DEBUG] [quark-zeta/]: Registering to minecraft:block - quark:shale_slab
[05Jan2026 18:39:21.383] [main/DEBUG] [quark-zeta/]: Registering to minecraft:block - quark:shale_stairs
[05Jan2026 18:39:21.383] [main/DEBUG] [quark-zeta/]: Registering to minecraft:block - quark:polished_shale_slab
[05Jan2026 18:39:21.384] [main/DEBUG] [quark-zeta/]: Registering to minecraft:block - quark:polished_shale_stairs
[05Jan2026 18:39:21.384] [main/DEBUG] [quark-zeta/]: Registering to minecraft:block - quark:myalite
[05Jan2026 18:39:21.384] [main/DEBUG] [quark-zeta/]: Registering to minecraft:block - quark:polished_myalite
[05Jan2026 18:39:21.384] [main/DEBUG] [quark-zeta/]: Registering to minecraft:block - quark:myalite_wall
[05Jan2026 18:39:21.384] [main/DEBUG] [quark-zeta/]: Registering to minecraft:block - quark:myalite_slab
[05Jan2026 18:39:21.384] [main/DEBUG] [quark-zeta/]: Registering to minecraft:block - quark:myalite_stairs
[05Jan2026 18:39:21.384] [main/DEBUG] [quark-zeta/]: Registering to minecraft:block - quark:polished_myalite_slab
[05Jan2026 18:39:21.384] [main/DEBUG] [quark-zeta/]: Registering to minecraft:block - quark:polished_myalite_stairs
[05Jan2026 18:39:21.384] [main/DEBUG] [quark-zeta/]: Registering to minecraft:block - quark:obsidian_pressure_plate
[05Jan2026 18:39:21.384] [main/DEBUG] [quark-zeta/]: Registering to minecraft:block - quark:permafrost
[05Jan2026 18:39:21.384] [main/DEBUG] [quark-zeta/]: Registering to minecraft:block - quark:permafrost_wall
[05Jan2026 18:39:21.384] [main/DEBUG] [quark-zeta/]: Registering to minecraft:block - quark:permafrost_slab
[05Jan2026 18:39:21.384] [main/DEBUG] [quark-zeta/]: Registering to minecraft:block - quark:permafrost_stairs
[05Jan2026 18:39:21.384] [main/DEBUG] [quark-zeta/]: Registering to minecraft:block - quark:permafrost_bricks
[05Jan2026 18:39:21.384] [main/DEBUG] [quark-zeta/]: Registering to minecraft:block - quark:permafrost_bricks_wall
[05Jan2026 18:39:21.384] [main/DEBUG] [quark-zeta/]: Registering to minecraft:block - quark:permafrost_bricks_slab
[05Jan2026 18:39:21.384] [main/DEBUG] [quark-zeta/]: Registering to minecraft:block - quark:permafrost_bricks_stairs
[05Jan2026 18:39:21.384] [main/DEBUG] [quark-zeta/]: Registering to minecraft:block - quark:water_pink_petals
[05Jan2026 18:39:21.384] [main/DEBUG] [quark-zeta/]: Registering to minecraft:block - quark:pipe
[05Jan2026 18:39:21.384] [main/DEBUG] [quark-zeta/]: Registering to minecraft:block - quark:encased_pipe
[05Jan2026 18:39:21.384] [main/DEBUG] [quark-zeta/]: Registering to minecraft:block - quark:red_crystal_lamp
[05Jan2026 18:39:21.384] [main/DEBUG] [quark-zeta/]: Registering to minecraft:block - quark:orange_crystal_lamp
[05Jan2026 18:39:21.384] [main/DEBUG] [quark-zeta/]: Registering to minecraft:block - quark:yellow_crystal_lamp
[05Jan2026 18:39:21.384] [main/DEBUG] [quark-zeta/]: Registering to minecraft:block - quark:green_crystal_lamp
[05Jan2026 18:39:21.384] [main/DEBUG] [quark-zeta/]: Registering to minecraft:block - quark:blue_crystal_lamp
[05Jan2026 18:39:21.384] [main/DEBUG] [quark-zeta/]: Registering to minecraft:block - quark:indigo_crystal_lamp
[05Jan2026 18:39:21.384] [main/DEBUG] [quark-zeta/]: Registering to minecraft:block - quark:violet_crystal_lamp
[05Jan2026 18:39:21.384] [main/DEBUG] [quark-zeta/]: Registering to minecraft:block - quark:white_crystal_lamp
[05Jan2026 18:39:21.384] [main/DEBUG] [quark-zeta/]: Registering to minecraft:block - quark:black_crystal_lamp
[05Jan2026 18:39:21.384] [main/DEBUG] [quark-zeta/]: Registering to minecraft:block - quark:raw_iron_bricks
[05Jan2026 18:39:21.384] [main/DEBUG] [quark-zeta/]: Registering to minecraft:block - quark:raw_gold_bricks
[05Jan2026 18:39:21.385] [main/DEBUG] [quark-zeta/]: Registering to minecraft:block - quark:raw_copper_bricks
[05Jan2026 18:39:21.385] [main/DEBUG] [quark-zeta/]: Registering to minecraft:block - quark:raw_iron_bricks_wall
[05Jan2026 18:39:21.385] [main/DEBUG] [quark-zeta/]: Registering to minecraft:block - quark:raw_iron_bricks_slab
[05Jan2026 18:39:21.385] [main/DEBUG] [quark-zeta/]: Registering to minecraft:block - quark:raw_iron_bricks_stairs
[05Jan2026 18:39:21.385] [main/DEBUG] [quark-zeta/]: Registering to minecraft:block - quark:raw_gold_bricks_wall
[05Jan2026 18:39:21.385] [main/DEBUG] [quark-zeta/]: Registering to minecraft:block - quark:raw_gold_bricks_slab
[05Jan2026 18:39:21.385] [main/DEBUG] [quark-zeta/]: Registering to minecraft:block - quark:raw_gold_bricks_stairs
[05Jan2026 18:39:21.385] [main/DEBUG] [quark-zeta/]: Registering to minecraft:block - quark:raw_copper_bricks_wall
[05Jan2026 18:39:21.385] [main/DEBUG] [quark-zeta/]: Registering to minecraft:block - quark:raw_copper_bricks_slab
[05Jan2026 18:39:21.385] [main/DEBUG] [quark-zeta/]: Registering to minecraft:block - quark:raw_copper_bricks_stairs
[05Jan2026 18:39:21.385] [main/DEBUG] [quark-zeta/]: Registering to minecraft:block - quark:redstone_randomizer
[05Jan2026 18:39:21.385] [main/DEBUG] [quark-zeta/]: Registering to minecraft:block - quark:rope
[05Jan2026 18:39:21.385] [main/DEBUG] [quark-zeta/]: Registering to minecraft:block - quark:cut_vine
[05Jan2026 18:39:21.385] [main/DEBUG] [quark-zeta/]: Registering to minecraft:block - quark:shingles
[05Jan2026 18:39:21.385] [main/DEBUG] [quark-zeta/]: Registering to minecraft:block - quark:shingles_slab
[05Jan2026 18:39:21.385] [main/DEBUG] [quark-zeta/]: Registering to minecraft:block - quark:shingles_stairs
[05Jan2026 18:39:21.385] [main/DEBUG] [quark-zeta/]: Registering to minecraft:block - quark:white_shingles
[05Jan2026 18:39:21.385] [main/DEBUG] [quark-zeta/]: Registering to minecraft:block - quark:white_shingles_slab
[05Jan2026 18:39:21.385] [main/DEBUG] [quark-zeta/]: Registering to minecraft:block - quark:white_shingles_stairs
[05Jan2026 18:39:21.386] [main/DEBUG] [quark-zeta/]: Registering to minecraft:block - quark:orange_shingles
[05Jan2026 18:39:21.386] [main/DEBUG] [quark-zeta/]: Registering to minecraft:block - quark:orange_shingles_slab
[05Jan2026 18:39:21.386] [main/DEBUG] [quark-zeta/]: Registering to minecraft:block - quark:orange_shingles_stairs
[05Jan2026 18:39:21.386] [main/DEBUG] [quark-zeta/]: Registering to minecraft:block - quark:magenta_shingles
[05Jan2026 18:39:21.386] [main/DEBUG] [quark-zeta/]: Registering to minecraft:block - quark:magenta_shingles_slab
[05Jan2026 18:39:21.386] [main/DEBUG] [quark-zeta/]: Registering to minecraft:block - quark:magenta_shingles_stairs
[05Jan2026 18:39:21.386] [main/DEBUG] [quark-zeta/]: Registering to minecraft:block - quark:light_blue_shingles
[05Jan2026 18:39:21.386] [main/DEBUG] [quark-zeta/]: Registering to minecraft:block - quark:light_blue_shingles_slab
[05Jan2026 18:39:21.386] [main/DEBUG] [quark-zeta/]: Registering to minecraft:block - quark:light_blue_shingles_stairs
[05Jan2026 18:39:21.386] [main/DEBUG] [quark-zeta/]: Registering to minecraft:block - quark:yellow_shingles
[05Jan2026 18:39:21.386] [main/DEBUG] [quark-zeta/]: Registering to minecraft:block - quark:yellow_shingles_slab
[05Jan2026 18:39:21.386] [main/DEBUG] [quark-zeta/]: Registering to minecraft:block - quark:yellow_shingles_stairs
[05Jan2026 18:39:21.386] [main/DEBUG] [quark-zeta/]: Registering to minecraft:block - quark:lime_shingles
[05Jan2026 18:39:21.386] [main/DEBUG] [quark-zeta/]: Registering to minecraft:block - quark:lime_shingles_slab
[05Jan2026 18:39:21.386] [main/DEBUG] [quark-zeta/]: Registering to minecraft:block - quark:lime_shingles_stairs
[05Jan2026 18:39:21.386] [main/DEBUG] [quark-zeta/]: Registering to minecraft:block - quark:pink_shingles
[05Jan2026 18:39:21.386] [main/DEBUG] [quark-zeta/]: Registering to minecraft:block - quark:pink_shingles_slab
[05Jan2026 18:39:21.386] [main/DEBUG] [quark-zeta/]: Registering to minecraft:block - quark:pink_shingles_stairs
[05Jan2026 18:39:21.386] [main/DEBUG] [quark-zeta/]: Registering to minecraft:block - quark:gray_shingles
[05Jan2026 18:39:21.386] [main/DEBUG] [quark-zeta/]: Registering to minecraft:block - quark:gray_shingles_slab
[05Jan2026 18:39:21.386] [main/DEBUG] [quark-zeta/]: Registering to minecraft:block - quark:gray_shingles_stairs
[05Jan2026 18:39:21.386] [main/DEBUG] [quark-zeta/]: Registering to minecraft:block - quark:light_gray_shingles
[05Jan2026 18:39:21.387] [main/DEBUG] [quark-zeta/]: Registering to minecraft:block - quark:light_gray_shingles_slab
[05Jan2026 18:39:21.387] [main/DEBUG] [quark-zeta/]: Registering to minecraft:block - quark:light_gray_shingles_stairs
[05Jan2026 18:39:21.387] [main/DEBUG] [quark-zeta/]: Registering to minecraft:block - quark:cyan_shingles
[05Jan2026 18:39:21.387] [main/DEBUG] [quark-zeta/]: Registering to minecraft:block - quark:cyan_shingles_slab
[05Jan2026 18:39:21.387] [main/DEBUG] [quark-zeta/]: Registering to minecraft:block - quark:cyan_shingles_stairs
[05Jan2026 18:39:21.387] [main/DEBUG] [quark-zeta/]: Registering to minecraft:block - quark:purple_shingles
[05Jan2026 18:39:21.387] [main/DEBUG] [quark-zeta/]: Registering to minecraft:block - quark:purple_shingles_slab
[05Jan2026 18:39:21.387] [main/DEBUG] [quark-zeta/]: Registering to minecraft:block - quark:purple_shingles_stairs
[05Jan2026 18:39:21.387] [main/DEBUG] [quark-zeta/]: Registering to minecraft:block - quark:blue_shingles
[05Jan2026 18:39:21.387] [main/DEBUG] [quark-zeta/]: Registering to minecraft:block - quark:blue_shingles_slab
[05Jan2026 18:39:21.387] [main/DEBUG] [quark-zeta/]: Registering to minecraft:block - quark:blue_shingles_stairs
[05Jan2026 18:39:21.387] [main/DEBUG] [quark-zeta/]: Registering to minecraft:block - quark:brown_shingles
[05Jan2026 18:39:21.387] [main/DEBUG] [quark-zeta/]: Registering to minecraft:block - quark:brown_shingles_slab
[05Jan2026 18:39:21.387] [main/DEBUG] [quark-zeta/]: Registering to minecraft:block - quark:brown_shingles_stairs
[05Jan2026 18:39:21.387] [main/DEBUG] [quark-zeta/]: Registering to minecraft:block - quark:green_shingles
[05Jan2026 18:39:21.387] [main/DEBUG] [quark-zeta/]: Registering to minecraft:block - quark:green_shingles_slab
[05Jan2026 18:39:21.387] [main/DEBUG] [quark-zeta/]: Registering to minecraft:block - quark:green_shingles_stairs
[05Jan2026 18:39:21.387] [main/DEBUG] [quark-zeta/]: Registering to minecraft:block - quark:red_shingles
[05Jan2026 18:39:21.387] [main/DEBUG] [quark-zeta/]: Registering to minecraft:block - quark:red_shingles_slab
[05Jan2026 18:39:21.388] [main/DEBUG] [quark-zeta/]: Registering to minecraft:block - quark:red_shingles_stairs
[05Jan2026 18:39:21.388] [main/DEBUG] [quark-zeta/]: Registering to minecraft:block - quark:black_shingles
[05Jan2026 18:39:21.388] [main/DEBUG] [quark-zeta/]: Registering to minecraft:block - quark:black_shingles_slab
[05Jan2026 18:39:21.388] [main/DEBUG] [quark-zeta/]: Registering to minecraft:block - quark:black_shingles_stairs
[05Jan2026 18:39:21.388] [main/DEBUG] [quark-zeta/]: Registering to minecraft:block - quark:soul_sandstone
[05Jan2026 18:39:21.388] [main/DEBUG] [quark-zeta/]: Registering to minecraft:block - quark:soul_sandstone_wall
[05Jan2026 18:39:21.388] [main/DEBUG] [quark-zeta/]: Registering to minecraft:block - quark:soul_sandstone_slab
[05Jan2026 18:39:21.388] [main/DEBUG] [quark-zeta/]: Registering to minecraft:block - quark:soul_sandstone_stairs
[05Jan2026 18:39:21.388] [main/DEBUG] [quark-zeta/]: Registering to minecraft:block - quark:chiseled_soul_sandstone
[05Jan2026 18:39:21.388] [main/DEBUG] [quark-zeta/]: Registering to minecraft:block - quark:cut_soul_sandstone
[05Jan2026 18:39:21.388] [main/DEBUG] [quark-zeta/]: Registering to minecraft:block - quark:cut_soul_sandstone_slab
[05Jan2026 18:39:21.388] [main/DEBUG] [quark-zeta/]: Registering to minecraft:block - quark:smooth_soul_sandstone
[05Jan2026 18:39:21.388] [main/DEBUG] [quark-zeta/]: Registering to minecraft:block - quark:smooth_soul_sandstone_slab
[05Jan2026 18:39:21.388] [main/DEBUG] [quark-zeta/]: Registering to minecraft:block - quark:smooth_soul_sandstone_stairs
[05Jan2026 18:39:21.388] [main/DEBUG] [quark-zeta/]: Registering to minecraft:block - quark:dusky_myalite
[05Jan2026 18:39:21.388] [main/DEBUG] [quark-zeta/]: Registering to minecraft:block - quark:myalite_crystal
[05Jan2026 18:39:21.388] [main/DEBUG] [quark-zeta/]: Registering to minecraft:block - quark:white_stool
[05Jan2026 18:39:21.388] [main/DEBUG] [quark-zeta/]: Registering to minecraft:block - quark:light_gray_stool
[05Jan2026 18:39:21.388] [main/DEBUG] [quark-zeta/]: Registering to minecraft:block - quark:gray_stool
[05Jan2026 18:39:21.388] [main/DEBUG] [quark-zeta/]: Registering to minecraft:block - quark:black_stool
[05Jan2026 18:39:21.388] [main/DEBUG] [quark-zeta/]: Registering to minecraft:block - quark:brown_stool
[05Jan2026 18:39:21.389] [main/DEBUG] [quark-zeta/]: Registering to minecraft:block - quark:red_stool
[05Jan2026 18:39:21.389] [main/DEBUG] [quark-zeta/]: Registering to minecraft:block - quark:orange_stool
[05Jan2026 18:39:21.389] [main/DEBUG] [quark-zeta/]: Registering to minecraft:block - quark:yellow_stool
[05Jan2026 18:39:21.389] [main/DEBUG] [quark-zeta/]: Registering to minecraft:block - quark:lime_stool
[05Jan2026 18:39:21.389] [main/DEBUG] [quark-zeta/]: Registering to minecraft:block - quark:green_stool
[05Jan2026 18:39:21.389] [main/DEBUG] [quark-zeta/]: Registering to minecraft:block - quark:cyan_stool
[05Jan2026 18:39:21.389] [main/DEBUG] [quark-zeta/]: Registering to minecraft:block - quark:light_blue_stool
[05Jan2026 18:39:21.389] [main/DEBUG] [quark-zeta/]: Registering to minecraft:block - quark:blue_stool
[05Jan2026 18:39:21.389] [main/DEBUG] [quark-zeta/]: Registering to minecraft:block - quark:purple_stool
[05Jan2026 18:39:21.389] [main/DEBUG] [quark-zeta/]: Registering to minecraft:block - quark:magenta_stool
[05Jan2026 18:39:21.389] [main/DEBUG] [quark-zeta/]: Registering to minecraft:block - quark:pink_stool
[05Jan2026 18:39:21.389] [main/DEBUG] [quark-zeta/]: Registering to minecraft:block - quark:sturdy_stone
[05Jan2026 18:39:21.389] [main/DEBUG] [quark-zeta/]: Registering to minecraft:block - quark:thatch
[05Jan2026 18:39:21.389] [main/DEBUG] [quark-zeta/]: Registering to minecraft:block - quark:thatch_slab
[05Jan2026 18:39:21.389] [main/DEBUG] [quark-zeta/]: Registering to minecraft:block - quark:thatch_stairs
[05Jan2026 18:39:21.389] [main/DEBUG] [quark-zeta/]: Registering to minecraft:block - quark:tiny_potato
[05Jan2026 18:39:21.389] [main/DEBUG] [quark-zeta/]: Registering to minecraft:block - quark:spruce_bookshelf
[05Jan2026 18:39:21.389] [main/DEBUG] [quark-zeta/]: Registering to minecraft:block - quark:birch_bookshelf
[05Jan2026 18:39:21.389] [main/DEBUG] [quark-zeta/]: Registering to minecraft:block - quark:jungle_bookshelf
[05Jan2026 18:39:21.389] [main/DEBUG] [quark-zeta/]: Registering to minecraft:block - quark:acacia_bookshelf
[05Jan2026 18:39:21.389] [main/DEBUG] [quark-zeta/]: Registering to minecraft:block - quark:dark_oak_bookshelf
[05Jan2026 18:39:21.390] [main/DEBUG] [quark-zeta/]: Registering to minecraft:block - quark:crimson_bookshelf
[05Jan2026 18:39:21.390] [main/DEBUG] [quark-zeta/]: Registering to minecraft:block - quark:warped_bookshelf
[05Jan2026 18:39:21.390] [main/DEBUG] [quark-zeta/]: Registering to minecraft:block - quark:mangrove_bookshelf
[05Jan2026 18:39:21.390] [main/DEBUG] [quark-zeta/]: Registering to minecraft:block - quark:bamboo_bookshelf
[05Jan2026 18:39:21.390] [main/DEBUG] [quark-zeta/]: Registering to minecraft:block - quark:cherry_bookshelf
[05Jan2026 18:39:21.390] [main/DEBUG] [quark-zeta/]: Registering to minecraft:block - quark:oak_chest
[05Jan2026 18:39:21.390] [main/DEBUG] [quark-zeta/]: Registering to minecraft:block - quark:oak_trapped_chest
[05Jan2026 18:39:21.390] [main/DEBUG] [quark-zeta/]: Registering to minecraft:block - quark:spruce_chest
[05Jan2026 18:39:21.390] [main/DEBUG] [quark-zeta/]: Registering to minecraft:block - quark:spruce_trapped_chest
[05Jan2026 18:39:21.390] [main/DEBUG] [quark-zeta/]: Registering to minecraft:block - quark:birch_chest
[05Jan2026 18:39:21.390] [main/DEBUG] [quark-zeta/]: Registering to minecraft:block - quark:birch_trapped_chest
[05Jan2026 18:39:21.390] [main/DEBUG] [quark-zeta/]: Registering to minecraft:block - quark:jungle_chest
[05Jan2026 18:39:21.390] [main/DEBUG] [quark-zeta/]: Registering to minecraft:block - quark:jungle_trapped_chest
[05Jan2026 18:39:21.390] [main/DEBUG] [quark-zeta/]: Registering to minecraft:block - quark:acacia_chest
[05Jan2026 18:39:21.390] [main/DEBUG] [quark-zeta/]: Registering to minecraft:block - quark:acacia_trapped_chest
[05Jan2026 18:39:21.390] [main/DEBUG] [quark-zeta/]: Registering to minecraft:block - quark:dark_oak_chest
[05Jan2026 18:39:21.390] [main/DEBUG] [quark-zeta/]: Registering to minecraft:block - quark:dark_oak_trapped_chest
[05Jan2026 18:39:21.390] [main/DEBUG] [quark-zeta/]: Registering to minecraft:block - quark:crimson_chest
[05Jan2026 18:39:21.390] [main/DEBUG] [quark-zeta/]: Registering to minecraft:block - quark:crimson_trapped_chest
[05Jan2026 18:39:21.390] [main/DEBUG] [quark-zeta/]: Registering to minecraft:block - quark:warped_chest
[05Jan2026 18:39:21.390] [main/DEBUG] [quark-zeta/]: Registering to minecraft:block - quark:warped_trapped_chest
[05Jan2026 18:39:21.390] [main/DEBUG] [quark-zeta/]: Registering to minecraft:block - quark:mangrove_chest
[05Jan2026 18:39:21.391] [main/DEBUG] [quark-zeta/]: Registering to minecraft:block - quark:mangrove_trapped_chest
[05Jan2026 18:39:21.391] [main/DEBUG] [quark-zeta/]: Registering to minecraft:block - quark:bamboo_chest
[05Jan2026 18:39:21.391] [main/DEBUG] [quark-zeta/]: Registering to minecraft:block - quark:bamboo_trapped_chest
[05Jan2026 18:39:21.391] [main/DEBUG] [quark-zeta/]: Registering to minecraft:block - quark:cherry_chest
[05Jan2026 18:39:21.391] [main/DEBUG] [quark-zeta/]: Registering to minecraft:block - quark:cherry_trapped_chest
[05Jan2026 18:39:21.391] [main/DEBUG] [quark-zeta/]: Registering to minecraft:block - quark:nether_brick_chest
[05Jan2026 18:39:21.391] [main/DEBUG] [quark-zeta/]: Registering to minecraft:block - quark:nether_brick_trapped_chest
[05Jan2026 18:39:21.391] [main/DEBUG] [quark-zeta/]: Registering to minecraft:block - quark:purpur_chest
[05Jan2026 18:39:21.391] [main/DEBUG] [quark-zeta/]: Registering to minecraft:block - quark:purpur_trapped_chest
[05Jan2026 18:39:21.391] [main/DEBUG] [quark-zeta/]: Registering to minecraft:block - quark:prismarine_chest
[05Jan2026 18:39:21.391] [main/DEBUG] [quark-zeta/]: Registering to minecraft:block - quark:prismarine_trapped_chest
[05Jan2026 18:39:21.391] [main/DEBUG] [quark-zeta/]: Registering to minecraft:block - quark:deepslate_furnace
[05Jan2026 18:39:21.391] [main/DEBUG] [quark-zeta/]: Registering to minecraft:block - quark:blackstone_furnace
[05Jan2026 18:39:21.391] [main/DEBUG] [quark-zeta/]: Registering to minecraft:block - quark:spruce_ladder
[05Jan2026 18:39:21.391] [main/DEBUG] [quark-zeta/]: Registering to minecraft:block - quark:birch_ladder
[05Jan2026 18:39:21.391] [main/DEBUG] [quark-zeta/]: Registering to minecraft:block - quark:jungle_ladder
[05Jan2026 18:39:21.391] [main/DEBUG] [quark-zeta/]: Registering to minecraft:block - quark:acacia_ladder
[05Jan2026 18:39:21.391] [main/DEBUG] [quark-zeta/]: Registering to minecraft:block - quark:dark_oak_ladder
[05Jan2026 18:39:21.391] [main/DEBUG] [quark-zeta/]: Registering to minecraft:block - quark:crimson_ladder
[05Jan2026 18:39:21.391] [main/DEBUG] [quark-zeta/]: Registering to minecraft:block - quark:warped_ladder
[05Jan2026 18:39:21.391] [main/DEBUG] [quark-zeta/]: Registering to minecraft:block - quark:mangrove_ladder
[05Jan2026 18:39:21.392] [main/DEBUG] [quark-zeta/]: Registering to minecraft:block - quark:bamboo_ladder
[05Jan2026 18:39:21.392] [main/DEBUG] [quark-zeta/]: Registering to minecraft:block - quark:cherry_ladder
[05Jan2026 18:39:21.392] [main/DEBUG] [quark-zeta/]: Registering to minecraft:block - quark:vertical_oak_planks
[05Jan2026 18:39:21.392] [main/DEBUG] [quark-zeta/]: Registering to minecraft:block - quark:vertical_spruce_planks
[05Jan2026 18:39:21.392] [main/DEBUG] [quark-zeta/]: Registering to minecraft:block - quark:vertical_birch_planks
[05Jan2026 18:39:21.392] [main/DEBUG] [quark-zeta/]: Registering to minecraft:block - quark:vertical_jungle_planks
[05Jan2026 18:39:21.392] [main/DEBUG] [quark-zeta/]: Registering to minecraft:block - quark:vertical_acacia_planks
[05Jan2026 18:39:21.392] [main/DEBUG] [quark-zeta/]: Registering to minecraft:block - quark:vertical_dark_oak_planks
[05Jan2026 18:39:21.392] [main/DEBUG] [quark-zeta/]: Registering to minecraft:block - quark:vertical_crimson_planks
[05Jan2026 18:39:21.392] [main/DEBUG] [quark-zeta/]: Registering to minecraft:block - quark:vertical_warped_planks
[05Jan2026 18:39:21.392] [main/DEBUG] [quark-zeta/]: Registering to minecraft:block - quark:vertical_mangrove_planks
[05Jan2026 18:39:21.392] [main/DEBUG] [quark-zeta/]: Registering to minecraft:block - quark:vertical_bamboo_planks
[05Jan2026 18:39:21.392] [main/DEBUG] [quark-zeta/]: Registering to minecraft:block - quark:vertical_cherry_planks
[05Jan2026 18:39:21.392] [main/DEBUG] [quark-zeta/]: Registering to minecraft:block - quark:oak_post
[05Jan2026 18:39:21.392] [main/DEBUG] [quark-zeta/]: Registering to minecraft:block - quark:stripped_oak_post
[05Jan2026 18:39:21.392] [main/DEBUG] [quark-zeta/]: Registering to minecraft:block - quark:spruce_post
[05Jan2026 18:39:21.392] [main/DEBUG] [quark-zeta/]: Registering to minecraft:block - quark:stripped_spruce_post
[05Jan2026 18:39:21.392] [main/DEBUG] [quark-zeta/]: Registering to minecraft:block - quark:birch_post
[05Jan2026 18:39:21.392] [main/DEBUG] [quark-zeta/]: Registering to minecraft:block - quark:stripped_birch_post
[05Jan2026 18:39:21.392] [main/DEBUG] [quark-zeta/]: Registering to minecraft:block - quark:jungle_post
[05Jan2026 18:39:21.392] [main/DEBUG] [quark-zeta/]: Registering to minecraft:block - quark:stripped_jungle_post
[05Jan2026 18:39:21.393] [main/DEBUG] [quark-zeta/]: Registering to minecraft:block - quark:acacia_post
[05Jan2026 18:39:21.393] [main/DEBUG] [quark-zeta/]: Registering to minecraft:block - quark:stripped_acacia_post
[05Jan2026 18:39:21.393] [main/DEBUG] [quark-zeta/]: Registering to minecraft:block - quark:dark_oak_post
[05Jan2026 18:39:21.393] [main/DEBUG] [quark-zeta/]: Registering to minecraft:block - quark:stripped_dark_oak_post
[05Jan2026 18:39:21.393] [main/DEBUG] [quark-zeta/]: Registering to minecraft:block - quark:crimson_post
[05Jan2026 18:39:21.393] [main/DEBUG] [quark-zeta/]: Registering to minecraft:block - quark:stripped_crimson_post
[05Jan2026 18:39:21.393] [main/DEBUG] [quark-zeta/]: Registering to minecraft:block - quark:warped_post
[05Jan2026 18:39:21.393] [main/DEBUG] [quark-zeta/]: Registering to minecraft:block - quark:stripped_warped_post
[05Jan2026 18:39:21.393] [main/DEBUG] [quark-zeta/]: Registering to minecraft:block - quark:mangrove_post
[05Jan2026 18:39:21.393] [main/DEBUG] [quark-zeta/]: Registering to minecraft:block - quark:stripped_mangrove_post
[05Jan2026 18:39:21.393] [main/DEBUG] [quark-zeta/]: Registering to minecraft:block - quark:bamboo_post
[05Jan2026 18:39:21.393] [main/DEBUG] [quark-zeta/]: Registering to minecraft:block - quark:stripped_bamboo_post
[05Jan2026 18:39:21.393] [main/DEBUG] [quark-zeta/]: Registering to minecraft:block - quark:cherry_post
[05Jan2026 18:39:21.393] [main/DEBUG] [quark-zeta/]: Registering to minecraft:block - quark:stripped_cherry_post
[05Jan2026 18:39:21.393] [main/DEBUG] [quark-zeta/]: Registering to minecraft:block - quark:polished_calcite
[05Jan2026 18:39:21.393] [main/DEBUG] [quark-zeta/]: Registering to minecraft:block - quark:calcite_wall
[05Jan2026 18:39:21.393] [main/DEBUG] [quark-zeta/]: Registering to minecraft:block - quark:calcite_slab
[05Jan2026 18:39:21.393] [main/DEBUG] [quark-zeta/]: Registering to minecraft:block - quark:calcite_stairs
[05Jan2026 18:39:21.393] [main/DEBUG] [quark-zeta/]: Registering to minecraft:block - quark:polished_calcite_slab
[05Jan2026 18:39:21.394] [main/DEBUG] [quark-zeta/]: Registering to minecraft:block - quark:polished_calcite_stairs
[05Jan2026 18:39:21.394] [main/DEBUG] [quark-zeta/]: Registering to minecraft:block - quark:polished_dripstone
[05Jan2026 18:39:21.394] [main/DEBUG] [quark-zeta/]: Registering to minecraft:block - quark:dripstone_block_wall
[05Jan2026 18:39:21.394] [main/DEBUG] [quark-zeta/]: Registering to minecraft:block - quark:dripstone_block_slab
[05Jan2026 18:39:21.394] [main/DEBUG] [quark-zeta/]: Registering to minecraft:block - quark:dripstone_block_stairs
[05Jan2026 18:39:21.394] [main/DEBUG] [quark-zeta/]: Registering to minecraft:block - quark:polished_dripstone_slab
[05Jan2026 18:39:21.394] [main/DEBUG] [quark-zeta/]: Registering to minecraft:block - quark:polished_dripstone_stairs
[05Jan2026 18:39:21.394] [main/DEBUG] [quark-zeta/]: Registering to minecraft:block - quark:polished_tuff
[05Jan2026 18:39:21.394] [main/DEBUG] [quark-zeta/]: Registering to minecraft:block - quark:tuff_wall
[05Jan2026 18:39:21.394] [main/DEBUG] [quark-zeta/]: Registering to minecraft:block - quark:tuff_slab
[05Jan2026 18:39:21.394] [main/DEBUG] [quark-zeta/]: Registering to minecraft:block - quark:tuff_stairs
[05Jan2026 18:39:21.394] [main/DEBUG] [quark-zeta/]: Registering to minecraft:block - quark:polished_tuff_slab
[05Jan2026 18:39:21.394] [main/DEBUG] [quark-zeta/]: Registering to minecraft:block - quark:polished_tuff_stairs
[05Jan2026 18:39:21.394] [main/DEBUG] [quark-zeta/]: Registering to minecraft:block - quark:granite_bricks
[05Jan2026 18:39:21.394] [main/DEBUG] [quark-zeta/]: Registering to minecraft:block - quark:chiseled_granite_bricks
[05Jan2026 18:39:21.394] [main/DEBUG] [quark-zeta/]: Registering to minecraft:block - quark:granite_pillar
[05Jan2026 18:39:21.394] [main/DEBUG] [quark-zeta/]: Registering to minecraft:block - quark:granite_bricks_wall
[05Jan2026 18:39:21.394] [main/DEBUG] [quark-zeta/]: Registering to minecraft:block - quark:granite_bricks_slab
[05Jan2026 18:39:21.394] [main/DEBUG] [quark-zeta/]: Registering to minecraft:block - quark:granite_bricks_stairs
[05Jan2026 18:39:21.394] [main/DEBUG] [quark-zeta/]: Registering to minecraft:block - quark:diorite_bricks
[05Jan2026 18:39:21.394] [main/DEBUG] [quark-zeta/]: Registering to minecraft:block - quark:chiseled_diorite_bricks
[05Jan2026 18:39:21.394] [main/DEBUG] [quark-zeta/]: Registering to minecraft:block - quark:diorite_pillar
[05Jan2026 18:39:21.394] [main/DEBUG] [quark-zeta/]: Registering to minecraft:block - quark:diorite_bricks_wall
[05Jan2026 18:39:21.394] [main/DEBUG] [quark-zeta/]: Registering to minecraft:block - quark:diorite_bricks_slab
[05Jan2026 18:39:21.394] [main/DEBUG] [quark-zeta/]: Registering to minecraft:block - quark:diorite_bricks_stairs
[05Jan2026 18:39:21.394] [main/DEBUG] [quark-zeta/]: Registering to minecraft:block - quark:andesite_bricks
[05Jan2026 18:39:21.394] [main/DEBUG] [quark-zeta/]: Registering to minecraft:block - quark:chiseled_andesite_bricks
[05Jan2026 18:39:21.394] [main/DEBUG] [quark-zeta/]: Registering to minecraft:block - quark:andesite_pillar
[05Jan2026 18:39:21.394] [main/DEBUG] [quark-zeta/]: Registering to minecraft:block - quark:andesite_bricks_wall
[05Jan2026 18:39:21.394] [main/DEBUG] [quark-zeta/]: Registering to minecraft:block - quark:andesite_bricks_slab
[05Jan2026 18:39:21.394] [main/DEBUG] [quark-zeta/]: Registering to minecraft:block - quark:andesite_bricks_stairs
[05Jan2026 18:39:21.395] [main/DEBUG] [quark-zeta/]: Registering to minecraft:block - quark:calcite_bricks
[05Jan2026 18:39:21.395] [main/DEBUG] [quark-zeta/]: Registering to minecraft:block - quark:chiseled_calcite_bricks
[05Jan2026 18:39:21.395] [main/DEBUG] [quark-zeta/]: Registering to minecraft:block - quark:calcite_pillar
[05Jan2026 18:39:21.395] [main/DEBUG] [quark-zeta/]: Registering to minecraft:block - quark:calcite_bricks_wall
[05Jan2026 18:39:21.395] [main/DEBUG] [quark-zeta/]: Registering to minecraft:block - quark:calcite_bricks_slab
[05Jan2026 18:39:21.395] [main/DEBUG] [quark-zeta/]: Registering to minecraft:block - quark:calcite_bricks_stairs
[05Jan2026 18:39:21.395] [main/DEBUG] [quark-zeta/]: Registering to minecraft:block - quark:dripstone_bricks
[05Jan2026 18:39:21.395] [main/DEBUG] [quark-zeta/]: Registering to minecraft:block - quark:chiseled_dripstone_bricks
[05Jan2026 18:39:21.395] [main/DEBUG] [quark-zeta/]: Registering to minecraft:block - quark:dripstone_pillar
[05Jan2026 18:39:21.395] [main/DEBUG] [quark-zeta/]: Registering to minecraft:block - quark:dripstone_bricks_wall
[05Jan2026 18:39:21.395] [main/DEBUG] [quark-zeta/]: Registering to minecraft:block - quark:dripstone_bricks_slab
[05Jan2026 18:39:21.395] [main/DEBUG] [quark-zeta/]: Registering to minecraft:block - quark:dripstone_bricks_stairs
[05Jan2026 18:39:21.395] [main/DEBUG] [quark-zeta/]: Registering to minecraft:block - quark:tuff_bricks
[05Jan2026 18:39:21.395] [main/DEBUG] [quark-zeta/]: Registering to minecraft:block - quark:chiseled_tuff_bricks
[05Jan2026 18:39:21.395] [main/DEBUG] [quark-zeta/]: Registering to minecraft:block - quark:tuff_pillar
[05Jan2026 18:39:21.395] [main/DEBUG] [quark-zeta/]: Registering to minecraft:block - quark:tuff_bricks_wall
[05Jan2026 18:39:21.395] [main/DEBUG] [quark-zeta/]: Registering to minecraft:block - quark:tuff_bricks_slab
[05Jan2026 18:39:21.395] [main/DEBUG] [quark-zeta/]: Registering to minecraft:block - quark:tuff_bricks_stairs
[05Jan2026 18:39:21.395] [main/DEBUG] [quark-zeta/]: Registering to minecraft:block - quark:limestone_bricks
[05Jan2026 18:39:21.395] [main/DEBUG] [quark-zeta/]: Registering to minecraft:block - quark:chiseled_limestone_bricks
[05Jan2026 18:39:21.395] [main/DEBUG] [quark-zeta/]: Registering to minecraft:block - quark:limestone_pillar
[05Jan2026 18:39:21.395] [main/DEBUG] [quark-zeta/]: Registering to minecraft:block - quark:limestone_bricks_wall
[05Jan2026 18:39:21.395] [main/DEBUG] [quark-zeta/]: Registering to minecraft:block - quark:limestone_bricks_slab
[05Jan2026 18:39:21.395] [main/DEBUG] [quark-zeta/]: Registering to minecraft:block - quark:limestone_bricks_stairs
[05Jan2026 18:39:21.396] [main/DEBUG] [quark-zeta/]: Registering to minecraft:block - quark:jasper_bricks
[05Jan2026 18:39:21.396] [main/DEBUG] [quark-zeta/]: Registering to minecraft:block - quark:chiseled_jasper_bricks
[05Jan2026 18:39:21.396] [main/DEBUG] [quark-zeta/]: Registering to minecraft:block - quark:jasper_pillar
[05Jan2026 18:39:21.396] [main/DEBUG] [quark-zeta/]: Registering to minecraft:block - quark:jasper_bricks_wall
[05Jan2026 18:39:21.396] [main/DEBUG] [quark-zeta/]: Registering to minecraft:block - quark:jasper_bricks_slab
[05Jan2026 18:39:21.396] [main/DEBUG] [quark-zeta/]: Registering to minecraft:block - quark:jasper_bricks_stairs
[05Jan2026 18:39:21.396] [main/DEBUG] [quark-zeta/]: Registering to minecraft:block - quark:shale_bricks
[05Jan2026 18:39:21.396] [main/DEBUG] [quark-zeta/]: Registering to minecraft:block - quark:chiseled_shale_bricks
[05Jan2026 18:39:21.396] [main/DEBUG] [quark-zeta/]: Registering to minecraft:block - quark:shale_pillar
[05Jan2026 18:39:21.396] [main/DEBUG] [quark-zeta/]: Registering to minecraft:block - quark:shale_bricks_wall
[05Jan2026 18:39:21.396] [main/DEBUG] [quark-zeta/]: Registering to minecraft:block - quark:shale_bricks_slab
[05Jan2026 18:39:21.396] [main/DEBUG] [quark-zeta/]: Registering to minecraft:block - quark:shale_bricks_stairs
[05Jan2026 18:39:21.396] [main/DEBUG] [quark-zeta/]: Registering to minecraft:block - quark:myalite_bricks
[05Jan2026 18:39:21.396] [main/DEBUG] [quark-zeta/]: Registering to minecraft:block - quark:chiseled_myalite_bricks
[05Jan2026 18:39:21.396] [main/DEBUG] [quark-zeta/]: Registering to minecraft:block - quark:myalite_pillar
[05Jan2026 18:39:21.396] [main/DEBUG] [quark-zeta/]: Registering to minecraft:block - quark:myalite_bricks_wall
[05Jan2026 18:39:21.396] [main/DEBUG] [quark-zeta/]: Registering to minecraft:block - quark:myalite_bricks_slab
[05Jan2026 18:39:21.396] [main/DEBUG] [quark-zeta/]: Registering to minecraft:block - quark:myalite_bricks_stairs
[05Jan2026 18:39:21.396] [main/DEBUG] [quark-zeta/]: Registering to minecraft:block - quark:blue_blossom_hedge
[05Jan2026 18:39:21.396] [main/DEBUG] [quark-zeta/]: Registering to minecraft:block - quark:lavender_blossom_hedge
[05Jan2026 18:39:21.396] [main/DEBUG] [quark-zeta/]: Registering to minecraft:block - quark:orange_blossom_hedge
[05Jan2026 18:39:21.396] [main/DEBUG] [quark-zeta/]: Registering to minecraft:block - quark:yellow_blossom_hedge
[05Jan2026 18:39:21.397] [main/DEBUG] [quark-zeta/]: Registering to minecraft:block - quark:red_blossom_hedge
[05Jan2026 18:39:21.397] [main/DEBUG] [quark-zeta/]: Registering to minecraft:block - quark:ancient_hedge
[05Jan2026 18:39:21.397] [main/DEBUG] [quark-zeta/]: Registering to minecraft:block - quark:blue_blossom_leaf_carpet
[05Jan2026 18:39:21.397] [main/DEBUG] [quark-zeta/]: Registering to minecraft:block - quark:lavender_blossom_leaf_carpet
[05Jan2026 18:39:21.397] [main/DEBUG] [quark-zeta/]: Registering to minecraft:block - quark:orange_blossom_leaf_carpet
[05Jan2026 18:39:21.397] [main/DEBUG] [quark-zeta/]: Registering to minecraft:block - quark:yellow_blossom_leaf_carpet
[05Jan2026 18:39:21.397] [main/DEBUG] [quark-zeta/]: Registering to minecraft:block - quark:red_blossom_leaf_carpet
[05Jan2026 18:39:21.397] [main/DEBUG] [quark-zeta/]: Registering to minecraft:block - quark:ancient_leaf_carpet
[05Jan2026 18:39:21.397] [main/DEBUG] [quark-zeta/]: Registering to minecraft:block - quark:acacia_vertical_slab
[05Jan2026 18:39:21.397] [main/DEBUG] [quark-zeta/]: Registering to minecraft:block - quark:andesite_vertical_slab
[05Jan2026 18:39:21.397] [main/DEBUG] [quark-zeta/]: Registering to minecraft:block - quark:birch_vertical_slab
[05Jan2026 18:39:21.397] [main/DEBUG] [quark-zeta/]: Registering to minecraft:block - quark:brick_vertical_slab
[05Jan2026 18:39:21.397] [main/DEBUG] [quark-zeta/]: Registering to minecraft:block - quark:cobblestone_vertical_slab
[05Jan2026 18:39:21.397] [main/DEBUG] [quark-zeta/]: Registering to minecraft:block - quark:cut_red_sandstone_vertical_slab
[05Jan2026 18:39:21.397] [main/DEBUG] [quark-zeta/]: Registering to minecraft:block - quark:cut_sandstone_vertical_slab
[05Jan2026 18:39:21.397] [main/DEBUG] [quark-zeta/]: Registering to minecraft:block - quark:dark_oak_vertical_slab
[05Jan2026 18:39:21.397] [main/DEBUG] [quark-zeta/]: Registering to minecraft:block - quark:dark_prismarine_vertical_slab
[05Jan2026 18:39:21.397] [main/DEBUG] [quark-zeta/]: Registering to minecraft:block - quark:diorite_vertical_slab
[05Jan2026 18:39:21.397] [main/DEBUG] [quark-zeta/]: Registering to minecraft:block - quark:end_stone_brick_vertical_slab
[05Jan2026 18:39:21.398] [main/DEBUG] [quark-zeta/]: Registering to minecraft:block - quark:granite_vertical_slab
[05Jan2026 18:39:21.398] [main/DEBUG] [quark-zeta/]: Registering to minecraft:block - quark:jungle_vertical_slab
[05Jan2026 18:39:21.398] [main/DEBUG] [quark-zeta/]: Registering to minecraft:block - quark:mossy_cobblestone_vertical_slab
[05Jan2026 18:39:21.398] [main/DEBUG] [quark-zeta/]: Registering to minecraft:block - quark:mossy_stone_brick_vertical_slab
[05Jan2026 18:39:21.398] [main/DEBUG] [quark-zeta/]: Registering to minecraft:block - quark:nether_brick_vertical_slab
[05Jan2026 18:39:21.398] [main/DEBUG] [quark-zeta/]: Registering to minecraft:block - quark:oak_vertical_slab
[05Jan2026 18:39:21.398] [main/DEBUG] [quark-zeta/]: Registering to minecraft:block - quark:polished_andesite_vertical_slab
[05Jan2026 18:39:21.398] [main/DEBUG] [quark-zeta/]: Registering to minecraft:block - quark:polished_diorite_vertical_slab
[05Jan2026 18:39:21.398] [main/DEBUG] [quark-zeta/]: Registering to minecraft:block - quark:polished_granite_vertical_slab
[05Jan2026 18:39:21.398] [main/DEBUG] [quark-zeta/]: Registering to minecraft:block - quark:prismarine_vertical_slab
[05Jan2026 18:39:21.398] [main/DEBUG] [quark-zeta/]: Registering to minecraft:block - quark:prismarine_brick_vertical_slab
[05Jan2026 18:39:21.398] [main/DEBUG] [quark-zeta/]: Registering to minecraft:block - quark:purpur_vertical_slab
[05Jan2026 18:39:21.398] [main/DEBUG] [quark-zeta/]: Registering to minecraft:block - quark:quartz_vertical_slab
[05Jan2026 18:39:21.398] [main/DEBUG] [quark-zeta/]: Registering to minecraft:block - quark:red_nether_brick_vertical_slab
[05Jan2026 18:39:21.398] [main/DEBUG] [quark-zeta/]: Registering to minecraft:block - quark:red_sandstone_vertical_slab
[05Jan2026 18:39:21.398] [main/DEBUG] [quark-zeta/]: Registering to minecraft:block - quark:sandstone_vertical_slab
[05Jan2026 18:39:21.398] [main/DEBUG] [quark-zeta/]: Registering to minecraft:block - quark:smooth_quartz_vertical_slab
[05Jan2026 18:39:21.398] [main/DEBUG] [quark-zeta/]: Registering to minecraft:block - quark:smooth_red_sandstone_vertical_slab
[05Jan2026 18:39:21.398] [main/DEBUG] [quark-zeta/]: Registering to minecraft:block - quark:smooth_sandstone_vertical_slab
[05Jan2026 18:39:21.398] [main/DEBUG] [quark-zeta/]: Registering to minecraft:block - quark:smooth_stone_vertical_slab
[05Jan2026 18:39:21.398] [main/DEBUG] [quark-zeta/]: Registering to minecraft:block - quark:spruce_vertical_slab
[05Jan2026 18:39:21.398] [main/DEBUG] [quark-zeta/]: Registering to minecraft:block - quark:stone_vertical_slab
[05Jan2026 18:39:21.398] [main/DEBUG] [quark-zeta/]: Registering to minecraft:block - quark:stone_brick_vertical_slab
[05Jan2026 18:39:21.398] [main/DEBUG] [quark-zeta/]: Registering to minecraft:block - quark:blackstone_vertical_slab
[05Jan2026 18:39:21.398] [main/DEBUG] [quark-zeta/]: Registering to minecraft:block - quark:polished_blackstone_vertical_slab
[05Jan2026 18:39:21.398] [main/DEBUG] [quark-zeta/]: Registering to minecraft:block - quark:polished_blackstone_brick_vertical_slab
[05Jan2026 18:39:21.398] [main/DEBUG] [quark-zeta/]: Registering to minecraft:block - quark:crimson_vertical_slab
[05Jan2026 18:39:21.398] [main/DEBUG] [quark-zeta/]: Registering to minecraft:block - quark:warped_vertical_slab
[05Jan2026 18:39:21.398] [main/DEBUG] [quark-zeta/]: Registering to minecraft:block - quark:cobbled_deepslate_vertical_slab
[05Jan2026 18:39:21.398] [main/DEBUG] [quark-zeta/]: Registering to minecraft:block - quark:polished_deepslate_vertical_slab
[05Jan2026 18:39:21.398] [main/DEBUG] [quark-zeta/]: Registering to minecraft:block - quark:deepslate_brick_vertical_slab
[05Jan2026 18:39:21.398] [main/DEBUG] [quark-zeta/]: Registering to minecraft:block - quark:deepslate_tile_vertical_slab
[05Jan2026 18:39:21.399] [main/DEBUG] [quark-zeta/]: Registering to minecraft:block - quark:mangrove_vertical_slab
[05Jan2026 18:39:21.399] [main/DEBUG] [quark-zeta/]: Registering to minecraft:block - quark:mud_brick_vertical_slab
[05Jan2026 18:39:21.399] [main/DEBUG] [quark-zeta/]: Registering to minecraft:block - quark:cherry_vertical_slab
[05Jan2026 18:39:21.399] [main/DEBUG] [quark-zeta/]: Registering to minecraft:block - quark:bamboo_vertical_slab
[05Jan2026 18:39:21.399] [main/DEBUG] [quark-zeta/]: Registering to minecraft:block - quark:bamboo_mosaic_vertical_slab
[05Jan2026 18:39:21.399] [main/DEBUG] [quark-zeta/]: Registering to minecraft:block - quark:cut_copper_vertical_slab
[05Jan2026 18:39:21.399] [main/DEBUG] [quark-zeta/]: Registering to minecraft:block - quark:waxed_cut_copper_vertical_slab
[05Jan2026 18:39:21.399] [main/DEBUG] [quark-zeta/]: Registering to minecraft:block - quark:exposed_cut_copper_vertical_slab
[05Jan2026 18:39:21.399] [main/DEBUG] [quark-zeta/]: Registering to minecraft:block - quark:waxed_exposed_cut_copper_vertical_slab
[05Jan2026 18:39:21.399] [main/DEBUG] [quark-zeta/]: Registering to minecraft:block - quark:weathered_cut_copper_vertical_slab
[05Jan2026 18:39:21.399] [main/DEBUG] [quark-zeta/]: Registering to minecraft:block - quark:waxed_weathered_cut_copper_vertical_slab
[05Jan2026 18:39:21.399] [main/DEBUG] [quark-zeta/]: Registering to minecraft:block - quark:oxidized_cut_copper_vertical_slab
[05Jan2026 18:39:21.399] [main/DEBUG] [quark-zeta/]: Registering to minecraft:block - quark:waxed_oxidized_cut_copper_vertical_slab
[05Jan2026 18:39:21.399] [main/DEBUG] [quark-zeta/]: Registering to minecraft:block - quark:ancient_planks_vertical_slab
[05Jan2026 18:39:21.399] [main/DEBUG] [quark-zeta/]: Registering to minecraft:block - quark:azalea_planks_vertical_slab
[05Jan2026 18:39:21.399] [main/DEBUG] [quark-zeta/]: Registering to minecraft:block - quark:blossom_planks_vertical_slab
[05Jan2026 18:39:21.399] [main/DEBUG] [quark-zeta/]: Registering to minecraft:block - quark:duskbound_block_vertical_slab
[05Jan2026 18:39:21.399] [main/DEBUG] [quark-zeta/]: Registering to minecraft:block - quark:iron_plate_vertical_slab
[05Jan2026 18:39:21.399] [main/DEBUG] [quark-zeta/]: Registering to minecraft:block - quark:rusty_iron_plate_vertical_slab
[05Jan2026 18:39:21.399] [main/DEBUG] [quark-zeta/]: Registering to minecraft:block - quark:midori_block_vertical_slab
[05Jan2026 18:39:21.399] [main/DEBUG] [quark-zeta/]: Registering to minecraft:block - quark:blue_nether_bricks_vertical_slab
[05Jan2026 18:39:21.399] [main/DEBUG] [quark-zeta/]: Registering to minecraft:block - quark:sandstone_bricks_vertical_slab
[05Jan2026 18:39:21.399] [main/DEBUG] [quark-zeta/]: Registering to minecraft:block - quark:red_sandstone_bricks_vertical_slab
[05Jan2026 18:39:21.399] [main/DEBUG] [quark-zeta/]: Registering to minecraft:block - quark:soul_sandstone_bricks_vertical_slab
[05Jan2026 18:39:21.399] [main/DEBUG] [quark-zeta/]: Registering to minecraft:block - quark:cobblestone_bricks_vertical_slab
[05Jan2026 18:39:21.399] [main/DEBUG] [quark-zeta/]: Registering to minecraft:block - quark:mossy_cobblestone_bricks_vertical_slab
[05Jan2026 18:39:21.399] [main/DEBUG] [quark-zeta/]: Registering to minecraft:block - quark:blackstone_bricks_vertical_slab
[05Jan2026 18:39:21.399] [main/DEBUG] [quark-zeta/]: Registering to minecraft:block - quark:dirt_bricks_vertical_slab
[05Jan2026 18:39:21.399] [main/DEBUG] [quark-zeta/]: Registering to minecraft:block - quark:netherrack_bricks_vertical_slab
[05Jan2026 18:39:21.399] [main/DEBUG] [quark-zeta/]: Registering to minecraft:block - quark:limestone_vertical_slab
[05Jan2026 18:39:21.399] [main/DEBUG] [quark-zeta/]: Registering to minecraft:block - quark:polished_limestone_vertical_slab
[05Jan2026 18:39:21.400] [main/DEBUG] [quark-zeta/]: Registering to minecraft:block - quark:jasper_vertical_slab
[05Jan2026 18:39:21.400] [main/DEBUG] [quark-zeta/]: Registering to minecraft:block - quark:polished_jasper_vertical_slab
[05Jan2026 18:39:21.400] [main/DEBUG] [quark-zeta/]: Registering to minecraft:block - quark:shale_vertical_slab
[05Jan2026 18:39:21.400] [main/DEBUG] [quark-zeta/]: Registering to minecraft:block - quark:polished_shale_vertical_slab
[05Jan2026 18:39:21.400] [main/DEBUG] [quark-zeta/]: Registering to minecraft:block - quark:myalite_vertical_slab
[05Jan2026 18:39:21.400] [main/DEBUG] [quark-zeta/]: Registering to minecraft:block - quark:polished_myalite_vertical_slab
[05Jan2026 18:39:21.400] [main/DEBUG] [quark-zeta/]: Registering to minecraft:block - quark:permafrost_vertical_slab
[05Jan2026 18:39:21.400] [main/DEBUG] [quark-zeta/]: Registering to minecraft:block - quark:permafrost_bricks_vertical_slab
[05Jan2026 18:39:21.400] [main/DEBUG] [quark-zeta/]: Registering to minecraft:block - quark:raw_iron_bricks_vertical_slab
[05Jan2026 18:39:21.400] [main/DEBUG] [quark-zeta/]: Registering to minecraft:block - quark:raw_gold_bricks_vertical_slab
[05Jan2026 18:39:21.400] [main/DEBUG] [quark-zeta/]: Registering to minecraft:block - quark:raw_copper_bricks_vertical_slab
[05Jan2026 18:39:21.400] [main/DEBUG] [quark-zeta/]: Registering to minecraft:block - quark:shingles_vertical_slab
[05Jan2026 18:39:21.400] [main/DEBUG] [quark-zeta/]: Registering to minecraft:block - quark:white_shingles_vertical_slab
[05Jan2026 18:39:21.400] [main/DEBUG] [quark-zeta/]: Registering to minecraft:block - quark:orange_shingles_vertical_slab
[05Jan2026 18:39:21.400] [main/DEBUG] [quark-zeta/]: Registering to minecraft:block - quark:magenta_shingles_vertical_slab
[05Jan2026 18:39:21.400] [main/DEBUG] [quark-zeta/]: Registering to minecraft:block - quark:light_blue_shingles_vertical_slab
[05Jan2026 18:39:21.400] [main/DEBUG] [quark-zeta/]: Registering to minecraft:block - quark:yellow_shingles_vertical_slab
[05Jan2026 18:39:21.400] [main/DEBUG] [quark-zeta/]: Registering to minecraft:block - quark:lime_shingles_vertical_slab
[05Jan2026 18:39:21.400] [main/DEBUG] [quark-zeta/]: Registering to minecraft:block - quark:pink_shingles_vertical_slab
[05Jan2026 18:39:21.400] [main/DEBUG] [quark-zeta/]: Registering to minecraft:block - quark:gray_shingles_vertical_slab
[05Jan2026 18:39:21.400] [main/DEBUG] [quark-zeta/]: Registering to minecraft:block - quark:light_gray_shingles_vertical_slab
[05Jan2026 18:39:21.400] [main/DEBUG] [quark-zeta/]: Registering to minecraft:block - quark:cyan_shingles_vertical_slab
[05Jan2026 18:39:21.401] [main/DEBUG] [quark-zeta/]: Registering to minecraft:block - quark:purple_shingles_vertical_slab
[05Jan2026 18:39:21.401] [main/DEBUG] [quark-zeta/]: Registering to minecraft:block - quark:blue_shingles_vertical_slab
[05Jan2026 18:39:21.401] [main/DEBUG] [quark-zeta/]: Registering to minecraft:block - quark:brown_shingles_vertical_slab
[05Jan2026 18:39:21.401] [main/DEBUG] [quark-zeta/]: Registering to minecraft:block - quark:green_shingles_vertical_slab
[05Jan2026 18:39:21.401] [main/DEBUG] [quark-zeta/]: Registering to minecraft:block - quark:red_shingles_vertical_slab
[05Jan2026 18:39:21.401] [main/DEBUG] [quark-zeta/]: Registering to minecraft:block - quark:black_shingles_vertical_slab
[05Jan2026 18:39:21.401] [main/DEBUG] [quark-zeta/]: Registering to minecraft:block - quark:soul_sandstone_vertical_slab
[05Jan2026 18:39:21.401] [main/DEBUG] [quark-zeta/]: Registering to minecraft:block - quark:cut_soul_sandstone_vertical_slab
[05Jan2026 18:39:21.401] [main/DEBUG] [quark-zeta/]: Registering to minecraft:block - quark:smooth_soul_sandstone_vertical_slab
[05Jan2026 18:39:21.401] [main/DEBUG] [quark-zeta/]: Registering to minecraft:block - quark:thatch_vertical_slab
[05Jan2026 18:39:21.401] [main/DEBUG] [quark-zeta/]: Registering to minecraft:block - quark:calcite_vertical_slab
[05Jan2026 18:39:21.401] [main/DEBUG] [quark-zeta/]: Registering to minecraft:block - quark:polished_calcite_vertical_slab
[05Jan2026 18:39:21.401] [main/DEBUG] [quark-zeta/]: Registering to minecraft:block - quark:dripstone_block_vertical_slab
[05Jan2026 18:39:21.401] [main/DEBUG] [quark-zeta/]: Registering to minecraft:block - quark:polished_dripstone_vertical_slab
[05Jan2026 18:39:21.401] [main/DEBUG] [quark-zeta/]: Registering to minecraft:block - quark:tuff_vertical_slab
[05Jan2026 18:39:21.401] [main/DEBUG] [quark-zeta/]: Registering to minecraft:block - quark:polished_tuff_vertical_slab
[05Jan2026 18:39:21.401] [main/DEBUG] [quark-zeta/]: Registering to minecraft:block - quark:granite_bricks_vertical_slab
[05Jan2026 18:39:21.401] [main/DEBUG] [quark-zeta/]: Registering to minecraft:block - quark:diorite_bricks_vertical_slab
[05Jan2026 18:39:21.401] [main/DEBUG] [quark-zeta/]: Registering to minecraft:block - quark:andesite_bricks_vertical_slab
[05Jan2026 18:39:21.401] [main/DEBUG] [quark-zeta/]: Registering to minecraft:block - quark:calcite_bricks_vertical_slab
[05Jan2026 18:39:21.401] [main/DEBUG] [quark-zeta/]: Registering to minecraft:block - quark:dripstone_bricks_vertical_slab
[05Jan2026 18:39:21.401] [main/DEBUG] [quark-zeta/]: Registering to minecraft:block - quark:tuff_bricks_vertical_slab
[05Jan2026 18:39:21.401] [main/DEBUG] [quark-zeta/]: Registering to minecraft:block - quark:limestone_bricks_vertical_slab
[05Jan2026 18:39:21.401] [main/DEBUG] [quark-zeta/]: Registering to minecraft:block - quark:jasper_bricks_vertical_slab
[05Jan2026 18:39:21.401] [main/DEBUG] [quark-zeta/]: Registering to minecraft:block - quark:shale_bricks_vertical_slab
[05Jan2026 18:39:21.401] [main/DEBUG] [quark-zeta/]: Registering to minecraft:block - quark:myalite_bricks_vertical_slab
[05Jan2026 18:39:21.418] [main/DEBUG] [quark-zeta/]: Registering to minecraft:mob_effect - quark:resilience
[05Jan2026 18:39:21.426] [main/DEBUG] [quark-zeta/]: Registering to minecraft:particle_type - quark:attractor
[05Jan2026 18:39:21.427] [main/DEBUG] [quark-zeta/]: Registering to minecraft:particle_type - quark:repulsor
[05Jan2026 18:39:21.478] [main/DEBUG] [software.bernie.geckolib.GeckoLib/]: Registered SyncedAnimatable for class com.bobmowzie.mowziesmobs.server.item.ItemEarthrendGauntlet
[05Jan2026 18:39:21.478] [main/DEBUG] [software.bernie.geckolib.GeckoLib/]: Registered SyncedAnimatable for class com.bobmowzie.mowziesmobs.server.item.ItemSculptorStaff
[05Jan2026 18:39:21.541] [main/DEBUG] [quark-zeta/]: Registering to minecraft:item - quark:abacus
[05Jan2026 18:39:21.541] [main/DEBUG] [quark-zeta/]: Registering to minecraft:item - quark:music_disc_drips
[05Jan2026 18:39:21.541] [main/DEBUG] [quark-zeta/]: Registering to minecraft:item - quark:music_disc_ocean
[05Jan2026 18:39:21.541] [main/DEBUG] [quark-zeta/]: Registering to minecraft:item - quark:music_disc_rain
[05Jan2026 18:39:21.541] [main/DEBUG] [quark-zeta/]: Registering to minecraft:item - quark:music_disc_wind
[05Jan2026 18:39:21.541] [main/DEBUG] [quark-zeta/]: Registering to minecraft:item - quark:music_disc_fire
[05Jan2026 18:39:21.541] [main/DEBUG] [quark-zeta/]: Registering to minecraft:item - quark:music_disc_clock
[05Jan2026 18:39:21.541] [main/DEBUG] [quark-zeta/]: Registering to minecraft:item - quark:music_disc_crickets
[05Jan2026 18:39:21.541] [main/DEBUG] [quark-zeta/]: Registering to minecraft:item - quark:music_disc_chatter
[05Jan2026 18:39:21.541] [main/DEBUG] [quark-zeta/]: Registering to minecraft:item - quark:ancient_tome
[05Jan2026 18:39:21.542] [main/DEBUG] [quark-zeta/]: Registering to minecraft:item - quark:ancient_log
[05Jan2026 18:39:21.542] [main/DEBUG] [quark-zeta/]: Registering to minecraft:item - quark:hollow_ancient_log
[05Jan2026 18:39:21.542] [main/DEBUG] [quark-zeta/]: Registering to minecraft:item - quark:ancient_wood
[05Jan2026 18:39:21.542] [main/DEBUG] [quark-zeta/]: Registering to minecraft:item - quark:stripped_ancient_log
[05Jan2026 18:39:21.542] [main/DEBUG] [quark-zeta/]: Registering to minecraft:item - quark:stripped_ancient_wood
[05Jan2026 18:39:21.542] [main/DEBUG] [quark-zeta/]: Registering to minecraft:item - quark:ancient_planks
[05Jan2026 18:39:21.542] [main/DEBUG] [quark-zeta/]: Registering to minecraft:item - quark:vertical_ancient_planks
[05Jan2026 18:39:21.542] [main/DEBUG] [quark-zeta/]: Registering to minecraft:item - quark:ancient_planks_slab
[05Jan2026 18:39:21.542] [main/DEBUG] [quark-zeta/]: Registering to minecraft:item - quark:ancient_planks_stairs
[05Jan2026 18:39:21.542] [main/DEBUG] [quark-zeta/]: Registering to minecraft:item - quark:ancient_fence
[05Jan2026 18:39:21.542] [main/DEBUG] [quark-zeta/]: Registering to minecraft:item - quark:ancient_fence_gate
[05Jan2026 18:39:21.543] [main/DEBUG] [quark-zeta/]: Registering to minecraft:item - quark:ancient_door
[05Jan2026 18:39:21.543] [main/DEBUG] [quark-zeta/]: Registering to minecraft:item - quark:ancient_trapdoor
[05Jan2026 18:39:21.543] [main/DEBUG] [quark-zeta/]: Registering to minecraft:item - quark:ancient_pressure_plate
[05Jan2026 18:39:21.543] [main/DEBUG] [quark-zeta/]: Registering to minecraft:item - quark:ancient_button
[05Jan2026 18:39:21.543] [main/DEBUG] [quark-zeta/]: Registering to minecraft:item - quark:ancient_bookshelf
[05Jan2026 18:39:21.543] [main/DEBUG] [quark-zeta/]: Registering to minecraft:item - quark:ancient_ladder
[05Jan2026 18:39:21.543] [main/DEBUG] [quark-zeta/]: Registering to minecraft:item - quark:ancient_post
[05Jan2026 18:39:21.543] [main/DEBUG] [quark-zeta/]: Registering to minecraft:item - quark:stripped_ancient_post
[05Jan2026 18:39:21.543] [main/DEBUG] [quark-zeta/]: Registering to minecraft:item - quark:ancient_chest
[05Jan2026 18:39:21.543] [main/DEBUG] [quark-zeta/]: Registering to minecraft:item - quark:ancient_trapped_chest
[05Jan2026 18:39:21.543] [main/DEBUG] [quark-zeta/]: Registering to minecraft:item - quark:ancient_sign
[05Jan2026 18:39:21.543] [main/DEBUG] [quark-zeta/]: Registering to minecraft:item - quark:ancient_hanging_sign
[05Jan2026 18:39:21.543] [main/DEBUG] [quark-zeta/]: Registering to minecraft:item - quark:ancient_boat
[05Jan2026 18:39:21.544] [main/DEBUG] [quark-zeta/]: Registering to minecraft:item - quark:ancient_chest_boat
[05Jan2026 18:39:21.544] [main/DEBUG] [quark-zeta/]: Registering to minecraft:item - quark:ancient_leaves
[05Jan2026 18:39:21.544] [main/DEBUG] [quark-zeta/]: Registering to minecraft:item - quark:ancient_sapling
[05Jan2026 18:39:21.544] [main/DEBUG] [quark-zeta/]: Registering to minecraft:item - quark:ancient_fruit
[05Jan2026 18:39:21.544] [main/DEBUG] [quark-zeta/]: Registering to minecraft:item - quark:azalea_log
[05Jan2026 18:39:21.544] [main/DEBUG] [quark-zeta/]: Registering to minecraft:item - quark:hollow_azalea_log
[05Jan2026 18:39:21.544] [main/DEBUG] [quark-zeta/]: Registering to minecraft:item - quark:azalea_wood
[05Jan2026 18:39:21.544] [main/DEBUG] [quark-zeta/]: Registering to minecraft:item - quark:stripped_azalea_log
[05Jan2026 18:39:21.544] [main/DEBUG] [quark-zeta/]: Registering to minecraft:item - quark:stripped_azalea_wood
[05Jan2026 18:39:21.544] [main/DEBUG] [quark-zeta/]: Registering to minecraft:item - quark:azalea_planks
[05Jan2026 18:39:21.544] [main/DEBUG] [quark-zeta/]: Registering to minecraft:item - quark:vertical_azalea_planks
[05Jan2026 18:39:21.544] [main/DEBUG] [quark-zeta/]: Registering to minecraft:item - quark:azalea_planks_slab
[05Jan2026 18:39:21.544] [main/DEBUG] [quark-zeta/]: Registering to minecraft:item - quark:azalea_planks_stairs
[05Jan2026 18:39:21.544] [main/DEBUG] [quark-zeta/]: Registering to minecraft:item - quark:azalea_fence
[05Jan2026 18:39:21.544] [main/DEBUG] [quark-zeta/]: Registering to minecraft:item - quark:azalea_fence_gate
[05Jan2026 18:39:21.544] [main/DEBUG] [quark-zeta/]: Registering to minecraft:item - quark:azalea_door
[05Jan2026 18:39:21.545] [main/DEBUG] [quark-zeta/]: Registering to minecraft:item - quark:azalea_trapdoor
[05Jan2026 18:39:21.545] [main/DEBUG] [quark-zeta/]: Registering to minecraft:item - quark:azalea_pressure_plate
[05Jan2026 18:39:21.545] [main/DEBUG] [quark-zeta/]: Registering to minecraft:item - quark:azalea_button
[05Jan2026 18:39:21.545] [main/DEBUG] [quark-zeta/]: Registering to minecraft:item - quark:azalea_bookshelf
[05Jan2026 18:39:21.545] [main/DEBUG] [quark-zeta/]: Registering to minecraft:item - quark:azalea_ladder
[05Jan2026 18:39:21.545] [main/DEBUG] [quark-zeta/]: Registering to minecraft:item - quark:azalea_post
[05Jan2026 18:39:21.545] [main/DEBUG] [quark-zeta/]: Registering to minecraft:item - quark:stripped_azalea_post
[05Jan2026 18:39:21.545] [main/DEBUG] [quark-zeta/]: Registering to minecraft:item - quark:azalea_chest
[05Jan2026 18:39:21.545] [main/DEBUG] [quark-zeta/]: Registering to minecraft:item - quark:azalea_trapped_chest
[05Jan2026 18:39:21.545] [main/DEBUG] [quark-zeta/]: Registering to minecraft:item - quark:azalea_sign
[05Jan2026 18:39:21.545] [main/DEBUG] [quark-zeta/]: Registering to minecraft:item - quark:azalea_hanging_sign
[05Jan2026 18:39:21.545] [main/DEBUG] [quark-zeta/]: Registering to minecraft:item - quark:azalea_boat
[05Jan2026 18:39:21.545] [main/DEBUG] [quark-zeta/]: Registering to minecraft:item - quark:azalea_chest_boat
[05Jan2026 18:39:21.545] [main/DEBUG] [quark-zeta/]: Registering to minecraft:item - quark:backpack
[05Jan2026 18:39:21.545] [main/DEBUG] [quark-zeta/]: Registering to minecraft:item - quark:ravager_hide
[05Jan2026 18:39:21.545] [main/DEBUG] [quark-zeta/]: Registering to minecraft:item - quark:bonded_ravager_hide
[05Jan2026 18:39:21.546] [main/DEBUG] [quark-zeta/]: Registering to minecraft:item - quark:blossom_log
[05Jan2026 18:39:21.546] [main/DEBUG] [quark-zeta/]: Registering to minecraft:item - quark:hollow_blossom_log
[05Jan2026 18:39:21.546] [main/DEBUG] [quark-zeta/]: Registering to minecraft:item - quark:blossom_wood
[05Jan2026 18:39:21.546] [main/DEBUG] [quark-zeta/]: Registering to minecraft:item - quark:stripped_blossom_log
[05Jan2026 18:39:21.546] [main/DEBUG] [quark-zeta/]: Registering to minecraft:item - quark:stripped_blossom_wood
[05Jan2026 18:39:21.546] [main/DEBUG] [quark-zeta/]: Registering to minecraft:item - quark:blossom_planks
[05Jan2026 18:39:21.546] [main/DEBUG] [quark-zeta/]: Registering to minecraft:item - quark:vertical_blossom_planks
[05Jan2026 18:39:21.546] [main/DEBUG] [quark-zeta/]: Registering to minecraft:item - quark:blossom_planks_slab
[05Jan2026 18:39:21.546] [main/DEBUG] [quark-zeta/]: Registering to minecraft:item - quark:blossom_planks_stairs
[05Jan2026 18:39:21.546] [main/DEBUG] [quark-zeta/]: Registering to minecraft:item - quark:blossom_fence
[05Jan2026 18:39:21.546] [main/DEBUG] [quark-zeta/]: Registering to minecraft:item - quark:blossom_fence_gate
[05Jan2026 18:39:21.546] [main/DEBUG] [quark-zeta/]: Registering to minecraft:item - quark:blossom_door
[05Jan2026 18:39:21.546] [main/DEBUG] [quark-zeta/]: Registering to minecraft:item - quark:blossom_trapdoor
[05Jan2026 18:39:21.546] [main/DEBUG] [quark-zeta/]: Registering to minecraft:item - quark:blossom_pressure_plate
[05Jan2026 18:39:21.546] [main/DEBUG] [quark-zeta/]: Registering to minecraft:item - quark:blossom_button
[05Jan2026 18:39:21.547] [main/DEBUG] [quark-zeta/]: Registering to minecraft:item - quark:blossom_bookshelf
[05Jan2026 18:39:21.547] [main/DEBUG] [quark-zeta/]: Registering to minecraft:item - quark:blossom_ladder
[05Jan2026 18:39:21.547] [main/DEBUG] [quark-zeta/]: Registering to minecraft:item - quark:blossom_post
[05Jan2026 18:39:21.547] [main/DEBUG] [quark-zeta/]: Registering to minecraft:item - quark:stripped_blossom_post
[05Jan2026 18:39:21.547] [main/DEBUG] [quark-zeta/]: Registering to minecraft:item - quark:blossom_chest
[05Jan2026 18:39:21.547] [main/DEBUG] [quark-zeta/]: Registering to minecraft:item - quark:blossom_trapped_chest
[05Jan2026 18:39:21.547] [main/DEBUG] [quark-zeta/]: Registering to minecraft:item - quark:blossom_sign
[05Jan2026 18:39:21.547] [main/DEBUG] [quark-zeta/]: Registering to minecraft:item - quark:blossom_hanging_sign
[05Jan2026 18:39:21.547] [main/DEBUG] [quark-zeta/]: Registering to minecraft:item - quark:blossom_boat
[05Jan2026 18:39:21.547] [main/DEBUG] [quark-zeta/]: Registering to minecraft:item - quark:blossom_chest_boat
[05Jan2026 18:39:21.547] [main/DEBUG] [quark-zeta/]: Registering to minecraft:item - quark:blue_blossom_leaves
[05Jan2026 18:39:21.547] [main/DEBUG] [quark-zeta/]: Registering to minecraft:item - quark:blue_blossom_sapling
[05Jan2026 18:39:21.547] [main/DEBUG] [quark-zeta/]: Registering to minecraft:item - quark:lavender_blossom_leaves
[05Jan2026 18:39:21.547] [main/DEBUG] [quark-zeta/]: Registering to minecraft:item - quark:lavender_blossom_sapling
[05Jan2026 18:39:21.547] [main/DEBUG] [quark-zeta/]: Registering to minecraft:item - quark:orange_blossom_leaves
[05Jan2026 18:39:21.547] [main/DEBUG] [quark-zeta/]: Registering to minecraft:item - quark:orange_blossom_sapling
[05Jan2026 18:39:21.548] [main/DEBUG] [quark-zeta/]: Registering to minecraft:item - quark:yellow_blossom_leaves
[05Jan2026 18:39:21.548] [main/DEBUG] [quark-zeta/]: Registering to minecraft:item - quark:yellow_blossom_sapling
[05Jan2026 18:39:21.548] [main/DEBUG] [quark-zeta/]: Registering to minecraft:item - quark:red_blossom_leaves
[05Jan2026 18:39:21.548] [main/DEBUG] [quark-zeta/]: Registering to minecraft:item - quark:red_blossom_sapling
[05Jan2026 18:39:21.548] [main/DEBUG] [quark-zeta/]: Registering to minecraft:item - quark:cloud
[05Jan2026 18:39:21.548] [main/DEBUG] [quark-zeta/]: Registering to minecraft:item - quark:bottled_cloud
[05Jan2026 18:39:21.548] [main/DEBUG] [quark-zeta/]: Registering to minecraft:item - quark:stone_lamp
[05Jan2026 18:39:21.548] [main/DEBUG] [quark-zeta/]: Registering to minecraft:item - quark:stone_brick_lamp
[05Jan2026 18:39:21.548] [main/DEBUG] [quark-zeta/]: Registering to minecraft:item - quark:chorus_weeds
[05Jan2026 18:39:21.548] [main/DEBUG] [quark-zeta/]: Registering to minecraft:item - quark:chorus_twist
[05Jan2026 18:39:21.548] [main/DEBUG] [quark-zeta/]: Registering to minecraft:item - quark:chute
[05Jan2026 18:39:21.548] [main/DEBUG] [quark-zeta/]: Registering to minecraft:item - quark:smithing_template_rune
[05Jan2026 18:39:21.548] [main/DEBUG] [quark-zeta/]: Registering to minecraft:item - quark:charcoal_block
[05Jan2026 18:39:21.548] [main/DEBUG] [quark-zeta/]: Registering to minecraft:item - quark:sugar_cane_block
[05Jan2026 18:39:21.548] [main/DEBUG] [quark-zeta/]: Registering to minecraft:item - quark:cactus_block
[05Jan2026 18:39:21.548] [main/DEBUG] [quark-zeta/]: Registering to minecraft:item - quark:chorus_fruit_block
[05Jan2026 18:39:21.548] [main/DEBUG] [quark-zeta/]: Registering to minecraft:item - quark:stick_block
[05Jan2026 18:39:21.548] [main/DEBUG] [quark-zeta/]: Registering to minecraft:item - quark:golden_apple_crate
[05Jan2026 18:39:21.549] [main/DEBUG] [quark-zeta/]: Registering to minecraft:item - quark:apple_crate
[05Jan2026 18:39:21.549] [main/DEBUG] [quark-zeta/]: Registering to minecraft:item - quark:potato_crate
[05Jan2026 18:39:21.549] [main/DEBUG] [quark-zeta/]: Registering to minecraft:item - quark:carrot_crate
[05Jan2026 18:39:21.549] [main/DEBUG] [quark-zeta/]: Registering to minecraft:item - quark:golden_carrot_crate
[05Jan2026 18:39:21.549] [main/DEBUG] [quark-zeta/]: Registering to minecraft:item - quark:beetroot_crate
[05Jan2026 18:39:21.549] [main/DEBUG] [quark-zeta/]: Registering to minecraft:item - quark:cocoa_beans_sack
[05Jan2026 18:39:21.549] [main/DEBUG] [quark-zeta/]: Registering to minecraft:item - quark:nether_wart_sack
[05Jan2026 18:39:21.549] [main/DEBUG] [quark-zeta/]: Registering to minecraft:item - quark:gunpowder_sack
[05Jan2026 18:39:21.549] [main/DEBUG] [quark-zeta/]: Registering to minecraft:item - quark:berry_sack
[05Jan2026 18:39:21.549] [main/DEBUG] [quark-zeta/]: Registering to minecraft:item - quark:glowberry_sack
[05Jan2026 18:39:21.549] [main/DEBUG] [quark-zeta/]: Registering to minecraft:item - quark:blaze_lantern
[05Jan2026 18:39:21.549] [main/DEBUG] [quark-zeta/]: Registering to minecraft:item - quark:bonded_leather
[05Jan2026 18:39:21.549] [main/DEBUG] [quark-zeta/]: Registering to minecraft:item - quark:bonded_rabbit_hide
[05Jan2026 18:39:21.549] [main/DEBUG] [quark-zeta/]: Registering to minecraft:item - quark:red_corundum
[05Jan2026 18:39:21.549] [main/DEBUG] [quark-zeta/]: Registering to minecraft:item - quark:waxed_red_corundum
[05Jan2026 18:39:21.549] [main/DEBUG] [quark-zeta/]: Registering to minecraft:item - quark:red_corundum_pane
[05Jan2026 18:39:21.549] [main/DEBUG] [quark-zeta/]: Registering to minecraft:item - quark:red_corundum_cluster
[05Jan2026 18:39:21.549] [main/DEBUG] [quark-zeta/]: Registering to minecraft:item - quark:orange_corundum
[05Jan2026 18:39:21.549] [main/DEBUG] [quark-zeta/]: Registering to minecraft:item - quark:waxed_orange_corundum
[05Jan2026 18:39:21.550] [main/DEBUG] [quark-zeta/]: Registering to minecraft:item - quark:orange_corundum_pane
[05Jan2026 18:39:21.550] [main/DEBUG] [quark-zeta/]: Registering to minecraft:item - quark:orange_corundum_cluster
[05Jan2026 18:39:21.550] [main/DEBUG] [quark-zeta/]: Registering to minecraft:item - quark:yellow_corundum
[05Jan2026 18:39:21.550] [main/DEBUG] [quark-zeta/]: Registering to minecraft:item - quark:waxed_yellow_corundum
[05Jan2026 18:39:21.550] [main/DEBUG] [quark-zeta/]: Registering to minecraft:item - quark:yellow_corundum_pane
[05Jan2026 18:39:21.550] [main/DEBUG] [quark-zeta/]: Registering to minecraft:item - quark:yellow_corundum_cluster
[05Jan2026 18:39:21.550] [main/DEBUG] [quark-zeta/]: Registering to minecraft:item - quark:green_corundum
[05Jan2026 18:39:21.550] [main/DEBUG] [quark-zeta/]: Registering to minecraft:item - quark:waxed_green_corundum
[05Jan2026 18:39:21.550] [main/DEBUG] [quark-zeta/]: Registering to minecraft:item - quark:green_corundum_pane
[05Jan2026 18:39:21.550] [main/DEBUG] [quark-zeta/]: Registering to minecraft:item - quark:green_corundum_cluster
[05Jan2026 18:39:21.550] [main/DEBUG] [quark-zeta/]: Registering to minecraft:item - quark:blue_corundum
[05Jan2026 18:39:21.550] [main/DEBUG] [quark-zeta/]: Registering to minecraft:item - quark:waxed_blue_corundum
[05Jan2026 18:39:21.550] [main/DEBUG] [quark-zeta/]: Registering to minecraft:item - quark:blue_corundum_pane
[05Jan2026 18:39:21.550] [main/DEBUG] [quark-zeta/]: Registering to minecraft:item - quark:blue_corundum_cluster
[05Jan2026 18:39:21.550] [main/DEBUG] [quark-zeta/]: Registering to minecraft:item - quark:indigo_corundum
[05Jan2026 18:39:21.550] [main/DEBUG] [quark-zeta/]: Registering to minecraft:item - quark:waxed_indigo_corundum
[05Jan2026 18:39:21.550] [main/DEBUG] [quark-zeta/]: Registering to minecraft:item - quark:indigo_corundum_pane
[05Jan2026 18:39:21.551] [main/DEBUG] [quark-zeta/]: Registering to minecraft:item - quark:indigo_corundum_cluster
[05Jan2026 18:39:21.551] [main/DEBUG] [quark-zeta/]: Registering to minecraft:item - quark:violet_corundum
[05Jan2026 18:39:21.551] [main/DEBUG] [quark-zeta/]: Registering to minecraft:item - quark:waxed_violet_corundum
[05Jan2026 18:39:21.551] [main/DEBUG] [quark-zeta/]: Registering to minecraft:item - quark:violet_corundum_pane
[05Jan2026 18:39:21.551] [main/DEBUG] [quark-zeta/]: Registering to minecraft:item - quark:violet_corundum_cluster
[05Jan2026 18:39:21.551] [main/DEBUG] [quark-zeta/]: Registering to minecraft:item - quark:white_corundum
[05Jan2026 18:39:21.551] [main/DEBUG] [quark-zeta/]: Registering to minecraft:item - quark:waxed_white_corundum
[05Jan2026 18:39:21.551] [main/DEBUG] [quark-zeta/]: Registering to minecraft:item - quark:white_corundum_pane
[05Jan2026 18:39:21.551] [main/DEBUG] [quark-zeta/]: Registering to minecraft:item - quark:white_corundum_cluster
[05Jan2026 18:39:21.551] [main/DEBUG] [quark-zeta/]: Registering to minecraft:item - quark:black_corundum
[05Jan2026 18:39:21.551] [main/DEBUG] [quark-zeta/]: Registering to minecraft:item - quark:waxed_black_corundum
[05Jan2026 18:39:21.551] [main/DEBUG] [quark-zeta/]: Registering to minecraft:item - quark:black_corundum_pane
[05Jan2026 18:39:21.551] [main/DEBUG] [quark-zeta/]: Registering to minecraft:item - quark:black_corundum_cluster
[05Jan2026 18:39:21.551] [main/DEBUG] [quark-zeta/]: Registering to minecraft:item - quark:crab_leg
[05Jan2026 18:39:21.551] [main/DEBUG] [quark-zeta/]: Registering to minecraft:item - quark:cooked_crab_leg
[05Jan2026 18:39:21.552] [main/DEBUG] [quark-zeta/]: Registering to minecraft:item - quark:crab_shell
[05Jan2026 18:39:21.552] [main/DEBUG] [quark-zeta/]: Registering to minecraft:item - quark:crab_bucket
[05Jan2026 18:39:21.552] [main/DEBUG] [quark-zeta/]: Registering to minecraft:item - quark:crab_spawn_egg
[05Jan2026 18:39:21.552] [main/DEBUG] [quark-zeta/]: Registering to minecraft:item - quark:crafter
[05Jan2026 18:39:21.552] [main/DEBUG] [quark-zeta/]: Registering to minecraft:item - quark:crate
[05Jan2026 18:39:21.552] [main/DEBUG] [quark-zeta/]: Registering to minecraft:item - quark:dragon_scale
[05Jan2026 18:39:21.552] [main/DEBUG] [quark-zeta/]: Registering to minecraft:item - quark:duskbound_block
[05Jan2026 18:39:21.552] [main/DEBUG] [quark-zeta/]: Registering to minecraft:item - quark:duskbound_lantern
[05Jan2026 18:39:21.552] [main/DEBUG] [quark-zeta/]: Registering to minecraft:item - quark:duskbound_block_slab
[05Jan2026 18:39:21.552] [main/DEBUG] [quark-zeta/]: Registering to minecraft:item - quark:duskbound_block_stairs
[05Jan2026 18:39:21.552] [main/DEBUG] [quark-zeta/]: Registering to minecraft:item - quark:ender_watcher
[05Jan2026 18:39:21.552] [main/DEBUG] [quark-zeta/]: Registering to minecraft:item - quark:music_disc_endermosh
[05Jan2026 18:39:21.552] [main/DEBUG] [quark-zeta/]: Registering to minecraft:item - quark:feeding_trough
[05Jan2026 18:39:21.553] [main/DEBUG] [quark-zeta/]: Registering to minecraft:item - quark:forgotten_hat
[05Jan2026 18:39:21.553] [main/DEBUG] [quark-zeta/]: Registering to minecraft:item - quark:forgotten_spawn_egg
[05Jan2026 18:39:21.553] [main/DEBUG] [quark-zeta/]: Registering to minecraft:item - quark:foxhound_spawn_egg
[05Jan2026 18:39:21.553] [main/DEBUG] [quark-zeta/]: Registering to minecraft:item - quark:framed_glass
[05Jan2026 18:39:21.553] [main/DEBUG] [quark-zeta/]: Registering to minecraft:item - quark:framed_glass_pane
[05Jan2026 18:39:21.553] [main/DEBUG] [quark-zeta/]: Registering to minecraft:item - quark:white_framed_glass
[05Jan2026 18:39:21.553] [main/DEBUG] [quark-zeta/]: Registering to minecraft:item - quark:light_gray_framed_glass
[05Jan2026 18:39:21.553] [main/DEBUG] [quark-zeta/]: Registering to minecraft:item - quark:gray_framed_glass
[05Jan2026 18:39:21.553] [main/DEBUG] [quark-zeta/]: Registering to minecraft:item - quark:black_framed_glass
[05Jan2026 18:39:21.553] [main/DEBUG] [quark-zeta/]: Registering to minecraft:item - quark:brown_framed_glass
[05Jan2026 18:39:21.553] [main/DEBUG] [quark-zeta/]: Registering to minecraft:item - quark:red_framed_glass
[05Jan2026 18:39:21.553] [main/DEBUG] [quark-zeta/]: Registering to minecraft:item - quark:orange_framed_glass
[05Jan2026 18:39:21.553] [main/DEBUG] [quark-zeta/]: Registering to minecraft:item - quark:yellow_framed_glass
[05Jan2026 18:39:21.553] [main/DEBUG] [quark-zeta/]: Registering to minecraft:item - quark:lime_framed_glass
[05Jan2026 18:39:21.553] [main/DEBUG] [quark-zeta/]: Registering to minecraft:item - quark:green_framed_glass
[05Jan2026 18:39:21.553] [main/DEBUG] [quark-zeta/]: Registering to minecraft:item - quark:cyan_framed_glass
[05Jan2026 18:39:21.553] [main/DEBUG] [quark-zeta/]: Registering to minecraft:item - quark:light_blue_framed_glass
[05Jan2026 18:39:21.554] [main/DEBUG] [quark-zeta/]: Registering to minecraft:item - quark:blue_framed_glass
[05Jan2026 18:39:21.554] [main/DEBUG] [quark-zeta/]: Registering to minecraft:item - quark:purple_framed_glass
[05Jan2026 18:39:21.554] [main/DEBUG] [quark-zeta/]: Registering to minecraft:item - quark:magenta_framed_glass
[05Jan2026 18:39:21.554] [main/DEBUG] [quark-zeta/]: Registering to minecraft:item - quark:pink_framed_glass
[05Jan2026 18:39:21.554] [main/DEBUG] [quark-zeta/]: Registering to minecraft:item - quark:white_framed_glass_pane
[05Jan2026 18:39:21.554] [main/DEBUG] [quark-zeta/]: Registering to minecraft:item - quark:light_gray_framed_glass_pane
[05Jan2026 18:39:21.554] [main/DEBUG] [quark-zeta/]: Registering to minecraft:item - quark:gray_framed_glass_pane
[05Jan2026 18:39:21.554] [main/DEBUG] [quark-zeta/]: Registering to minecraft:item - quark:black_framed_glass_pane
[05Jan2026 18:39:21.554] [main/DEBUG] [quark-zeta/]: Registering to minecraft:item - quark:brown_framed_glass_pane
[05Jan2026 18:39:21.554] [main/DEBUG] [quark-zeta/]: Registering to minecraft:item - quark:red_framed_glass_pane
[05Jan2026 18:39:21.554] [main/DEBUG] [quark-zeta/]: Registering to minecraft:item - quark:orange_framed_glass_pane
[05Jan2026 18:39:21.554] [main/DEBUG] [quark-zeta/]: Registering to minecraft:item - quark:yellow_framed_glass_pane
[05Jan2026 18:39:21.554] [main/DEBUG] [quark-zeta/]: Registering to minecraft:item - quark:lime_framed_glass_pane
[05Jan2026 18:39:21.554] [main/DEBUG] [quark-zeta/]: Registering to minecraft:item - quark:green_framed_glass_pane
[05Jan2026 18:39:21.554] [main/DEBUG] [quark-zeta/]: Registering to minecraft:item - quark:cyan_framed_glass_pane
[05Jan2026 18:39:21.555] [main/DEBUG] [quark-zeta/]: Registering to minecraft:item - quark:light_blue_framed_glass_pane
[05Jan2026 18:39:21.555] [main/DEBUG] [quark-zeta/]: Registering to minecraft:item - quark:blue_framed_glass_pane
[05Jan2026 18:39:21.555] [main/DEBUG] [quark-zeta/]: Registering to minecraft:item - quark:purple_framed_glass_pane
[05Jan2026 18:39:21.555] [main/DEBUG] [quark-zeta/]: Registering to minecraft:item - quark:magenta_framed_glass_pane
[05Jan2026 18:39:21.555] [main/DEBUG] [quark-zeta/]: Registering to minecraft:item - quark:pink_framed_glass_pane
[05Jan2026 18:39:21.555] [main/DEBUG] [quark-zeta/]: Registering to minecraft:item - quark:glass_item_frame
[05Jan2026 18:39:21.555] [main/DEBUG] [quark-zeta/]: Registering to minecraft:item - quark:glowing_glass_item_frame
[05Jan2026 18:39:21.555] [main/DEBUG] [quark-zeta/]: Registering to minecraft:item - quark:dirty_glass
[05Jan2026 18:39:21.555] [main/DEBUG] [quark-zeta/]: Registering to minecraft:item - quark:dirty_glass_pane
[05Jan2026 18:39:21.555] [main/DEBUG] [quark-zeta/]: Registering to minecraft:item - quark:clear_shard
[05Jan2026 18:39:21.555] [main/DEBUG] [quark-zeta/]: Registering to minecraft:item - quark:dirty_shard
[05Jan2026 18:39:21.555] [main/DEBUG] [quark-zeta/]: Registering to minecraft:item - quark:white_shard
[05Jan2026 18:39:21.555] [main/DEBUG] [quark-zeta/]: Registering to minecraft:item - quark:light_gray_shard
[05Jan2026 18:39:21.555] [main/DEBUG] [quark-zeta/]: Registering to minecraft:item - quark:gray_shard
[05Jan2026 18:39:21.555] [main/DEBUG] [quark-zeta/]: Registering to minecraft:item - quark:black_shard
[05Jan2026 18:39:21.555] [main/DEBUG] [quark-zeta/]: Registering to minecraft:item - quark:brown_shard
[05Jan2026 18:39:21.555] [main/DEBUG] [quark-zeta/]: Registering to minecraft:item - quark:red_shard
[05Jan2026 18:39:21.556] [main/DEBUG] [quark-zeta/]: Registering to minecraft:item - quark:orange_shard
[05Jan2026 18:39:21.556] [main/DEBUG] [quark-zeta/]: Registering to minecraft:item - quark:yellow_shard
[05Jan2026 18:39:21.556] [main/DEBUG] [quark-zeta/]: Registering to minecraft:item - quark:lime_shard
[05Jan2026 18:39:21.556] [main/DEBUG] [quark-zeta/]: Registering to minecraft:item - quark:green_shard
[05Jan2026 18:39:21.556] [main/DEBUG] [quark-zeta/]: Registering to minecraft:item - quark:cyan_shard
[05Jan2026 18:39:21.556] [main/DEBUG] [quark-zeta/]: Registering to minecraft:item - quark:light_blue_shard
[05Jan2026 18:39:21.556] [main/DEBUG] [quark-zeta/]: Registering to minecraft:item - quark:blue_shard
[05Jan2026 18:39:21.556] [main/DEBUG] [quark-zeta/]: Registering to minecraft:item - quark:purple_shard
[05Jan2026 18:39:21.556] [main/DEBUG] [quark-zeta/]: Registering to minecraft:item - quark:magenta_shard
[05Jan2026 18:39:21.556] [main/DEBUG] [quark-zeta/]: Registering to minecraft:item - quark:pink_shard
[05Jan2026 18:39:21.556] [main/DEBUG] [quark-zeta/]: Registering to minecraft:item - quark:glow_shroom
[05Jan2026 18:39:21.556] [main/DEBUG] [quark-zeta/]: Registering to minecraft:item - quark:glow_shroom_block
[05Jan2026 18:39:21.556] [main/DEBUG] [quark-zeta/]: Registering to minecraft:item - quark:glow_shroom_stem
[05Jan2026 18:39:21.556] [main/DEBUG] [quark-zeta/]: Registering to minecraft:item - quark:glow_shroom_ring
[05Jan2026 18:39:21.556] [main/DEBUG] [quark-zeta/]: Registering to minecraft:item - quark:glow_lichen_growth
[05Jan2026 18:39:21.556] [main/DEBUG] [quark-zeta/]: Registering to minecraft:item - quark:gold_bars
[05Jan2026 18:39:21.556] [main/DEBUG] [quark-zeta/]: Registering to minecraft:item - quark:grate
[05Jan2026 18:39:21.557] [main/DEBUG] [quark-zeta/]: Registering to minecraft:item - quark:gravisand
[05Jan2026 18:39:21.557] [main/DEBUG] [quark-zeta/]: Registering to minecraft:item - quark:oak_hedge
[05Jan2026 18:39:21.557] [main/DEBUG] [quark-zeta/]: Registering to minecraft:item - quark:spruce_hedge
[05Jan2026 18:39:21.557] [main/DEBUG] [quark-zeta/]: Registering to minecraft:item - quark:birch_hedge
[05Jan2026 18:39:21.557] [main/DEBUG] [quark-zeta/]: Registering to minecraft:item - quark:jungle_hedge
[05Jan2026 18:39:21.557] [main/DEBUG] [quark-zeta/]: Registering to minecraft:item - quark:acacia_hedge
[05Jan2026 18:39:21.557] [main/DEBUG] [quark-zeta/]: Registering to minecraft:item - quark:dark_oak_hedge
[05Jan2026 18:39:21.557] [main/DEBUG] [quark-zeta/]: Registering to minecraft:item - quark:mangrove_hedge
[05Jan2026 18:39:21.557] [main/DEBUG] [quark-zeta/]: Registering to minecraft:item - quark:cherry_hedge
[05Jan2026 18:39:21.557] [main/DEBUG] [quark-zeta/]: Registering to minecraft:item - quark:azalea_hedge
[05Jan2026 18:39:21.557] [main/DEBUG] [quark-zeta/]: Registering to minecraft:item - quark:flowering_azalea_hedge
[05Jan2026 18:39:21.557] [main/DEBUG] [quark-zeta/]: Registering to minecraft:item - quark:hollow_oak_log
[05Jan2026 18:39:21.557] [main/DEBUG] [quark-zeta/]: Registering to minecraft:item - quark:hollow_spruce_log
[05Jan2026 18:39:21.557] [main/DEBUG] [quark-zeta/]: Registering to minecraft:item - quark:hollow_birch_log
[05Jan2026 18:39:21.557] [main/DEBUG] [quark-zeta/]: Registering to minecraft:item - quark:hollow_jungle_log
[05Jan2026 18:39:21.557] [main/DEBUG] [quark-zeta/]: Registering to minecraft:item - quark:hollow_acacia_log
[05Jan2026 18:39:21.558] [main/DEBUG] [quark-zeta/]: Registering to minecraft:item - quark:hollow_dark_oak_log
[05Jan2026 18:39:21.558] [main/DEBUG] [quark-zeta/]: Registering to minecraft:item - quark:hollow_crimson_stem
[05Jan2026 18:39:21.558] [main/DEBUG] [quark-zeta/]: Registering to minecraft:item - quark:hollow_warped_stem
[05Jan2026 18:39:21.558] [main/DEBUG] [quark-zeta/]: Registering to minecraft:item - quark:hollow_mangrove_log
[05Jan2026 18:39:21.558] [main/DEBUG] [quark-zeta/]: Registering to minecraft:item - quark:hollow_cherry_log
[05Jan2026 18:39:21.558] [main/DEBUG] [quark-zeta/]: Registering to minecraft:item - quark:iron_plate
[05Jan2026 18:39:21.558] [main/DEBUG] [quark-zeta/]: Registering to minecraft:item - quark:rusty_iron_plate
[05Jan2026 18:39:21.559] [main/DEBUG] [quark-zeta/]: Registering to minecraft:item - quark:iron_pillar
[05Jan2026 18:39:21.559] [main/DEBUG] [quark-zeta/]: Registering to minecraft:item - quark:iron_plate_slab
[05Jan2026 18:39:21.559] [main/DEBUG] [quark-zeta/]: Registering to minecraft:item - quark:iron_plate_stairs
[05Jan2026 18:39:21.559] [main/DEBUG] [quark-zeta/]: Registering to minecraft:item - quark:rusty_iron_plate_slab
[05Jan2026 18:39:21.559] [main/DEBUG] [quark-zeta/]: Registering to minecraft:item - quark:rusty_iron_plate_stairs
[05Jan2026 18:39:21.559] [main/DEBUG] [quark-zeta/]: Registering to minecraft:item - quark:iron_ladder
[05Jan2026 18:39:21.559] [main/DEBUG] [quark-zeta/]: Registering to minecraft:item - quark:iron_rod
[05Jan2026 18:39:21.559] [main/DEBUG] [quark-zeta/]: Registering to minecraft:item - quark:paper_lantern
[05Jan2026 18:39:21.559] [main/DEBUG] [quark-zeta/]: Registering to minecraft:item - quark:paper_lantern_sakura
[05Jan2026 18:39:21.559] [main/DEBUG] [quark-zeta/]: Registering to minecraft:item - quark:paper_wall
[05Jan2026 18:39:21.559] [main/DEBUG] [quark-zeta/]: Registering to minecraft:item - quark:paper_wall_big
[05Jan2026 18:39:21.559] [main/DEBUG] [quark-zeta/]: Registering to minecraft:item - quark:paper_wall_sakura
[05Jan2026 18:39:21.559] [main/DEBUG] [quark-zeta/]: Registering to minecraft:item - quark:bamboo_mat
[05Jan2026 18:39:21.559] [main/DEBUG] [quark-zeta/]: Registering to minecraft:item - quark:bamboo_mat_carpet
[05Jan2026 18:39:21.559] [main/DEBUG] [quark-zeta/]: Registering to minecraft:item - quark:oak_leaf_carpet
[05Jan2026 18:39:21.559] [main/DEBUG] [quark-zeta/]: Registering to minecraft:item - quark:spruce_leaf_carpet
[05Jan2026 18:39:21.560] [main/DEBUG] [quark-zeta/]: Registering to minecraft:item - quark:birch_leaf_carpet
[05Jan2026 18:39:21.560] [main/DEBUG] [quark-zeta/]: Registering to minecraft:item - quark:jungle_leaf_carpet
[05Jan2026 18:39:21.560] [main/DEBUG] [quark-zeta/]: Registering to minecraft:item - quark:acacia_leaf_carpet
[05Jan2026 18:39:21.560] [main/DEBUG] [quark-zeta/]: Registering to minecraft:item - quark:dark_oak_leaf_carpet
[05Jan2026 18:39:21.560] [main/DEBUG] [quark-zeta/]: Registering to minecraft:item - quark:mangrove_leaf_carpet
[05Jan2026 18:39:21.560] [main/DEBUG] [quark-zeta/]: Registering to minecraft:item - quark:cherry_leaf_carpet
[05Jan2026 18:39:21.560] [main/DEBUG] [quark-zeta/]: Registering to minecraft:item - quark:azalea_leaf_carpet
[05Jan2026 18:39:21.560] [main/DEBUG] [quark-zeta/]: Registering to minecraft:item - quark:flowering_azalea_leaf_carpet
[05Jan2026 18:39:21.560] [main/DEBUG] [quark-zeta/]: Registering to minecraft:item - quark:magnet
[05Jan2026 18:39:21.560] [main/DEBUG] [quark-zeta/]: Registering to minecraft:item - quark:magnetized_block
[05Jan2026 18:39:21.560] [main/DEBUG] [quark-zeta/]: Registering to minecraft:item - quark:matrix_enchanter
[05Jan2026 18:39:21.560] [main/DEBUG] [quark-zeta/]: Registering to minecraft:item - quark:iron_button
[05Jan2026 18:39:21.560] [main/DEBUG] [quark-zeta/]: Registering to minecraft:item - quark:gold_button
[05Jan2026 18:39:21.560] [main/DEBUG] [quark-zeta/]: Registering to minecraft:item - quark:moss_paste
[05Jan2026 18:39:21.560] [main/DEBUG] [quark-zeta/]: Registering to minecraft:item - quark:midori_block
[05Jan2026 18:39:21.560] [main/DEBUG] [quark-zeta/]: Registering to minecraft:item - quark:midori_pillar
[05Jan2026 18:39:21.561] [main/DEBUG] [quark-zeta/]: Registering to minecraft:item - quark:midori_block_slab
[05Jan2026 18:39:21.561] [main/DEBUG] [quark-zeta/]: Registering to minecraft:item - quark:midori_block_stairs
[05Jan2026 18:39:21.561] [main/DEBUG] [quark-zeta/]: Registering to minecraft:item - quark:monster_box
[05Jan2026 18:39:21.561] [main/DEBUG] [quark-zeta/]: Registering to minecraft:item - quark:blue_nether_bricks
[05Jan2026 18:39:21.561] [main/DEBUG] [quark-zeta/]: Registering to minecraft:item - quark:blue_nether_bricks_wall
[05Jan2026 18:39:21.561] [main/DEBUG] [quark-zeta/]: Registering to minecraft:item - quark:blue_nether_bricks_slab
[05Jan2026 18:39:21.561] [main/DEBUG] [quark-zeta/]: Registering to minecraft:item - quark:blue_nether_bricks_stairs
[05Jan2026 18:39:21.561] [main/DEBUG] [quark-zeta/]: Registering to minecraft:item - quark:sandstone_bricks
[05Jan2026 18:39:21.561] [main/DEBUG] [quark-zeta/]: Registering to minecraft:item - quark:sandstone_bricks_wall
[05Jan2026 18:39:21.561] [main/DEBUG] [quark-zeta/]: Registering to minecraft:item - quark:sandstone_bricks_slab
[05Jan2026 18:39:21.561] [main/DEBUG] [quark-zeta/]: Registering to minecraft:item - quark:sandstone_bricks_stairs
[05Jan2026 18:39:21.561] [main/DEBUG] [quark-zeta/]: Registering to minecraft:item - quark:red_sandstone_bricks
[05Jan2026 18:39:21.561] [main/DEBUG] [quark-zeta/]: Registering to minecraft:item - quark:red_sandstone_bricks_wall
[05Jan2026 18:39:21.561] [main/DEBUG] [quark-zeta/]: Registering to minecraft:item - quark:red_sandstone_bricks_slab
[05Jan2026 18:39:21.561] [main/DEBUG] [quark-zeta/]: Registering to minecraft:item - quark:red_sandstone_bricks_stairs
[05Jan2026 18:39:21.561] [main/DEBUG] [quark-zeta/]: Registering to minecraft:item - quark:soul_sandstone_bricks
[05Jan2026 18:39:21.561] [main/DEBUG] [quark-zeta/]: Registering to minecraft:item - quark:soul_sandstone_bricks_wall
[05Jan2026 18:39:21.561] [main/DEBUG] [quark-zeta/]: Registering to minecraft:item - quark:soul_sandstone_bricks_slab
[05Jan2026 18:39:21.561] [main/DEBUG] [quark-zeta/]: Registering to minecraft:item - quark:soul_sandstone_bricks_stairs
[05Jan2026 18:39:21.561] [main/DEBUG] [quark-zeta/]: Registering to minecraft:item - quark:cobblestone_bricks
[05Jan2026 18:39:21.561] [main/DEBUG] [quark-zeta/]: Registering to minecraft:item - quark:cobblestone_bricks_wall
[05Jan2026 18:39:21.561] [main/DEBUG] [quark-zeta/]: Registering to minecraft:item - quark:cobblestone_bricks_slab
[05Jan2026 18:39:21.562] [main/DEBUG] [quark-zeta/]: Registering to minecraft:item - quark:cobblestone_bricks_stairs
[05Jan2026 18:39:21.562] [main/DEBUG] [quark-zeta/]: Registering to minecraft:item - quark:mossy_cobblestone_bricks
[05Jan2026 18:39:21.562] [main/DEBUG] [quark-zeta/]: Registering to minecraft:item - quark:mossy_cobblestone_bricks_wall
[05Jan2026 18:39:21.562] [main/DEBUG] [quark-zeta/]: Registering to minecraft:item - quark:mossy_cobblestone_bricks_slab
[05Jan2026 18:39:21.562] [main/DEBUG] [quark-zeta/]: Registering to minecraft:item - quark:mossy_cobblestone_bricks_stairs
[05Jan2026 18:39:21.562] [main/DEBUG] [quark-zeta/]: Registering to minecraft:item - quark:blackstone_bricks
[05Jan2026 18:39:21.562] [main/DEBUG] [quark-zeta/]: Registering to minecraft:item - quark:blackstone_bricks_wall
[05Jan2026 18:39:21.562] [main/DEBUG] [quark-zeta/]: Registering to minecraft:item - quark:blackstone_bricks_slab
[05Jan2026 18:39:21.562] [main/DEBUG] [quark-zeta/]: Registering to minecraft:item - quark:blackstone_bricks_stairs
[05Jan2026 18:39:21.562] [main/DEBUG] [quark-zeta/]: Registering to minecraft:item - quark:dirt_bricks
[05Jan2026 18:39:21.562] [main/DEBUG] [quark-zeta/]: Registering to minecraft:item - quark:dirt_bricks_wall
[05Jan2026 18:39:21.562] [main/DEBUG] [quark-zeta/]: Registering to minecraft:item - quark:dirt_bricks_slab
[05Jan2026 18:39:21.562] [main/DEBUG] [quark-zeta/]: Registering to minecraft:item - quark:dirt_bricks_stairs
[05Jan2026 18:39:21.562] [main/DEBUG] [quark-zeta/]: Registering to minecraft:item - quark:netherrack_bricks
[05Jan2026 18:39:21.562] [main/DEBUG] [quark-zeta/]: Registering to minecraft:item - quark:netherrack_bricks_wall
[05Jan2026 18:39:21.562] [main/DEBUG] [quark-zeta/]: Registering to minecraft:item - quark:netherrack_bricks_slab
[05Jan2026 18:39:21.562] [main/DEBUG] [quark-zeta/]: Registering to minecraft:item - quark:netherrack_bricks_stairs
[05Jan2026 18:39:21.562] [main/DEBUG] [quark-zeta/]: Registering to minecraft:item - quark:carved_mud_bricks
[05Jan2026 18:39:21.563] [main/DEBUG] [quark-zeta/]: Registering to minecraft:item - quark:mud_pillar
[05Jan2026 18:39:21.563] [main/DEBUG] [quark-zeta/]: Registering to minecraft:item - quark:mud_brick_lattice
[05Jan2026 18:39:21.563] [main/DEBUG] [quark-zeta/]: Registering to minecraft:item - quark:nether_brick_fence_gate
[05Jan2026 18:39:21.563] [main/DEBUG] [quark-zeta/]: Registering to minecraft:item - quark:limestone
[05Jan2026 18:39:21.563] [main/DEBUG] [quark-zeta/]: Registering to minecraft:item - quark:polished_limestone
[05Jan2026 18:39:21.563] [main/DEBUG] [quark-zeta/]: Registering to minecraft:item - quark:limestone_wall
[05Jan2026 18:39:21.563] [main/DEBUG] [quark-zeta/]: Registering to minecraft:item - quark:limestone_slab
[05Jan2026 18:39:21.563] [main/DEBUG] [quark-zeta/]: Registering to minecraft:item - quark:limestone_stairs
[05Jan2026 18:39:21.563] [main/DEBUG] [quark-zeta/]: Registering to minecraft:item - quark:polished_limestone_slab
[05Jan2026 18:39:21.563] [main/DEBUG] [quark-zeta/]: Registering to minecraft:item - quark:polished_limestone_stairs
[05Jan2026 18:39:21.563] [main/DEBUG] [quark-zeta/]: Registering to minecraft:item - quark:jasper
[05Jan2026 18:39:21.563] [main/DEBUG] [quark-zeta/]: Registering to minecraft:item - quark:polished_jasper
[05Jan2026 18:39:21.563] [main/DEBUG] [quark-zeta/]: Registering to minecraft:item - quark:jasper_wall
[05Jan2026 18:39:21.563] [main/DEBUG] [quark-zeta/]: Registering to minecraft:item - quark:jasper_slab
[05Jan2026 18:39:21.563] [main/DEBUG] [quark-zeta/]: Registering to minecraft:item - quark:jasper_stairs
[05Jan2026 18:39:21.564] [main/DEBUG] [quark-zeta/]: Registering to minecraft:item - quark:polished_jasper_slab
[05Jan2026 18:39:21.564] [main/DEBUG] [quark-zeta/]: Registering to minecraft:item - quark:polished_jasper_stairs
[05Jan2026 18:39:21.564] [main/DEBUG] [quark-zeta/]: Registering to minecraft:item - quark:shale
[05Jan2026 18:39:21.564] [main/DEBUG] [quark-zeta/]: Registering to minecraft:item - quark:polished_shale
[05Jan2026 18:39:21.564] [main/DEBUG] [quark-zeta/]: Registering to minecraft:item - quark:shale_wall
[05Jan2026 18:39:21.564] [main/DEBUG] [quark-zeta/]: Registering to minecraft:item - quark:shale_slab
[05Jan2026 18:39:21.564] [main/DEBUG] [quark-zeta/]: Registering to minecraft:item - quark:shale_stairs
[05Jan2026 18:39:21.564] [main/DEBUG] [quark-zeta/]: Registering to minecraft:item - quark:polished_shale_slab
[05Jan2026 18:39:21.564] [main/DEBUG] [quark-zeta/]: Registering to minecraft:item - quark:polished_shale_stairs
[05Jan2026 18:39:21.564] [main/DEBUG] [quark-zeta/]: Registering to minecraft:item - quark:myalite
[05Jan2026 18:39:21.564] [main/DEBUG] [quark-zeta/]: Registering to minecraft:item - quark:polished_myalite
[05Jan2026 18:39:21.564] [main/DEBUG] [quark-zeta/]: Registering to minecraft:item - quark:myalite_wall
[05Jan2026 18:39:21.564] [main/DEBUG] [quark-zeta/]: Registering to minecraft:item - quark:myalite_slab
[05Jan2026 18:39:21.564] [main/DEBUG] [quark-zeta/]: Registering to minecraft:item - quark:myalite_stairs
[05Jan2026 18:39:21.564] [main/DEBUG] [quark-zeta/]: Registering to minecraft:item - quark:polished_myalite_slab
[05Jan2026 18:39:21.565] [main/DEBUG] [quark-zeta/]: Registering to minecraft:item - quark:polished_myalite_stairs
[05Jan2026 18:39:21.565] [main/DEBUG] [quark-zeta/]: Registering to minecraft:item - quark:obsidian_pressure_plate
[05Jan2026 18:39:21.565] [main/DEBUG] [quark-zeta/]: Registering to minecraft:item - quark:egg_parrot_red_blue
[05Jan2026 18:39:21.565] [main/DEBUG] [quark-zeta/]: Registering to minecraft:item - quark:egg_parrot_blue
[05Jan2026 18:39:21.565] [main/DEBUG] [quark-zeta/]: Registering to minecraft:item - quark:egg_parrot_green
[05Jan2026 18:39:21.565] [main/DEBUG] [quark-zeta/]: Registering to minecraft:item - quark:egg_parrot_yellow_blue
[05Jan2026 18:39:21.565] [main/DEBUG] [quark-zeta/]: Registering to minecraft:item - quark:egg_parrot_gray
[05Jan2026 18:39:21.565] [main/DEBUG] [quark-zeta/]: Registering to minecraft:item - quark:pathfinders_quill
[05Jan2026 18:39:21.565] [main/DEBUG] [quark-zeta/]: Registering to minecraft:item - quark:permafrost
[05Jan2026 18:39:21.565] [main/DEBUG] [quark-zeta/]: Registering to minecraft:item - quark:permafrost_wall
[05Jan2026 18:39:21.565] [main/DEBUG] [quark-zeta/]: Registering to minecraft:item - quark:permafrost_slab
[05Jan2026 18:39:21.565] [main/DEBUG] [quark-zeta/]: Registering to minecraft:item - quark:permafrost_stairs
[05Jan2026 18:39:21.565] [main/DEBUG] [quark-zeta/]: Registering to minecraft:item - quark:permafrost_bricks
[05Jan2026 18:39:21.565] [main/DEBUG] [quark-zeta/]: Registering to minecraft:item - quark:permafrost_bricks_wall
[05Jan2026 18:39:21.565] [main/DEBUG] [quark-zeta/]: Registering to minecraft:item - quark:permafrost_bricks_slab
[05Jan2026 18:39:21.565] [main/DEBUG] [quark-zeta/]: Registering to minecraft:item - quark:permafrost_bricks_stairs
[05Jan2026 18:39:21.566] [main/DEBUG] [quark-zeta/]: Registering to minecraft:item - quark:pickarang
[05Jan2026 18:39:21.566] [main/DEBUG] [quark-zeta/]: Registering to minecraft:item - quark:flamerang
[05Jan2026 18:39:21.566] [main/DEBUG] [quark-zeta/]: Registering to minecraft:item - quark:pipe
[05Jan2026 18:39:21.566] [main/DEBUG] [quark-zeta/]: Registering to minecraft:item - quark:encased_pipe
[05Jan2026 18:39:21.566] [main/DEBUG] [quark-zeta/]: Registering to minecraft:item - quark:red_crystal_lamp
[05Jan2026 18:39:21.566] [main/DEBUG] [quark-zeta/]: Registering to minecraft:item - quark:orange_crystal_lamp
[05Jan2026 18:39:21.566] [main/DEBUG] [quark-zeta/]: Registering to minecraft:item - quark:yellow_crystal_lamp
[05Jan2026 18:39:21.566] [main/DEBUG] [quark-zeta/]: Registering to minecraft:item - quark:green_crystal_lamp
[05Jan2026 18:39:21.566] [main/DEBUG] [quark-zeta/]: Registering to minecraft:item - quark:blue_crystal_lamp
[05Jan2026 18:39:21.566] [main/DEBUG] [quark-zeta/]: Registering to minecraft:item - quark:indigo_crystal_lamp
[05Jan2026 18:39:21.566] [main/DEBUG] [quark-zeta/]: Registering to minecraft:item - quark:violet_crystal_lamp
[05Jan2026 18:39:21.566] [main/DEBUG] [quark-zeta/]: Registering to minecraft:item - quark:white_crystal_lamp
[05Jan2026 18:39:21.566] [main/DEBUG] [quark-zeta/]: Registering to minecraft:item - quark:black_crystal_lamp
[05Jan2026 18:39:21.566] [main/DEBUG] [quark-zeta/]: Registering to minecraft:item - quark:raw_iron_bricks
[05Jan2026 18:39:21.566] [main/DEBUG] [quark-zeta/]: Registering to minecraft:item - quark:raw_gold_bricks
[05Jan2026 18:39:21.566] [main/DEBUG] [quark-zeta/]: Registering to minecraft:item - quark:raw_copper_bricks
[05Jan2026 18:39:21.567] [main/DEBUG] [quark-zeta/]: Registering to minecraft:item - quark:raw_iron_bricks_wall
[05Jan2026 18:39:21.567] [main/DEBUG] [quark-zeta/]: Registering to minecraft:item - quark:raw_iron_bricks_slab
[05Jan2026 18:39:21.567] [main/DEBUG] [quark-zeta/]: Registering to minecraft:item - quark:raw_iron_bricks_stairs
[05Jan2026 18:39:21.567] [main/DEBUG] [quark-zeta/]: Registering to minecraft:item - quark:raw_gold_bricks_wall
[05Jan2026 18:39:21.567] [main/DEBUG] [quark-zeta/]: Registering to minecraft:item - quark:raw_gold_bricks_slab
[05Jan2026 18:39:21.567] [main/DEBUG] [quark-zeta/]: Registering to minecraft:item - quark:raw_gold_bricks_stairs
[05Jan2026 18:39:21.567] [main/DEBUG] [quark-zeta/]: Registering to minecraft:item - quark:raw_copper_bricks_wall
[05Jan2026 18:39:21.567] [main/DEBUG] [quark-zeta/]: Registering to minecraft:item - quark:raw_copper_bricks_slab
[05Jan2026 18:39:21.567] [main/DEBUG] [quark-zeta/]: Registering to minecraft:item - quark:raw_copper_bricks_stairs
[05Jan2026 18:39:21.567] [main/DEBUG] [quark-zeta/]: Registering to minecraft:item - quark:redstone_randomizer
[05Jan2026 18:39:21.567] [main/DEBUG] [quark-zeta/]: Registering to minecraft:item - quark:rope
[05Jan2026 18:39:21.567] [main/DEBUG] [quark-zeta/]: Registering to minecraft:item - quark:seed_pouch
[05Jan2026 18:39:21.567] [main/DEBUG] [quark-zeta/]: Registering to minecraft:item - quark:cut_vine
[05Jan2026 18:39:21.568] [main/DEBUG] [quark-zeta/]: Registering to minecraft:item - quark:shiba_spawn_egg
[05Jan2026 18:39:21.568] [main/DEBUG] [quark-zeta/]: Registering to minecraft:item - quark:shingles
[05Jan2026 18:39:21.568] [main/DEBUG] [quark-zeta/]: Registering to minecraft:item - quark:shingles_slab
[05Jan2026 18:39:21.568] [main/DEBUG] [quark-zeta/]: Registering to minecraft:item - quark:shingles_stairs
[05Jan2026 18:39:21.568] [main/DEBUG] [quark-zeta/]: Registering to minecraft:item - quark:white_shingles
[05Jan2026 18:39:21.568] [main/DEBUG] [quark-zeta/]: Registering to minecraft:item - quark:white_shingles_slab
[05Jan2026 18:39:21.568] [main/DEBUG] [quark-zeta/]: Registering to minecraft:item - quark:white_shingles_stairs
[05Jan2026 18:39:21.568] [main/DEBUG] [quark-zeta/]: Registering to minecraft:item - quark:orange_shingles
[05Jan2026 18:39:21.568] [main/DEBUG] [quark-zeta/]: Registering to minecraft:item - quark:orange_shingles_slab
[05Jan2026 18:39:21.568] [main/DEBUG] [quark-zeta/]: Registering to minecraft:item - quark:orange_shingles_stairs
[05Jan2026 18:39:21.568] [main/DEBUG] [quark-zeta/]: Registering to minecraft:item - quark:magenta_shingles
[05Jan2026 18:39:21.568] [main/DEBUG] [quark-zeta/]: Registering to minecraft:item - quark:magenta_shingles_slab
[05Jan2026 18:39:21.568] [main/DEBUG] [quark-zeta/]: Registering to minecraft:item - quark:magenta_shingles_stairs
[05Jan2026 18:39:21.568] [main/DEBUG] [quark-zeta/]: Registering to minecraft:item - quark:light_blue_shingles
[05Jan2026 18:39:21.568] [main/DEBUG] [quark-zeta/]: Registering to minecraft:item - quark:light_blue_shingles_slab
[05Jan2026 18:39:21.568] [main/DEBUG] [quark-zeta/]: Registering to minecraft:item - quark:light_blue_shingles_stairs
[05Jan2026 18:39:21.569] [main/DEBUG] [quark-zeta/]: Registering to minecraft:item - quark:yellow_shingles
[05Jan2026 18:39:21.569] [main/DEBUG] [quark-zeta/]: Registering to minecraft:item - quark:yellow_shingles_slab
[05Jan2026 18:39:21.569] [main/DEBUG] [quark-zeta/]: Registering to minecraft:item - quark:yellow_shingles_stairs
[05Jan2026 18:39:21.569] [main/DEBUG] [quark-zeta/]: Registering to minecraft:item - quark:lime_shingles
[05Jan2026 18:39:21.569] [main/DEBUG] [quark-zeta/]: Registering to minecraft:item - quark:lime_shingles_slab
[05Jan2026 18:39:21.569] [main/DEBUG] [quark-zeta/]: Registering to minecraft:item - quark:lime_shingles_stairs
[05Jan2026 18:39:21.569] [main/DEBUG] [quark-zeta/]: Registering to minecraft:item - quark:pink_shingles
[05Jan2026 18:39:21.569] [main/DEBUG] [quark-zeta/]: Registering to minecraft:item - quark:pink_shingles_slab
[05Jan2026 18:39:21.569] [main/DEBUG] [quark-zeta/]: Registering to minecraft:item - quark:pink_shingles_stairs
[05Jan2026 18:39:21.569] [main/DEBUG] [quark-zeta/]: Registering to minecraft:item - quark:gray_shingles
[05Jan2026 18:39:21.569] [main/DEBUG] [quark-zeta/]: Registering to minecraft:item - quark:gray_shingles_slab
[05Jan2026 18:39:21.569] [main/DEBUG] [quark-zeta/]: Registering to minecraft:item - quark:gray_shingles_stairs
[05Jan2026 18:39:21.569] [main/DEBUG] [quark-zeta/]: Registering to minecraft:item - quark:light_gray_shingles
[05Jan2026 18:39:21.569] [main/DEBUG] [quark-zeta/]: Registering to minecraft:item - quark:light_gray_shingles_slab
[05Jan2026 18:39:21.569] [main/DEBUG] [quark-zeta/]: Registering to minecraft:item - quark:light_gray_shingles_stairs
[05Jan2026 18:39:21.570] [main/DEBUG] [quark-zeta/]: Registering to minecraft:item - quark:cyan_shingles
[05Jan2026 18:39:21.570] [main/DEBUG] [quark-zeta/]: Registering to minecraft:item - quark:cyan_shingles_slab
[05Jan2026 18:39:21.570] [main/DEBUG] [quark-zeta/]: Registering to minecraft:item - quark:cyan_shingles_stairs
[05Jan2026 18:39:21.570] [main/DEBUG] [quark-zeta/]: Registering to minecraft:item - quark:purple_shingles
[05Jan2026 18:39:21.570] [main/DEBUG] [quark-zeta/]: Registering to minecraft:item - quark:purple_shingles_slab
[05Jan2026 18:39:21.570] [main/DEBUG] [quark-zeta/]: Registering to minecraft:item - quark:purple_shingles_stairs
[05Jan2026 18:39:21.570] [main/DEBUG] [quark-zeta/]: Registering to minecraft:item - quark:blue_shingles
[05Jan2026 18:39:21.570] [main/DEBUG] [quark-zeta/]: Registering to minecraft:item - quark:blue_shingles_slab
[05Jan2026 18:39:21.570] [main/DEBUG] [quark-zeta/]: Registering to minecraft:item - quark:blue_shingles_stairs
[05Jan2026 18:39:21.570] [main/DEBUG] [quark-zeta/]: Registering to minecraft:item - quark:brown_shingles
[05Jan2026 18:39:21.570] [main/DEBUG] [quark-zeta/]: Registering to minecraft:item - quark:brown_shingles_slab
[05Jan2026 18:39:21.570] [main/DEBUG] [quark-zeta/]: Registering to minecraft:item - quark:brown_shingles_stairs
[05Jan2026 18:39:21.570] [main/DEBUG] [quark-zeta/]: Registering to minecraft:item - quark:green_shingles
[05Jan2026 18:39:21.571] [main/DEBUG] [quark-zeta/]: Registering to minecraft:item - quark:green_shingles_slab
[05Jan2026 18:39:21.571] [main/DEBUG] [quark-zeta/]: Registering to minecraft:item - quark:green_shingles_stairs
[05Jan2026 18:39:21.571] [main/DEBUG] [quark-zeta/]: Registering to minecraft:item - quark:red_shingles
[05Jan2026 18:39:21.571] [main/DEBUG] [quark-zeta/]: Registering to minecraft:item - quark:red_shingles_slab
[05Jan2026 18:39:21.571] [main/DEBUG] [quark-zeta/]: Registering to minecraft:item - quark:red_shingles_stairs
[05Jan2026 18:39:21.571] [main/DEBUG] [quark-zeta/]: Registering to minecraft:item - quark:black_shingles
[05Jan2026 18:39:21.571] [main/DEBUG] [quark-zeta/]: Registering to minecraft:item - quark:black_shingles_slab
[05Jan2026 18:39:21.571] [main/DEBUG] [quark-zeta/]: Registering to minecraft:item - quark:black_shingles_stairs
[05Jan2026 18:39:21.571] [main/DEBUG] [quark-zeta/]: Registering to minecraft:item - quark:slime_in_a_bucket
[05Jan2026 18:39:21.571] [main/DEBUG] [quark-zeta/]: Registering to minecraft:item - quark:soul_sandstone
[05Jan2026 18:39:21.571] [main/DEBUG] [quark-zeta/]: Registering to minecraft:item - quark:soul_sandstone_wall
[05Jan2026 18:39:21.571] [main/DEBUG] [quark-zeta/]: Registering to minecraft:item - quark:soul_sandstone_slab
[05Jan2026 18:39:21.571] [main/DEBUG] [quark-zeta/]: Registering to minecraft:item - quark:soul_sandstone_stairs
[05Jan2026 18:39:21.571] [main/DEBUG] [quark-zeta/]: Registering to minecraft:item - quark:chiseled_soul_sandstone
[05Jan2026 18:39:21.571] [main/DEBUG] [quark-zeta/]: Registering to minecraft:item - quark:cut_soul_sandstone
[05Jan2026 18:39:21.572] [main/DEBUG] [quark-zeta/]: Registering to minecraft:item - quark:cut_soul_sandstone_slab
[05Jan2026 18:39:21.572] [main/DEBUG] [quark-zeta/]: Registering to minecraft:item - quark:smooth_soul_sandstone
[05Jan2026 18:39:21.572] [main/DEBUG] [quark-zeta/]: Registering to minecraft:item - quark:smooth_soul_sandstone_slab
[05Jan2026 18:39:21.572] [main/DEBUG] [quark-zeta/]: Registering to minecraft:item - quark:smooth_soul_sandstone_stairs
[05Jan2026 18:39:21.572] [main/DEBUG] [quark-zeta/]: Registering to minecraft:item - quark:dusky_myalite
[05Jan2026 18:39:21.572] [main/DEBUG] [quark-zeta/]: Registering to minecraft:item - quark:myalite_crystal
[05Jan2026 18:39:21.572] [main/DEBUG] [quark-zeta/]: Registering to minecraft:item - quark:diamond_heart
[05Jan2026 18:39:21.572] [main/DEBUG] [quark-zeta/]: Registering to minecraft:item - quark:stoneling_spawn_egg
[05Jan2026 18:39:21.572] [main/DEBUG] [quark-zeta/]: Registering to minecraft:item - quark:white_stool
[05Jan2026 18:39:21.572] [main/DEBUG] [quark-zeta/]: Registering to minecraft:item - quark:light_gray_stool
[05Jan2026 18:39:21.572] [main/DEBUG] [quark-zeta/]: Registering to minecraft:item - quark:gray_stool
[05Jan2026 18:39:21.572] [main/DEBUG] [quark-zeta/]: Registering to minecraft:item - quark:black_stool
[05Jan2026 18:39:21.572] [main/DEBUG] [quark-zeta/]: Registering to minecraft:item - quark:brown_stool
[05Jan2026 18:39:21.572] [main/DEBUG] [quark-zeta/]: Registering to minecraft:item - quark:red_stool
[05Jan2026 18:39:21.572] [main/DEBUG] [quark-zeta/]: Registering to minecraft:item - quark:orange_stool
[05Jan2026 18:39:21.572] [main/DEBUG] [quark-zeta/]: Registering to minecraft:item - quark:yellow_stool
[05Jan2026 18:39:21.572] [main/DEBUG] [quark-zeta/]: Registering to minecraft:item - quark:lime_stool
[05Jan2026 18:39:21.573] [main/DEBUG] [quark-zeta/]: Registering to minecraft:item - quark:green_stool
[05Jan2026 18:39:21.573] [main/DEBUG] [quark-zeta/]: Registering to minecraft:item - quark:cyan_stool
[05Jan2026 18:39:21.573] [main/DEBUG] [quark-zeta/]: Registering to minecraft:item - quark:light_blue_stool
[05Jan2026 18:39:21.573] [main/DEBUG] [quark-zeta/]: Registering to minecraft:item - quark:blue_stool
[05Jan2026 18:39:21.573] [main/DEBUG] [quark-zeta/]: Registering to minecraft:item - quark:purple_stool
[05Jan2026 18:39:21.573] [main/DEBUG] [quark-zeta/]: Registering to minecraft:item - quark:magenta_stool
[05Jan2026 18:39:21.573] [main/DEBUG] [quark-zeta/]: Registering to minecraft:item - quark:pink_stool
[05Jan2026 18:39:21.573] [main/DEBUG] [quark-zeta/]: Registering to minecraft:item - quark:sturdy_stone
[05Jan2026 18:39:21.573] [main/DEBUG] [quark-zeta/]: Registering to minecraft:item - quark:thatch
[05Jan2026 18:39:21.573] [main/DEBUG] [quark-zeta/]: Registering to minecraft:item - quark:thatch_slab
[05Jan2026 18:39:21.573] [main/DEBUG] [quark-zeta/]: Registering to minecraft:item - quark:thatch_stairs
[05Jan2026 18:39:21.573] [main/DEBUG] [quark-zeta/]: Registering to minecraft:item - quark:tiny_potato
[05Jan2026 18:39:21.574] [main/DEBUG] [quark-zeta/]: Registering to minecraft:item - quark:torch_arrow
[05Jan2026 18:39:21.574] [main/DEBUG] [quark-zeta/]: Registering to minecraft:item - quark:toretoise_spawn_egg
[05Jan2026 18:39:21.574] [main/DEBUG] [quark-zeta/]: Registering to minecraft:item - quark:trowel
[05Jan2026 18:39:21.574] [main/DEBUG] [quark-zeta/]: Registering to minecraft:item - quark:spruce_bookshelf
[05Jan2026 18:39:21.574] [main/DEBUG] [quark-zeta/]: Registering to minecraft:item - quark:birch_bookshelf
[05Jan2026 18:39:21.574] [main/DEBUG] [quark-zeta/]: Registering to minecraft:item - quark:jungle_bookshelf
[05Jan2026 18:39:21.574] [main/DEBUG] [quark-zeta/]: Registering to minecraft:item - quark:acacia_bookshelf
[05Jan2026 18:39:21.574] [main/DEBUG] [quark-zeta/]: Registering to minecraft:item - quark:dark_oak_bookshelf
[05Jan2026 18:39:21.574] [main/DEBUG] [quark-zeta/]: Registering to minecraft:item - quark:crimson_bookshelf
[05Jan2026 18:39:21.574] [main/DEBUG] [quark-zeta/]: Registering to minecraft:item - quark:warped_bookshelf
[05Jan2026 18:39:21.574] [main/DEBUG] [quark-zeta/]: Registering to minecraft:item - quark:mangrove_bookshelf
[05Jan2026 18:39:21.574] [main/DEBUG] [quark-zeta/]: Registering to minecraft:item - quark:bamboo_bookshelf
[05Jan2026 18:39:21.574] [main/DEBUG] [quark-zeta/]: Registering to minecraft:item - quark:cherry_bookshelf
[05Jan2026 18:39:21.574] [main/DEBUG] [quark-zeta/]: Registering to minecraft:item - quark:oak_chest
[05Jan2026 18:39:21.574] [main/DEBUG] [quark-zeta/]: Registering to minecraft:item - quark:oak_trapped_chest
[05Jan2026 18:39:21.574] [main/DEBUG] [quark-zeta/]: Registering to minecraft:item - quark:spruce_chest
[05Jan2026 18:39:21.574] [main/DEBUG] [quark-zeta/]: Registering to minecraft:item - quark:spruce_trapped_chest
[05Jan2026 18:39:21.575] [main/DEBUG] [quark-zeta/]: Registering to minecraft:item - quark:birch_chest
[05Jan2026 18:39:21.575] [main/DEBUG] [quark-zeta/]: Registering to minecraft:item - quark:birch_trapped_chest
[05Jan2026 18:39:21.575] [main/DEBUG] [quark-zeta/]: Registering to minecraft:item - quark:jungle_chest
[05Jan2026 18:39:21.575] [main/DEBUG] [quark-zeta/]: Registering to minecraft:item - quark:jungle_trapped_chest
[05Jan2026 18:39:21.575] [main/DEBUG] [quark-zeta/]: Registering to minecraft:item - quark:acacia_chest
[05Jan2026 18:39:21.575] [main/DEBUG] [quark-zeta/]: Registering to minecraft:item - quark:acacia_trapped_chest
[05Jan2026 18:39:21.575] [main/DEBUG] [quark-zeta/]: Registering to minecraft:item - quark:dark_oak_chest
[05Jan2026 18:39:21.575] [main/DEBUG] [quark-zeta/]: Registering to minecraft:item - quark:dark_oak_trapped_chest
[05Jan2026 18:39:21.575] [main/DEBUG] [quark-zeta/]: Registering to minecraft:item - quark:crimson_chest
[05Jan2026 18:39:21.575] [main/DEBUG] [quark-zeta/]: Registering to minecraft:item - quark:crimson_trapped_chest
[05Jan2026 18:39:21.575] [main/DEBUG] [quark-zeta/]: Registering to minecraft:item - quark:warped_chest
[05Jan2026 18:39:21.575] [main/DEBUG] [quark-zeta/]: Registering to minecraft:item - quark:warped_trapped_chest
[05Jan2026 18:39:21.575] [main/DEBUG] [quark-zeta/]: Registering to minecraft:item - quark:mangrove_chest
[05Jan2026 18:39:21.575] [main/DEBUG] [quark-zeta/]: Registering to minecraft:item - quark:mangrove_trapped_chest
[05Jan2026 18:39:21.575] [main/DEBUG] [quark-zeta/]: Registering to minecraft:item - quark:bamboo_chest
[05Jan2026 18:39:21.575] [main/DEBUG] [quark-zeta/]: Registering to minecraft:item - quark:bamboo_trapped_chest
[05Jan2026 18:39:21.575] [main/DEBUG] [quark-zeta/]: Registering to minecraft:item - quark:cherry_chest
[05Jan2026 18:39:21.575] [main/DEBUG] [quark-zeta/]: Registering to minecraft:item - quark:cherry_trapped_chest
[05Jan2026 18:39:21.575] [main/DEBUG] [quark-zeta/]: Registering to minecraft:item - quark:nether_brick_chest
[05Jan2026 18:39:21.575] [main/DEBUG] [quark-zeta/]: Registering to minecraft:item - quark:nether_brick_trapped_chest
[05Jan2026 18:39:21.575] [main/DEBUG] [quark-zeta/]: Registering to minecraft:item - quark:purpur_chest
[05Jan2026 18:39:21.575] [main/DEBUG] [quark-zeta/]: Registering to minecraft:item - quark:purpur_trapped_chest
[05Jan2026 18:39:21.575] [main/DEBUG] [quark-zeta/]: Registering to minecraft:item - quark:prismarine_chest
[05Jan2026 18:39:21.575] [main/DEBUG] [quark-zeta/]: Registering to minecraft:item - quark:prismarine_trapped_chest
[05Jan2026 18:39:21.575] [main/DEBUG] [quark-zeta/]: Registering to minecraft:item - quark:deepslate_furnace
[05Jan2026 18:39:21.575] [main/DEBUG] [quark-zeta/]: Registering to minecraft:item - quark:blackstone_furnace
[05Jan2026 18:39:21.575] [main/DEBUG] [quark-zeta/]: Registering to minecraft:item - quark:spruce_ladder
[05Jan2026 18:39:21.575] [main/DEBUG] [quark-zeta/]: Registering to minecraft:item - quark:birch_ladder
[05Jan2026 18:39:21.576] [main/DEBUG] [quark-zeta/]: Registering to minecraft:item - quark:jungle_ladder
[05Jan2026 18:39:21.576] [main/DEBUG] [quark-zeta/]: Registering to minecraft:item - quark:acacia_ladder
[05Jan2026 18:39:21.576] [main/DEBUG] [quark-zeta/]: Registering to minecraft:item - quark:dark_oak_ladder
[05Jan2026 18:39:21.576] [main/DEBUG] [quark-zeta/]: Registering to minecraft:item - quark:crimson_ladder
[05Jan2026 18:39:21.576] [main/DEBUG] [quark-zeta/]: Registering to minecraft:item - quark:warped_ladder
[05Jan2026 18:39:21.576] [main/DEBUG] [quark-zeta/]: Registering to minecraft:item - quark:mangrove_ladder
[05Jan2026 18:39:21.576] [main/DEBUG] [quark-zeta/]: Registering to minecraft:item - quark:bamboo_ladder
[05Jan2026 18:39:21.576] [main/DEBUG] [quark-zeta/]: Registering to minecraft:item - quark:cherry_ladder
[05Jan2026 18:39:21.576] [main/DEBUG] [quark-zeta/]: Registering to minecraft:item - quark:hammer
[05Jan2026 18:39:21.576] [main/DEBUG] [quark-zeta/]: Registering to minecraft:item - quark:vertical_oak_planks
[05Jan2026 18:39:21.576] [main/DEBUG] [quark-zeta/]: Registering to minecraft:item - quark:vertical_spruce_planks
[05Jan2026 18:39:21.576] [main/DEBUG] [quark-zeta/]: Registering to minecraft:item - quark:vertical_birch_planks
[05Jan2026 18:39:21.576] [main/DEBUG] [quark-zeta/]: Registering to minecraft:item - quark:vertical_jungle_planks
[05Jan2026 18:39:21.576] [main/DEBUG] [quark-zeta/]: Registering to minecraft:item - quark:vertical_acacia_planks
[05Jan2026 18:39:21.576] [main/DEBUG] [quark-zeta/]: Registering to minecraft:item - quark:vertical_dark_oak_planks
[05Jan2026 18:39:21.576] [main/DEBUG] [quark-zeta/]: Registering to minecraft:item - quark:vertical_crimson_planks
[05Jan2026 18:39:21.576] [main/DEBUG] [quark-zeta/]: Registering to minecraft:item - quark:vertical_warped_planks
[05Jan2026 18:39:21.576] [main/DEBUG] [quark-zeta/]: Registering to minecraft:item - quark:vertical_mangrove_planks
[05Jan2026 18:39:21.576] [main/DEBUG] [quark-zeta/]: Registering to minecraft:item - quark:vertical_bamboo_planks
[05Jan2026 18:39:21.576] [main/DEBUG] [quark-zeta/]: Registering to minecraft:item - quark:vertical_cherry_planks
[05Jan2026 18:39:21.576] [main/DEBUG] [quark-zeta/]: Registering to minecraft:item - quark:oak_post
[05Jan2026 18:39:21.576] [main/DEBUG] [quark-zeta/]: Registering to minecraft:item - quark:stripped_oak_post
[05Jan2026 18:39:21.576] [main/DEBUG] [quark-zeta/]: Registering to minecraft:item - quark:spruce_post
[05Jan2026 18:39:21.576] [main/DEBUG] [quark-zeta/]: Registering to minecraft:item - quark:stripped_spruce_post
[05Jan2026 18:39:21.576] [main/DEBUG] [quark-zeta/]: Registering to minecraft:item - quark:birch_post
[05Jan2026 18:39:21.576] [main/DEBUG] [quark-zeta/]: Registering to minecraft:item - quark:stripped_birch_post
[05Jan2026 18:39:21.576] [main/DEBUG] [quark-zeta/]: Registering to minecraft:item - quark:jungle_post
[05Jan2026 18:39:21.576] [main/DEBUG] [quark-zeta/]: Registering to minecraft:item - quark:stripped_jungle_post
[05Jan2026 18:39:21.576] [main/DEBUG] [quark-zeta/]: Registering to minecraft:item - quark:acacia_post
[05Jan2026 18:39:21.576] [main/DEBUG] [quark-zeta/]: Registering to minecraft:item - quark:stripped_acacia_post
[05Jan2026 18:39:21.576] [main/DEBUG] [quark-zeta/]: Registering to minecraft:item - quark:dark_oak_post
[05Jan2026 18:39:21.576] [main/DEBUG] [quark-zeta/]: Registering to minecraft:item - quark:stripped_dark_oak_post
[05Jan2026 18:39:21.576] [main/DEBUG] [quark-zeta/]: Registering to minecraft:item - quark:crimson_post
[05Jan2026 18:39:21.577] [main/DEBUG] [quark-zeta/]: Registering to minecraft:item - quark:stripped_crimson_post
[05Jan2026 18:39:21.577] [main/DEBUG] [quark-zeta/]: Registering to minecraft:item - quark:warped_post
[05Jan2026 18:39:21.577] [main/DEBUG] [quark-zeta/]: Registering to minecraft:item - quark:stripped_warped_post
[05Jan2026 18:39:21.577] [main/DEBUG] [quark-zeta/]: Registering to minecraft:item - quark:mangrove_post
[05Jan2026 18:39:21.577] [main/DEBUG] [quark-zeta/]: Registering to minecraft:item - quark:stripped_mangrove_post
[05Jan2026 18:39:21.577] [main/DEBUG] [quark-zeta/]: Registering to minecraft:item - quark:bamboo_post
[05Jan2026 18:39:21.577] [main/DEBUG] [quark-zeta/]: Registering to minecraft:item - quark:stripped_bamboo_post
[05Jan2026 18:39:21.577] [main/DEBUG] [quark-zeta/]: Registering to minecraft:item - quark:cherry_post
[05Jan2026 18:39:21.577] [main/DEBUG] [quark-zeta/]: Registering to minecraft:item - quark:stripped_cherry_post
[05Jan2026 18:39:21.577] [main/DEBUG] [quark-zeta/]: Registering to minecraft:item - quark:soul_bead
[05Jan2026 18:39:21.577] [main/DEBUG] [quark-zeta/]: Registering to minecraft:item - quark:wraith_spawn_egg
[05Jan2026 18:39:21.577] [main/DEBUG] [quark-zeta/]: Registering to minecraft:item - quark:polished_calcite
[05Jan2026 18:39:21.577] [main/DEBUG] [quark-zeta/]: Registering to minecraft:item - quark:calcite_wall
[05Jan2026 18:39:21.577] [main/DEBUG] [quark-zeta/]: Registering to minecraft:item - quark:calcite_slab
[05Jan2026 18:39:21.577] [main/DEBUG] [quark-zeta/]: Registering to minecraft:item - quark:calcite_stairs
[05Jan2026 18:39:21.577] [main/DEBUG] [quark-zeta/]: Registering to minecraft:item - quark:polished_calcite_slab
[05Jan2026 18:39:21.577] [main/DEBUG] [quark-zeta/]: Registering to minecraft:item - quark:polished_calcite_stairs
[05Jan2026 18:39:21.577] [main/DEBUG] [quark-zeta/]: Registering to minecraft:item - quark:polished_dripstone
[05Jan2026 18:39:21.577] [main/DEBUG] [quark-zeta/]: Registering to minecraft:item - quark:dripstone_block_wall
[05Jan2026 18:39:21.577] [main/DEBUG] [quark-zeta/]: Registering to minecraft:item - quark:dripstone_block_slab
[05Jan2026 18:39:21.577] [main/DEBUG] [quark-zeta/]: Registering to minecraft:item - quark:dripstone_block_stairs
[05Jan2026 18:39:21.577] [main/DEBUG] [quark-zeta/]: Registering to minecraft:item - quark:polished_dripstone_slab
[05Jan2026 18:39:21.577] [main/DEBUG] [quark-zeta/]: Registering to minecraft:item - quark:polished_dripstone_stairs
[05Jan2026 18:39:21.578] [main/DEBUG] [quark-zeta/]: Registering to minecraft:item - quark:polished_tuff
[05Jan2026 18:39:21.578] [main/DEBUG] [quark-zeta/]: Registering to minecraft:item - quark:tuff_wall
[05Jan2026 18:39:21.578] [main/DEBUG] [quark-zeta/]: Registering to minecraft:item - quark:tuff_slab
[05Jan2026 18:39:21.578] [main/DEBUG] [quark-zeta/]: Registering to minecraft:item - quark:tuff_stairs
[05Jan2026 18:39:21.578] [main/DEBUG] [quark-zeta/]: Registering to minecraft:item - quark:polished_tuff_slab
[05Jan2026 18:39:21.578] [main/DEBUG] [quark-zeta/]: Registering to minecraft:item - quark:polished_tuff_stairs
[05Jan2026 18:39:21.578] [main/DEBUG] [quark-zeta/]: Registering to minecraft:item - quark:granite_bricks
[05Jan2026 18:39:21.578] [main/DEBUG] [quark-zeta/]: Registering to minecraft:item - quark:chiseled_granite_bricks
[05Jan2026 18:39:21.578] [main/DEBUG] [quark-zeta/]: Registering to minecraft:item - quark:granite_pillar
[05Jan2026 18:39:21.578] [main/DEBUG] [quark-zeta/]: Registering to minecraft:item - quark:granite_bricks_wall
[05Jan2026 18:39:21.578] [main/DEBUG] [quark-zeta/]: Registering to minecraft:item - quark:granite_bricks_slab
[05Jan2026 18:39:21.578] [main/DEBUG] [quark-zeta/]: Registering to minecraft:item - quark:granite_bricks_stairs
[05Jan2026 18:39:21.578] [main/DEBUG] [quark-zeta/]: Registering to minecraft:item - quark:diorite_bricks
[05Jan2026 18:39:21.578] [main/DEBUG] [quark-zeta/]: Registering to minecraft:item - quark:chiseled_diorite_bricks
[05Jan2026 18:39:21.578] [main/DEBUG] [quark-zeta/]: Registering to minecraft:item - quark:diorite_pillar
[05Jan2026 18:39:21.578] [main/DEBUG] [quark-zeta/]: Registering to minecraft:item - quark:diorite_bricks_wall
[05Jan2026 18:39:21.578] [main/DEBUG] [quark-zeta/]: Registering to minecraft:item - quark:diorite_bricks_slab
[05Jan2026 18:39:21.578] [main/DEBUG] [quark-zeta/]: Registering to minecraft:item - quark:diorite_bricks_stairs
[05Jan2026 18:39:21.578] [main/DEBUG] [quark-zeta/]: Registering to minecraft:item - quark:andesite_bricks
[05Jan2026 18:39:21.578] [main/DEBUG] [quark-zeta/]: Registering to minecraft:item - quark:chiseled_andesite_bricks
[05Jan2026 18:39:21.578] [main/DEBUG] [quark-zeta/]: Registering to minecraft:item - quark:andesite_pillar
[05Jan2026 18:39:21.579] [main/DEBUG] [quark-zeta/]: Registering to minecraft:item - quark:andesite_bricks_wall
[05Jan2026 18:39:21.579] [main/DEBUG] [quark-zeta/]: Registering to minecraft:item - quark:andesite_bricks_slab
[05Jan2026 18:39:21.579] [main/DEBUG] [quark-zeta/]: Registering to minecraft:item - quark:andesite_bricks_stairs
[05Jan2026 18:39:21.579] [main/DEBUG] [quark-zeta/]: Registering to minecraft:item - quark:calcite_bricks
[05Jan2026 18:39:21.579] [main/DEBUG] [quark-zeta/]: Registering to minecraft:item - quark:chiseled_calcite_bricks
[05Jan2026 18:39:21.579] [main/DEBUG] [quark-zeta/]: Registering to minecraft:item - quark:calcite_pillar
[05Jan2026 18:39:21.579] [main/DEBUG] [quark-zeta/]: Registering to minecraft:item - quark:calcite_bricks_wall
[05Jan2026 18:39:21.579] [main/DEBUG] [quark-zeta/]: Registering to minecraft:item - quark:calcite_bricks_slab
[05Jan2026 18:39:21.579] [main/DEBUG] [quark-zeta/]: Registering to minecraft:item - quark:calcite_bricks_stairs
[05Jan2026 18:39:21.579] [main/DEBUG] [quark-zeta/]: Registering to minecraft:item - quark:dripstone_bricks
[05Jan2026 18:39:21.579] [main/DEBUG] [quark-zeta/]: Registering to minecraft:item - quark:chiseled_dripstone_bricks
[05Jan2026 18:39:21.579] [main/DEBUG] [quark-zeta/]: Registering to minecraft:item - quark:dripstone_pillar
[05Jan2026 18:39:21.579] [main/DEBUG] [quark-zeta/]: Registering to minecraft:item - quark:dripstone_bricks_wall
[05Jan2026 18:39:21.579] [main/DEBUG] [quark-zeta/]: Registering to minecraft:item - quark:dripstone_bricks_slab
[05Jan2026 18:39:21.579] [main/DEBUG] [quark-zeta/]: Registering to minecraft:item - quark:dripstone_bricks_stairs
[05Jan2026 18:39:21.579] [main/DEBUG] [quark-zeta/]: Registering to minecraft:item - quark:tuff_bricks
[05Jan2026 18:39:21.579] [main/DEBUG] [quark-zeta/]: Registering to minecraft:item - quark:chiseled_tuff_bricks
[05Jan2026 18:39:21.579] [main/DEBUG] [quark-zeta/]: Registering to minecraft:item - quark:tuff_pillar
[05Jan2026 18:39:21.579] [main/DEBUG] [quark-zeta/]: Registering to minecraft:item - quark:tuff_bricks_wall
[05Jan2026 18:39:21.580] [main/DEBUG] [quark-zeta/]: Registering to minecraft:item - quark:tuff_bricks_slab
[05Jan2026 18:39:21.580] [main/DEBUG] [quark-zeta/]: Registering to minecraft:item - quark:tuff_bricks_stairs
[05Jan2026 18:39:21.580] [main/DEBUG] [quark-zeta/]: Registering to minecraft:item - quark:limestone_bricks
[05Jan2026 18:39:21.580] [main/DEBUG] [quark-zeta/]: Registering to minecraft:item - quark:chiseled_limestone_bricks
[05Jan2026 18:39:21.580] [main/DEBUG] [quark-zeta/]: Registering to minecraft:item - quark:limestone_pillar
[05Jan2026 18:39:21.580] [main/DEBUG] [quark-zeta/]: Registering to minecraft:item - quark:limestone_bricks_wall
[05Jan2026 18:39:21.580] [main/DEBUG] [quark-zeta/]: Registering to minecraft:item - quark:limestone_bricks_slab
[05Jan2026 18:39:21.580] [main/DEBUG] [quark-zeta/]: Registering to minecraft:item - quark:limestone_bricks_stairs
[05Jan2026 18:39:21.580] [main/DEBUG] [quark-zeta/]: Registering to minecraft:item - quark:jasper_bricks
[05Jan2026 18:39:21.580] [main/DEBUG] [quark-zeta/]: Registering to minecraft:item - quark:chiseled_jasper_bricks
[05Jan2026 18:39:21.580] [main/DEBUG] [quark-zeta/]: Registering to minecraft:item - quark:jasper_pillar
[05Jan2026 18:39:21.580] [main/DEBUG] [quark-zeta/]: Registering to minecraft:item - quark:jasper_bricks_wall
[05Jan2026 18:39:21.580] [main/DEBUG] [quark-zeta/]: Registering to minecraft:item - quark:jasper_bricks_slab
[05Jan2026 18:39:21.580] [main/DEBUG] [quark-zeta/]: Registering to minecraft:item - quark:jasper_bricks_stairs
[05Jan2026 18:39:21.580] [main/DEBUG] [quark-zeta/]: Registering to minecraft:item - quark:shale_bricks
[05Jan2026 18:39:21.580] [main/DEBUG] [quark-zeta/]: Registering to minecraft:item - quark:chiseled_shale_bricks
[05Jan2026 18:39:21.580] [main/DEBUG] [quark-zeta/]: Registering to minecraft:item - quark:shale_pillar
[05Jan2026 18:39:21.580] [main/DEBUG] [quark-zeta/]: Registering to minecraft:item - quark:shale_bricks_wall
[05Jan2026 18:39:21.580] [main/DEBUG] [quark-zeta/]: Registering to minecraft:item - quark:shale_bricks_slab
[05Jan2026 18:39:21.580] [main/DEBUG] [quark-zeta/]: Registering to minecraft:item - quark:shale_bricks_stairs
[05Jan2026 18:39:21.580] [main/DEBUG] [quark-zeta/]: Registering to minecraft:item - quark:myalite_bricks
[05Jan2026 18:39:21.581] [main/DEBUG] [quark-zeta/]: Registering to minecraft:item - quark:chiseled_myalite_bricks
[05Jan2026 18:39:21.581] [main/DEBUG] [quark-zeta/]: Registering to minecraft:item - quark:myalite_pillar
[05Jan2026 18:39:21.581] [main/DEBUG] [quark-zeta/]: Registering to minecraft:item - quark:myalite_bricks_wall
[05Jan2026 18:39:21.581] [main/DEBUG] [quark-zeta/]: Registering to minecraft:item - quark:myalite_bricks_slab
[05Jan2026 18:39:21.581] [main/DEBUG] [quark-zeta/]: Registering to minecraft:item - quark:myalite_bricks_stairs
[05Jan2026 18:39:21.581] [main/DEBUG] [quark-zeta/]: Registering to minecraft:item - quark:blue_blossom_hedge
[05Jan2026 18:39:21.581] [main/DEBUG] [quark-zeta/]: Registering to minecraft:item - quark:lavender_blossom_hedge
[05Jan2026 18:39:21.581] [main/DEBUG] [quark-zeta/]: Registering to minecraft:item - quark:orange_blossom_hedge
[05Jan2026 18:39:21.581] [main/DEBUG] [quark-zeta/]: Registering to minecraft:item - quark:yellow_blossom_hedge
[05Jan2026 18:39:21.581] [main/DEBUG] [quark-zeta/]: Registering to minecraft:item - quark:red_blossom_hedge
[05Jan2026 18:39:21.581] [main/DEBUG] [quark-zeta/]: Registering to minecraft:item - quark:ancient_hedge
[05Jan2026 18:39:21.581] [main/DEBUG] [quark-zeta/]: Registering to minecraft:item - quark:blue_blossom_leaf_carpet
[05Jan2026 18:39:21.581] [main/DEBUG] [quark-zeta/]: Registering to minecraft:item - quark:lavender_blossom_leaf_carpet
[05Jan2026 18:39:21.581] [main/DEBUG] [quark-zeta/]: Registering to minecraft:item - quark:orange_blossom_leaf_carpet
[05Jan2026 18:39:21.581] [main/DEBUG] [quark-zeta/]: Registering to minecraft:item - quark:yellow_blossom_leaf_carpet
[05Jan2026 18:39:21.581] [main/DEBUG] [quark-zeta/]: Registering to minecraft:item - quark:red_blossom_leaf_carpet
[05Jan2026 18:39:21.581] [main/DEBUG] [quark-zeta/]: Registering to minecraft:item - quark:ancient_leaf_carpet
[05Jan2026 18:39:21.581] [main/DEBUG] [quark-zeta/]: Registering to minecraft:item - quark:acacia_vertical_slab
[05Jan2026 18:39:21.581] [main/DEBUG] [quark-zeta/]: Registering to minecraft:item - quark:andesite_vertical_slab
[05Jan2026 18:39:21.582] [main/DEBUG] [quark-zeta/]: Registering to minecraft:item - quark:birch_vertical_slab
[05Jan2026 18:39:21.582] [main/DEBUG] [quark-zeta/]: Registering to minecraft:item - quark:brick_vertical_slab
[05Jan2026 18:39:21.582] [main/DEBUG] [quark-zeta/]: Registering to minecraft:item - quark:cobblestone_vertical_slab
[05Jan2026 18:39:21.582] [main/DEBUG] [quark-zeta/]: Registering to minecraft:item - quark:cut_red_sandstone_vertical_slab
[05Jan2026 18:39:21.582] [main/DEBUG] [quark-zeta/]: Registering to minecraft:item - quark:cut_sandstone_vertical_slab
[05Jan2026 18:39:21.582] [main/DEBUG] [quark-zeta/]: Registering to minecraft:item - quark:dark_oak_vertical_slab
[05Jan2026 18:39:21.582] [main/DEBUG] [quark-zeta/]: Registering to minecraft:item - quark:dark_prismarine_vertical_slab
[05Jan2026 18:39:21.582] [main/DEBUG] [quark-zeta/]: Registering to minecraft:item - quark:diorite_vertical_slab
[05Jan2026 18:39:21.582] [main/DEBUG] [quark-zeta/]: Registering to minecraft:item - quark:end_stone_brick_vertical_slab
[05Jan2026 18:39:21.582] [main/DEBUG] [quark-zeta/]: Registering to minecraft:item - quark:granite_vertical_slab
[05Jan2026 18:39:21.582] [main/DEBUG] [quark-zeta/]: Registering to minecraft:item - quark:jungle_vertical_slab
[05Jan2026 18:39:21.582] [main/DEBUG] [quark-zeta/]: Registering to minecraft:item - quark:mossy_cobblestone_vertical_slab
[05Jan2026 18:39:21.582] [main/DEBUG] [quark-zeta/]: Registering to minecraft:item - quark:mossy_stone_brick_vertical_slab
[05Jan2026 18:39:21.583] [main/DEBUG] [quark-zeta/]: Registering to minecraft:item - quark:nether_brick_vertical_slab
[05Jan2026 18:39:21.583] [main/DEBUG] [quark-zeta/]: Registering to minecraft:item - quark:oak_vertical_slab
[05Jan2026 18:39:21.583] [main/DEBUG] [quark-zeta/]: Registering to minecraft:item - quark:polished_andesite_vertical_slab
[05Jan2026 18:39:21.583] [main/DEBUG] [quark-zeta/]: Registering to minecraft:item - quark:polished_diorite_vertical_slab
[05Jan2026 18:39:21.583] [main/DEBUG] [quark-zeta/]: Registering to minecraft:item - quark:polished_granite_vertical_slab
[05Jan2026 18:39:21.583] [main/DEBUG] [quark-zeta/]: Registering to minecraft:item - quark:prismarine_vertical_slab
[05Jan2026 18:39:21.583] [main/DEBUG] [quark-zeta/]: Registering to minecraft:item - quark:prismarine_brick_vertical_slab
[05Jan2026 18:39:21.583] [main/DEBUG] [quark-zeta/]: Registering to minecraft:item - quark:purpur_vertical_slab
[05Jan2026 18:39:21.583] [main/DEBUG] [quark-zeta/]: Registering to minecraft:item - quark:quartz_vertical_slab
[05Jan2026 18:39:21.583] [main/DEBUG] [quark-zeta/]: Registering to minecraft:item - quark:red_nether_brick_vertical_slab
[05Jan2026 18:39:21.583] [main/DEBUG] [quark-zeta/]: Registering to minecraft:item - quark:red_sandstone_vertical_slab
[05Jan2026 18:39:21.583] [main/DEBUG] [quark-zeta/]: Registering to minecraft:item - quark:sandstone_vertical_slab
[05Jan2026 18:39:21.583] [main/DEBUG] [quark-zeta/]: Registering to minecraft:item - quark:smooth_quartz_vertical_slab
[05Jan2026 18:39:21.583] [main/DEBUG] [quark-zeta/]: Registering to minecraft:item - quark:smooth_red_sandstone_vertical_slab
[05Jan2026 18:39:21.583] [main/DEBUG] [quark-zeta/]: Registering to minecraft:item - quark:smooth_sandstone_vertical_slab
[05Jan2026 18:39:21.583] [main/DEBUG] [quark-zeta/]: Registering to minecraft:item - quark:smooth_stone_vertical_slab
[05Jan2026 18:39:21.583] [main/DEBUG] [quark-zeta/]: Registering to minecraft:item - quark:spruce_vertical_slab
[05Jan2026 18:39:21.584] [main/DEBUG] [quark-zeta/]: Registering to minecraft:item - quark:stone_vertical_slab
[05Jan2026 18:39:21.584] [main/DEBUG] [quark-zeta/]: Registering to minecraft:item - quark:stone_brick_vertical_slab
[05Jan2026 18:39:21.584] [main/DEBUG] [quark-zeta/]: Registering to minecraft:item - quark:blackstone_vertical_slab
[05Jan2026 18:39:21.584] [main/DEBUG] [quark-zeta/]: Registering to minecraft:item - quark:polished_blackstone_vertical_slab
[05Jan2026 18:39:21.584] [main/DEBUG] [quark-zeta/]: Registering to minecraft:item - quark:polished_blackstone_brick_vertical_slab
[05Jan2026 18:39:21.584] [main/DEBUG] [quark-zeta/]: Registering to minecraft:item - quark:crimson_vertical_slab
[05Jan2026 18:39:21.584] [main/DEBUG] [quark-zeta/]: Registering to minecraft:item - quark:warped_vertical_slab
[05Jan2026 18:39:21.584] [main/DEBUG] [quark-zeta/]: Registering to minecraft:item - quark:cobbled_deepslate_vertical_slab
[05Jan2026 18:39:21.584] [main/DEBUG] [quark-zeta/]: Registering to minecraft:item - quark:polished_deepslate_vertical_slab
[05Jan2026 18:39:21.584] [main/DEBUG] [quark-zeta/]: Registering to minecraft:item - quark:deepslate_brick_vertical_slab
[05Jan2026 18:39:21.584] [main/DEBUG] [quark-zeta/]: Registering to minecraft:item - quark:deepslate_tile_vertical_slab
[05Jan2026 18:39:21.584] [main/DEBUG] [quark-zeta/]: Registering to minecraft:item - quark:mangrove_vertical_slab
[05Jan2026 18:39:21.584] [main/DEBUG] [quark-zeta/]: Registering to minecraft:item - quark:mud_brick_vertical_slab
[05Jan2026 18:39:21.584] [main/DEBUG] [quark-zeta/]: Registering to minecraft:item - quark:cherry_vertical_slab
[05Jan2026 18:39:21.584] [main/DEBUG] [quark-zeta/]: Registering to minecraft:item - quark:bamboo_vertical_slab
[05Jan2026 18:39:21.584] [main/DEBUG] [quark-zeta/]: Registering to minecraft:item - quark:bamboo_mosaic_vertical_slab
[05Jan2026 18:39:21.584] [main/DEBUG] [quark-zeta/]: Registering to minecraft:item - quark:cut_copper_vertical_slab
[05Jan2026 18:39:21.585] [main/DEBUG] [quark-zeta/]: Registering to minecraft:item - quark:waxed_cut_copper_vertical_slab
[05Jan2026 18:39:21.585] [main/DEBUG] [quark-zeta/]: Registering to minecraft:item - quark:exposed_cut_copper_vertical_slab
[05Jan2026 18:39:21.585] [main/DEBUG] [quark-zeta/]: Registering to minecraft:item - quark:waxed_exposed_cut_copper_vertical_slab
[05Jan2026 18:39:21.585] [main/DEBUG] [quark-zeta/]: Registering to minecraft:item - quark:weathered_cut_copper_vertical_slab
[05Jan2026 18:39:21.585] [main/DEBUG] [quark-zeta/]: Registering to minecraft:item - quark:waxed_weathered_cut_copper_vertical_slab
[05Jan2026 18:39:21.585] [main/DEBUG] [quark-zeta/]: Registering to minecraft:item - quark:oxidized_cut_copper_vertical_slab
[05Jan2026 18:39:21.585] [main/DEBUG] [quark-zeta/]: Registering to minecraft:item - quark:waxed_oxidized_cut_copper_vertical_slab
[05Jan2026 18:39:21.585] [main/DEBUG] [quark-zeta/]: Registering to minecraft:item - quark:ancient_planks_vertical_slab
[05Jan2026 18:39:21.585] [main/DEBUG] [quark-zeta/]: Registering to minecraft:item - quark:azalea_planks_vertical_slab
[05Jan2026 18:39:21.585] [main/DEBUG] [quark-zeta/]: Registering to minecraft:item - quark:blossom_planks_vertical_slab
[05Jan2026 18:39:21.585] [main/DEBUG] [quark-zeta/]: Registering to minecraft:item - quark:duskbound_block_vertical_slab
[05Jan2026 18:39:21.585] [main/DEBUG] [quark-zeta/]: Registering to minecraft:item - quark:iron_plate_vertical_slab
[05Jan2026 18:39:21.585] [main/DEBUG] [quark-zeta/]: Registering to minecraft:item - quark:rusty_iron_plate_vertical_slab
[05Jan2026 18:39:21.585] [main/DEBUG] [quark-zeta/]: Registering to minecraft:item - quark:midori_block_vertical_slab
[05Jan2026 18:39:21.585] [main/DEBUG] [quark-zeta/]: Registering to minecraft:item - quark:blue_nether_bricks_vertical_slab
[05Jan2026 18:39:21.585] [main/DEBUG] [quark-zeta/]: Registering to minecraft:item - quark:sandstone_bricks_vertical_slab
[05Jan2026 18:39:21.586] [main/DEBUG] [quark-zeta/]: Registering to minecraft:item - quark:red_sandstone_bricks_vertical_slab
[05Jan2026 18:39:21.586] [main/DEBUG] [quark-zeta/]: Registering to minecraft:item - quark:soul_sandstone_bricks_vertical_slab
[05Jan2026 18:39:21.586] [main/DEBUG] [quark-zeta/]: Registering to minecraft:item - quark:cobblestone_bricks_vertical_slab
[05Jan2026 18:39:21.586] [main/DEBUG] [quark-zeta/]: Registering to minecraft:item - quark:mossy_cobblestone_bricks_vertical_slab
[05Jan2026 18:39:21.586] [main/DEBUG] [quark-zeta/]: Registering to minecraft:item - quark:blackstone_bricks_vertical_slab
[05Jan2026 18:39:21.586] [main/DEBUG] [quark-zeta/]: Registering to minecraft:item - quark:dirt_bricks_vertical_slab
[05Jan2026 18:39:21.586] [main/DEBUG] [quark-zeta/]: Registering to minecraft:item - quark:netherrack_bricks_vertical_slab
[05Jan2026 18:39:21.586] [main/DEBUG] [quark-zeta/]: Registering to minecraft:item - quark:limestone_vertical_slab
[05Jan2026 18:39:21.586] [main/DEBUG] [quark-zeta/]: Registering to minecraft:item - quark:polished_limestone_vertical_slab
[05Jan2026 18:39:21.586] [main/DEBUG] [quark-zeta/]: Registering to minecraft:item - quark:jasper_vertical_slab
[05Jan2026 18:39:21.586] [main/DEBUG] [quark-zeta/]: Registering to minecraft:item - quark:polished_jasper_vertical_slab
[05Jan2026 18:39:21.586] [main/DEBUG] [quark-zeta/]: Registering to minecraft:item - quark:shale_vertical_slab
[05Jan2026 18:39:21.586] [main/DEBUG] [quark-zeta/]: Registering to minecraft:item - quark:polished_shale_vertical_slab
[05Jan2026 18:39:21.586] [main/DEBUG] [quark-zeta/]: Registering to minecraft:item - quark:myalite_vertical_slab
[05Jan2026 18:39:21.586] [main/DEBUG] [quark-zeta/]: Registering to minecraft:item - quark:polished_myalite_vertical_slab
[05Jan2026 18:39:21.586] [main/DEBUG] [quark-zeta/]: Registering to minecraft:item - quark:permafrost_vertical_slab
[05Jan2026 18:39:21.586] [main/DEBUG] [quark-zeta/]: Registering to minecraft:item - quark:permafrost_bricks_vertical_slab
[05Jan2026 18:39:21.587] [main/DEBUG] [quark-zeta/]: Registering to minecraft:item - quark:raw_iron_bricks_vertical_slab
[05Jan2026 18:39:21.587] [main/DEBUG] [quark-zeta/]: Registering to minecraft:item - quark:raw_gold_bricks_vertical_slab
[05Jan2026 18:39:21.587] [main/DEBUG] [quark-zeta/]: Registering to minecraft:item - quark:raw_copper_bricks_vertical_slab
[05Jan2026 18:39:21.587] [main/DEBUG] [quark-zeta/]: Registering to minecraft:item - quark:shingles_vertical_slab
[05Jan2026 18:39:21.587] [main/DEBUG] [quark-zeta/]: Registering to minecraft:item - quark:white_shingles_vertical_slab
[05Jan2026 18:39:21.587] [main/DEBUG] [quark-zeta/]: Registering to minecraft:item - quark:orange_shingles_vertical_slab
[05Jan2026 18:39:21.587] [main/DEBUG] [quark-zeta/]: Registering to minecraft:item - quark:magenta_shingles_vertical_slab
[05Jan2026 18:39:21.587] [main/DEBUG] [quark-zeta/]: Registering to minecraft:item - quark:light_blue_shingles_vertical_slab
[05Jan2026 18:39:21.587] [main/DEBUG] [quark-zeta/]: Registering to minecraft:item - quark:yellow_shingles_vertical_slab
[05Jan2026 18:39:21.587] [main/DEBUG] [quark-zeta/]: Registering to minecraft:item - quark:lime_shingles_vertical_slab
[05Jan2026 18:39:21.587] [main/DEBUG] [quark-zeta/]: Registering to minecraft:item - quark:pink_shingles_vertical_slab
[05Jan2026 18:39:21.587] [main/DEBUG] [quark-zeta/]: Registering to minecraft:item - quark:gray_shingles_vertical_slab
[05Jan2026 18:39:21.587] [main/DEBUG] [quark-zeta/]: Registering to minecraft:item - quark:light_gray_shingles_vertical_slab
[05Jan2026 18:39:21.587] [main/DEBUG] [quark-zeta/]: Registering to minecraft:item - quark:cyan_shingles_vertical_slab
[05Jan2026 18:39:21.587] [main/DEBUG] [quark-zeta/]: Registering to minecraft:item - quark:purple_shingles_vertical_slab
[05Jan2026 18:39:21.587] [main/DEBUG] [quark-zeta/]: Registering to minecraft:item - quark:blue_shingles_vertical_slab
[05Jan2026 18:39:21.587] [main/DEBUG] [quark-zeta/]: Registering to minecraft:item - quark:brown_shingles_vertical_slab
[05Jan2026 18:39:21.587] [main/DEBUG] [quark-zeta/]: Registering to minecraft:item - quark:green_shingles_vertical_slab
[05Jan2026 18:39:21.587] [main/DEBUG] [quark-zeta/]: Registering to minecraft:item - quark:red_shingles_vertical_slab
[05Jan2026 18:39:21.587] [main/DEBUG] [quark-zeta/]: Registering to minecraft:item - quark:black_shingles_vertical_slab
[05Jan2026 18:39:21.587] [main/DEBUG] [quark-zeta/]: Registering to minecraft:item - quark:soul_sandstone_vertical_slab
[05Jan2026 18:39:21.587] [main/DEBUG] [quark-zeta/]: Registering to minecraft:item - quark:cut_soul_sandstone_vertical_slab
[05Jan2026 18:39:21.587] [main/DEBUG] [quark-zeta/]: Registering to minecraft:item - quark:smooth_soul_sandstone_vertical_slab
[05Jan2026 18:39:21.587] [main/DEBUG] [quark-zeta/]: Registering to minecraft:item - quark:thatch_vertical_slab
[05Jan2026 18:39:21.587] [main/DEBUG] [quark-zeta/]: Registering to minecraft:item - quark:calcite_vertical_slab
[05Jan2026 18:39:21.587] [main/DEBUG] [quark-zeta/]: Registering to minecraft:item - quark:polished_calcite_vertical_slab
[05Jan2026 18:39:21.588] [main/DEBUG] [quark-zeta/]: Registering to minecraft:item - quark:dripstone_block_vertical_slab
[05Jan2026 18:39:21.588] [main/DEBUG] [quark-zeta/]: Registering to minecraft:item - quark:polished_dripstone_vertical_slab
[05Jan2026 18:39:21.588] [main/DEBUG] [quark-zeta/]: Registering to minecraft:item - quark:tuff_vertical_slab
[05Jan2026 18:39:21.588] [main/DEBUG] [quark-zeta/]: Registering to minecraft:item - quark:polished_tuff_vertical_slab
[05Jan2026 18:39:21.588] [main/DEBUG] [quark-zeta/]: Registering to minecraft:item - quark:granite_bricks_vertical_slab
[05Jan2026 18:39:21.588] [main/DEBUG] [quark-zeta/]: Registering to minecraft:item - quark:diorite_bricks_vertical_slab
[05Jan2026 18:39:21.588] [main/DEBUG] [quark-zeta/]: Registering to minecraft:item - quark:andesite_bricks_vertical_slab
[05Jan2026 18:39:21.588] [main/DEBUG] [quark-zeta/]: Registering to minecraft:item - quark:calcite_bricks_vertical_slab
[05Jan2026 18:39:21.588] [main/DEBUG] [quark-zeta/]: Registering to minecraft:item - quark:dripstone_bricks_vertical_slab
[05Jan2026 18:39:21.588] [main/DEBUG] [quark-zeta/]: Registering to minecraft:item - quark:tuff_bricks_vertical_slab
[05Jan2026 18:39:21.588] [main/DEBUG] [quark-zeta/]: Registering to minecraft:item - quark:limestone_bricks_vertical_slab
[05Jan2026 18:39:21.588] [main/DEBUG] [quark-zeta/]: Registering to minecraft:item - quark:jasper_bricks_vertical_slab
[05Jan2026 18:39:21.588] [main/DEBUG] [quark-zeta/]: Registering to minecraft:item - quark:shale_bricks_vertical_slab
[05Jan2026 18:39:21.588] [main/DEBUG] [quark-zeta/]: Registering to minecraft:item - quark:myalite_bricks_vertical_slab
[05Jan2026 18:39:21.669] [main/DEBUG] [quark-zeta/]: Registering to minecraft:entity_type - quark:quark_boat
[05Jan2026 18:39:21.669] [main/DEBUG] [quark-zeta/]: Registering to minecraft:entity_type - quark:quark_chest_boat
[05Jan2026 18:39:21.669] [main/DEBUG] [quark-zeta/]: Registering to minecraft:entity_type - quark:crab
[05Jan2026 18:39:21.669] [main/DEBUG] [quark-zeta/]: Registering to minecraft:entity_type - quark:dyed_item_frame
[05Jan2026 18:39:21.669] [main/DEBUG] [quark-zeta/]: Registering to minecraft:entity_type - quark:forgotten
[05Jan2026 18:39:21.669] [main/DEBUG] [quark-zeta/]: Registering to minecraft:entity_type - quark:foxhound
[05Jan2026 18:39:21.669] [main/DEBUG] [quark-zeta/]: Registering to minecraft:entity_type - quark:glass_frame
[05Jan2026 18:39:21.669] [main/DEBUG] [quark-zeta/]: Registering to minecraft:entity_type - quark:gravisand
[05Jan2026 18:39:21.669] [main/DEBUG] [quark-zeta/]: Registering to minecraft:entity_type - quark:parrot_egg
[05Jan2026 18:39:21.669] [main/DEBUG] [quark-zeta/]: Registering to minecraft:entity_type - quark:pickarang
[05Jan2026 18:39:21.669] [main/DEBUG] [quark-zeta/]: Registering to minecraft:entity_type - quark:flamerang
[05Jan2026 18:39:21.669] [main/DEBUG] [quark-zeta/]: Registering to minecraft:entity_type - quark:shiba
[05Jan2026 18:39:21.669] [main/DEBUG] [quark-zeta/]: Registering to minecraft:entity_type - quark:skull_pike
[05Jan2026 18:39:21.669] [main/DEBUG] [quark-zeta/]: Registering to minecraft:entity_type - quark:stoneling
[05Jan2026 18:39:21.669] [main/DEBUG] [quark-zeta/]: Registering to minecraft:entity_type - quark:stool
[05Jan2026 18:39:21.669] [main/DEBUG] [quark-zeta/]: Registering to minecraft:entity_type - quark:torch_arrow
[05Jan2026 18:39:21.669] [main/DEBUG] [quark-zeta/]: Registering to minecraft:entity_type - quark:toretoise
[05Jan2026 18:39:21.669] [main/DEBUG] [quark-zeta/]: Registering to minecraft:entity_type - quark:totem
[05Jan2026 18:39:21.669] [main/DEBUG] [quark-zeta/]: Registering to minecraft:entity_type - quark:wraith
[05Jan2026 18:39:21.669] [main/DEBUG] [quark-zeta/]: Registering to minecraft:entity_type - quark:soul_bead
[05Jan2026 18:39:21.673] [main/DEBUG] [quark-zeta/]: Registering to minecraft:potion - quark:resilience
[05Jan2026 18:39:21.673] [main/DEBUG] [quark-zeta/]: Registering to minecraft:potion - quark:long_resilience
[05Jan2026 18:39:21.673] [main/DEBUG] [quark-zeta/]: Registering to minecraft:potion - quark:strong_resilience
[05Jan2026 18:39:21.726] [main/DEBUG] [quark-zeta/]: Registering to minecraft:block_entity_type - quark:cloud
[05Jan2026 18:39:21.727] [main/DEBUG] [quark-zeta/]: Registering to minecraft:block_entity_type - quark:chute
[05Jan2026 18:39:21.727] [main/DEBUG] [quark-zeta/]: Registering to minecraft:block_entity_type - quark:crafter
[05Jan2026 18:39:21.727] [main/DEBUG] [quark-zeta/]: Registering to minecraft:block_entity_type - quark:crate
[05Jan2026 18:39:21.727] [main/DEBUG] [quark-zeta/]: Registering to minecraft:block_entity_type - quark:ender_watcher
[05Jan2026 18:39:21.727] [main/DEBUG] [quark-zeta/]: Registering to minecraft:block_entity_type - quark:feeding_trough
[05Jan2026 18:39:21.727] [main/DEBUG] [quark-zeta/]: Registering to minecraft:block_entity_type - quark:magnet
[05Jan2026 18:39:21.727] [main/DEBUG] [quark-zeta/]: Registering to minecraft:block_entity_type - quark:magnetized_block
[05Jan2026 18:39:21.727] [main/DEBUG] [quark-zeta/]: Registering to minecraft:block_entity_type - quark:matrix_enchanting
[05Jan2026 18:39:21.727] [main/DEBUG] [quark-zeta/]: Registering to minecraft:block_entity_type - quark:monster_box
[05Jan2026 18:39:21.727] [main/DEBUG] [quark-zeta/]: Registering to minecraft:block_entity_type - quark:pipe
[05Jan2026 18:39:21.727] [main/DEBUG] [quark-zeta/]: Registering to minecraft:block_entity_type - quark:tiny_potato
[05Jan2026 18:39:21.727] [main/DEBUG] [quark-zeta/]: Registering to minecraft:block_entity_type - quark:variant_furnace
[05Jan2026 18:39:21.727] [main/DEBUG] [quark-zeta/]: Registering to minecraft:block_entity_type - quark:variant_chest
[05Jan2026 18:39:21.727] [main/DEBUG] [quark-zeta/]: Registering to minecraft:block_entity_type - quark:variant_trapped_chest
[05Jan2026 18:39:21.755] [main/DEBUG] [quark-zeta/]: Registering to minecraft:menu - quark:backpack
[05Jan2026 18:39:21.755] [main/DEBUG] [quark-zeta/]: Registering to minecraft:menu - quark:crafter
[05Jan2026 18:39:21.755] [main/DEBUG] [quark-zeta/]: Registering to minecraft:menu - quark:crate
[05Jan2026 18:39:21.755] [main/DEBUG] [quark-zeta/]: Registering to minecraft:menu - quark:held_shulker_box
[05Jan2026 18:39:21.755] [main/DEBUG] [quark-zeta/]: Registering to minecraft:menu - quark:feeding_trough
[05Jan2026 18:39:21.755] [main/DEBUG] [quark-zeta/]: Registering to minecraft:menu - quark:matrix_enchanting
[05Jan2026 18:39:22.199] [main/DEBUG] [zeta/]: Registering to minecraft:recipe_serializer - zeta:dye_item
[05Jan2026 18:39:22.200] [main/DEBUG] [quark-zeta/]: Registering to minecraft:recipe_serializer - quark:dye_item
[05Jan2026 18:39:22.200] [main/DEBUG] [quark-zeta/]: Registering to minecraft:recipe_serializer - quark:exclusion
[05Jan2026 18:39:22.200] [main/DEBUG] [quark-zeta/]: Registering to minecraft:recipe_serializer - quark:smithing_rune
[05Jan2026 18:39:22.200] [main/DEBUG] [quark-zeta/]: Registering to minecraft:recipe_serializer - quark:elytra_duplication
[05Jan2026 18:39:22.200] [main/DEBUG] [quark-zeta/]: Registering to minecraft:recipe_serializer - quark:slab_to_block
[05Jan2026 18:39:22.200] [main/DEBUG] [quark-zeta/]: Registering to minecraft:recipe_serializer - quark:mixed_exclusion
[05Jan2026 18:39:22.206] [main/DEBUG] [quark-zeta/]: Registering to minecraft:villager_type - quark:beach
[05Jan2026 18:39:22.206] [main/DEBUG] [quark-zeta/]: Registering to minecraft:villager_type - quark:ocean
[05Jan2026 18:39:22.207] [main/DEBUG] [quark-zeta/]: Registering to minecraft:point_of_interest_type - quark:feeding_trough
[05Jan2026 18:39:22.231] [main/DEBUG] [zeta/]: Registering to minecraft:worldgen/feature - zeta:deferred_feature_raw_generation
[05Jan2026 18:39:22.231] [main/DEBUG] [zeta/]: Registering to minecraft:worldgen/feature - zeta:deferred_feature_lakes
[05Jan2026 18:39:22.231] [main/DEBUG] [zeta/]: Registering to minecraft:worldgen/feature - zeta:deferred_feature_local_modifications
[05Jan2026 18:39:22.231] [main/DEBUG] [zeta/]: Registering to minecraft:worldgen/feature - zeta:deferred_feature_underground_structures
[05Jan2026 18:39:22.231] [main/DEBUG] [zeta/]: Registering to minecraft:worldgen/feature - zeta:deferred_feature_surface_structures
[05Jan2026 18:39:22.232] [main/DEBUG] [zeta/]: Registering to minecraft:worldgen/feature - zeta:deferred_feature_strongholds
[05Jan2026 18:39:22.232] [main/DEBUG] [zeta/]: Registering to minecraft:worldgen/feature - zeta:deferred_feature_underground_ores
[05Jan2026 18:39:22.232] [main/DEBUG] [zeta/]: Registering to minecraft:worldgen/feature - zeta:deferred_feature_underground_decoration
[05Jan2026 18:39:22.232] [main/DEBUG] [zeta/]: Registering to minecraft:worldgen/feature - zeta:deferred_feature_fluid_springs
[05Jan2026 18:39:22.232] [main/DEBUG] [zeta/]: Registering to minecraft:worldgen/feature - zeta:deferred_feature_vegetal_decoration
[05Jan2026 18:39:22.232] [main/DEBUG] [zeta/]: Registering to minecraft:worldgen/feature - zeta:deferred_feature_top_layer_modification
[05Jan2026 18:39:22.232] [main/DEBUG] [quark-zeta/]: Registering to minecraft:worldgen/feature - quark:glow_shrooms
[05Jan2026 18:39:22.232] [main/DEBUG] [quark-zeta/]: Registering to minecraft:worldgen/feature - quark:glow_shrooms_extras
[05Jan2026 18:39:22.238] [main/DEBUG] [quark-zeta/]: Registering to minecraft:worldgen/foliage_placer_type - quark:offset_fancy_foliage_placer
[05Jan2026 18:39:22.239] [main/DEBUG] [quark-zeta/]: Registering to minecraft:worldgen/trunk_placer_type - quark:multi_foliage_straight_trunk_placer
[05Jan2026 18:39:22.242] [main/DEBUG] [quark-zeta/]: Registering to minecraft:worldgen/tree_decorator_type - quark:ancient_tree_topper_decorator
[05Jan2026 18:39:22.438] [main/DEBUG] [net.minecraftforge.fml.config.ConfigTracker/CONFIG]: Loading configs type COMMON
[05Jan2026 18:39:22.439] [main/DEBUG] [net.minecraftforge.fml.config.ConfigFileTypeHandler/CONFIG]: Built TOML config for /workspaces/shoshigam/servidor_minecraft/config/farmersdelight-common.toml
[05Jan2026 18:39:22.440] [main/DEBUG] [net.minecraftforge.fml.config.ConfigFileTypeHandler/CONFIG]: Loaded TOML config file /workspaces/shoshigam/servidor_minecraft/config/farmersdelight-common.toml
[05Jan2026 18:39:22.445] [main/DEBUG] [net.minecraftforge.fml.config.ConfigFileTypeHandler/CONFIG]: Watching TOML config file /workspaces/shoshigam/servidor_minecraft/config/farmersdelight-common.toml for changes
[05Jan2026 18:39:22.447] [main/DEBUG] [net.minecraftforge.fml.config.ConfigFileTypeHandler/CONFIG]: Built TOML config for /workspaces/shoshigam/servidor_minecraft/config/tconstruct-common.toml
[05Jan2026 18:39:22.447] [Thread-0/DEBUG] [net.minecraftforge.fml.config.ConfigFileTypeHandler/CONFIG]: Config file farmersdelight-common.toml changed, sending notifies
[05Jan2026 18:39:22.448] [main/DEBUG] [net.minecraftforge.fml.config.ConfigFileTypeHandler/CONFIG]: Loaded TOML config file /workspaces/shoshigam/servidor_minecraft/config/tconstruct-common.toml
[05Jan2026 18:39:22.448] [main/DEBUG] [net.minecraftforge.fml.config.ConfigFileTypeHandler/CONFIG]: Watching TOML config file /workspaces/shoshigam/servidor_minecraft/config/tconstruct-common.toml for changes
[05Jan2026 18:39:22.449] [Thread-0/DEBUG] [net.minecraftforge.fml.config.ConfigFileTypeHandler/CONFIG]: Config file farmersdelight-common.toml changed, sending notifies
[05Jan2026 18:39:22.449] [Thread-0/DEBUG] [net.minecraftforge.fml.config.ConfigFileTypeHandler/CONFIG]: Config file tconstruct-common.toml changed, sending notifies
[05Jan2026 18:39:22.450] [main/DEBUG] [net.minecraftforge.fml.config.ConfigFileTypeHandler/CONFIG]: Built TOML config for /workspaces/shoshigam/servidor_minecraft/config/sophisticatedcore-common.toml
[05Jan2026 18:39:22.450] [Thread-0/DEBUG] [net.minecraftforge.fml.config.ConfigFileTypeHandler/CONFIG]: Config file tconstruct-common.toml changed, sending notifies
[05Jan2026 18:39:22.450] [main/DEBUG] [net.minecraftforge.fml.config.ConfigFileTypeHandler/CONFIG]: Loaded TOML config file /workspaces/shoshigam/servidor_minecraft/config/sophisticatedcore-common.toml
[05Jan2026 18:39:22.450] [main/DEBUG] [net.minecraftforge.fml.config.ConfigFileTypeHandler/CONFIG]: Watching TOML config file /workspaces/shoshigam/servidor_minecraft/config/sophisticatedcore-common.toml for changes
[05Jan2026 18:39:22.451] [Thread-0/DEBUG] [net.minecraftforge.fml.config.ConfigFileTypeHandler/CONFIG]: Config file sophisticatedcore-common.toml changed, sending notifies
[05Jan2026 18:39:22.451] [main/DEBUG] [net.minecraftforge.fml.config.ConfigFileTypeHandler/CONFIG]: Built TOML config for /workspaces/shoshigam/servidor_minecraft/config/mowziesmobs-common.toml
[05Jan2026 18:39:22.451] [Thread-0/DEBUG] [net.minecraftforge.fml.config.ConfigFileTypeHandler/CONFIG]: Config file sophisticatedcore-common.toml changed, sending notifies
[05Jan2026 18:39:22.454] [main/DEBUG] [net.minecraftforge.fml.config.ConfigFileTypeHandler/CONFIG]: Loaded TOML config file /workspaces/shoshigam/servidor_minecraft/config/mowziesmobs-common.toml
[05Jan2026 18:39:22.455] [main/DEBUG] [net.minecraftforge.fml.config.ConfigFileTypeHandler/CONFIG]: Watching TOML config file /workspaces/shoshigam/servidor_minecraft/config/mowziesmobs-common.toml for changes
[05Jan2026 18:39:22.457] [Thread-0/DEBUG] [net.minecraftforge.fml.config.ConfigFileTypeHandler/CONFIG]: Config file mowziesmobs-common.toml changed, sending notifies
[05Jan2026 18:39:22.458] [main/DEBUG] [net.minecraftforge.fml.config.ConfigFileTypeHandler/CONFIG]: Built TOML config for /workspaces/shoshigam/servidor_minecraft/config/CoroUtil/General.toml
[05Jan2026 18:39:22.459] [main/DEBUG] [net.minecraftforge.fml.config.ConfigFileTypeHandler/CONFIG]: Loaded TOML config file /workspaces/shoshigam/servidor_minecraft/config/CoroUtil/General.toml
[05Jan2026 18:39:22.459] [main/DEBUG] [net.minecraftforge.fml.config.ConfigFileTypeHandler/CONFIG]: Watching TOML config file /workspaces/shoshigam/servidor_minecraft/config/CoroUtil/General.toml for changes
[05Jan2026 18:39:22.459] [Thread-0/DEBUG] [net.minecraftforge.fml.config.ConfigFileTypeHandler/CONFIG]: Config file mowziesmobs-common.toml changed, sending notifies
[05Jan2026 18:39:22.459] [main/DEBUG] [net.minecraftforge.fml.config.ConfigFileTypeHandler/CONFIG]: Built TOML config for /workspaces/shoshigam/servidor_minecraft/config/sophisticatedbackpacks-common.toml
[05Jan2026 18:39:22.460] [main/DEBUG] [net.minecraftforge.fml.config.ConfigFileTypeHandler/CONFIG]: Loaded TOML config file /workspaces/shoshigam/servidor_minecraft/config/sophisticatedbackpacks-common.toml
[05Jan2026 18:39:22.460] [main/DEBUG] [net.minecraftforge.fml.config.ConfigFileTypeHandler/CONFIG]: Watching TOML config file /workspaces/shoshigam/servidor_minecraft/config/sophisticatedbackpacks-common.toml for changes
[05Jan2026 18:39:22.460] [main/DEBUG] [net.minecraftforge.fml.config.ConfigFileTypeHandler/CONFIG]: Built TOML config for /workspaces/shoshigam/servidor_minecraft/config/carryon-common.toml
[05Jan2026 18:39:22.461] [Thread-0/DEBUG] [net.minecraftforge.fml.config.ConfigFileTypeHandler/CONFIG]: Config file sophisticatedbackpacks-common.toml changed, sending notifies
[05Jan2026 18:39:22.461] [main/DEBUG] [net.minecraftforge.fml.config.ConfigFileTypeHandler/CONFIG]: Loaded TOML config file /workspaces/shoshigam/servidor_minecraft/config/carryon-common.toml
[05Jan2026 18:39:22.461] [main/DEBUG] [net.minecraftforge.fml.config.ConfigFileTypeHandler/CONFIG]: Watching TOML config file /workspaces/shoshigam/servidor_minecraft/config/carryon-common.toml for changes
[05Jan2026 18:39:22.512] [Thread-0/DEBUG] [net.minecraftforge.fml.config.ConfigFileTypeHandler/CONFIG]: Config file carryon-common.toml changed, sending notifies
[05Jan2026 18:39:22.513] [main/DEBUG] [net.minecraftforge.fml.config.ConfigFileTypeHandler/CONFIG]: Built TOML config for /workspaces/shoshigam/servidor_minecraft/config/watut-common.toml
[05Jan2026 18:39:22.513] [main/DEBUG] [net.minecraftforge.fml.config.ConfigFileTypeHandler/CONFIG]: Loaded TOML config file /workspaces/shoshigam/servidor_minecraft/config/watut-common.toml
[05Jan2026 18:39:22.513] [main/DEBUG] [net.minecraftforge.fml.config.ConfigFileTypeHandler/CONFIG]: Watching TOML config file /workspaces/shoshigam/servidor_minecraft/config/watut-common.toml for changes
[05Jan2026 18:39:22.514] [main/DEBUG] [net.minecraftforge.fml.config.ConfigFileTypeHandler/CONFIG]: Built TOML config for /workspaces/shoshigam/servidor_minecraft/config/watut-server.toml
[05Jan2026 18:39:22.514] [main/DEBUG] [net.minecraftforge.fml.config.ConfigFileTypeHandler/CONFIG]: Loaded TOML config file /workspaces/shoshigam/servidor_minecraft/config/watut-server.toml
[05Jan2026 18:39:22.514] [main/DEBUG] [net.minecraftforge.fml.config.ConfigFileTypeHandler/CONFIG]: Watching TOML config file /workspaces/shoshigam/servidor_minecraft/config/watut-server.toml for changes
[05Jan2026 18:39:22.514] [main/DEBUG] [net.minecraftforge.fml.config.ConfigFileTypeHandler/CONFIG]: Built TOML config for /workspaces/shoshigam/servidor_minecraft/config/watut-client.toml
[05Jan2026 18:39:22.515] [main/DEBUG] [net.minecraftforge.fml.config.ConfigFileTypeHandler/CONFIG]: Loaded TOML config file /workspaces/shoshigam/servidor_minecraft/config/watut-client.toml
[05Jan2026 18:39:22.515] [main/DEBUG] [net.minecraftforge.fml.config.ConfigFileTypeHandler/CONFIG]: Watching TOML config file /workspaces/shoshigam/servidor_minecraft/config/watut-client.toml for changes
[05Jan2026 18:39:22.516] [main/DEBUG] [net.minecraftforge.fml.config.ConfigFileTypeHandler/CONFIG]: Built TOML config for /workspaces/shoshigam/servidor_minecraft/config/zeta-common.toml
[05Jan2026 18:39:22.516] [main/DEBUG] [net.minecraftforge.fml.config.ConfigFileTypeHandler/CONFIG]: Loaded TOML config file /workspaces/shoshigam/servidor_minecraft/config/zeta-common.toml
[05Jan2026 18:39:22.516] [main/DEBUG] [net.minecraftforge.fml.config.ConfigFileTypeHandler/CONFIG]: Watching TOML config file /workspaces/shoshigam/servidor_minecraft/config/zeta-common.toml for changes
[05Jan2026 18:39:22.516] [main/DEBUG] [net.minecraftforge.fml.config.ConfigFileTypeHandler/CONFIG]: Built TOML config for /workspaces/shoshigam/servidor_minecraft/config/quark-common.toml
[05Jan2026 18:39:22.522] [main/DEBUG] [net.minecraftforge.fml.config.ConfigFileTypeHandler/CONFIG]: Loaded TOML config file /workspaces/shoshigam/servidor_minecraft/config/quark-common.toml
[05Jan2026 18:39:22.522] [main/DEBUG] [net.minecraftforge.fml.config.ConfigFileTypeHandler/CONFIG]: Watching TOML config file /workspaces/shoshigam/servidor_minecraft/config/quark-common.toml for changes
[05Jan2026 18:39:22.553] [Thread-0/DEBUG] [net.minecraftforge.fml.config.ConfigFileTypeHandler/CONFIG]: Config file carryon-common.toml changed, sending notifies
[05Jan2026 18:39:22.613] [Thread-0/DEBUG] [net.minecraftforge.fml.config.ConfigFileTypeHandler/CONFIG]: Config file watut-common.toml changed, sending notifies
[05Jan2026 18:39:22.624] [modloading-worker-0/INFO] [voicechat/]: [voicechat] Compatibility version 20
[05Jan2026 18:39:22.728] [modloading-worker-0/INFO] [voicechat/]: [voicechat] Loading plugins
[05Jan2026 18:39:22.737] [modloading-worker-0/INFO] [voicechat/]: [voicechat] Loaded 0 plugin(s)
[05Jan2026 18:39:22.737] [modloading-worker-0/INFO] [voicechat/]: [voicechat] Initializing plugins
[05Jan2026 18:39:22.738] [modloading-worker-0/INFO] [voicechat/]: [voicechat] Initialized 0 plugin(s)
[05Jan2026 18:39:22.757] [main/DEBUG] [net.minecraftforge.fml.DeferredWorkQueue/LOADING]: Dispatching synchronous work for work queue COMMON_SETUP: 26 jobs
[05Jan2026 18:39:22.820] [main/INFO] [zeta/]: Common setup: Performing initial refresh of zeta's config on thread 'main'
[05Jan2026 18:39:22.842] [main/INFO] [zeta/]: 'zeta' is enabling Zeta's piston structure resolver.
[05Jan2026 18:39:22.843] [main/INFO] [zeta/]: Waiting for server start before accepting filewatcher changes to zeta's config
[05Jan2026 18:39:22.845] [main/INFO] [quark-zeta/]: Common setup: Performing initial refresh of quark's config on thread 'main'
[05Jan2026 18:39:22.860] [main/INFO] [quark-zeta/]: Waiting for server start before accepting filewatcher changes to quark's config
[05Jan2026 18:39:22.919] [main/DEBUG] [net.minecraftforge.fml.DeferredWorkQueue/LOADING]: Synchronous work queue completed in 121.2 ms
[05Jan2026 18:39:22.920] [modloading-worker-0/INFO] [xaero.minimap.XaeroMinimap/]: Loading Xaero's Minimap - Stage 1/2 (Server)
[05Jan2026 18:39:22.922] [modloading-worker-0/INFO] [xaero.map.server.WorldMapServer/]: Loading Xaero's World Map - Stage 1/2 (Server)
[05Jan2026 18:39:22.923] [main/DEBUG] [net.minecraftforge.fml.DeferredWorkQueue/LOADING]: Dispatching synchronous work for work queue SIDED_SETUP: 2 jobs
[05Jan2026 18:39:22.923] [main/INFO] [xaero.minimap.XaeroMinimap/]: Loading Xaero's Minimap - Stage 2/2 (Server)
[05Jan2026 18:39:22.923] [main/INFO] [xaero.map.server.WorldMapServer/]: Loading Xaero's World Map - Stage 2/2 (Server)
[05Jan2026 18:39:22.923] [main/DEBUG] [net.minecraftforge.fml.DeferredWorkQueue/LOADING]: Synchronous work queue completed in 318.4 μs
[05Jan2026 18:39:22.962] [main/DEBUG] [net.minecraftforge.fml.DeferredWorkQueue/LOADING]: Dispatching synchronous work for work queue COMPLETE: 4 jobs
[05Jan2026 18:39:22.962] [main/DEBUG] [net.minecraftforge.fml.DeferredWorkQueue/LOADING]: Synchronous work queue completed in 196.5 μs
[05Jan2026 18:39:23.234] [Forge Version Check/INFO] [net.minecraftforge.fml.VersionChecker/]: [trade_cycling] Starting version check at https://update.maxhenkel.de/forge/trade_cycling
[05Jan2026 18:39:24.060] [Forge Version Check/DEBUG] [net.minecraftforge.fml.VersionChecker/]: [trade_cycling] Received version check data:
{"1.21":{"1.21-1.0.13":"Updated dependencies\nFixed crash"},"1.20":{"1.20-1.0.5":"Updated to 1.20"},"1.19":{"1.19-1.0.5":"Fixed visual desync when cycling discounted trades"},"1.21.11":{"1.21.11-1.0.19":"Updated to 1.21.11"},"1.21.10":{"1.21.10-1.0.19":"Updated to 1.21.10"},"1.21.7":{"1.21.7-1.0.19":"Updated to 1.21.7"},"1.21.6":{"1.21.6-1.0.19":"Fixed Visible Traders integration"},"1.21.9":{"1.21.9-1.0.19":"Updated to 1.21.9"},"1.21.8":{"1.21.8-1.0.19":"Updated to 1.21.8"},"1.20.4":{"1.20.4-1.0.7":"Updated to 1.20.4","1.20.4-1.0.11":""},"1.21.3":{"1.21.3-1.0.15":"Updated to 1.21.3"},"promos":{"1.18.1-latest":"1.18.1-1.0.2","1.21.4-latest":"1.21.4-1.0.18","1.21.3-latest":"1.21.3-1.0.15","1.18.2-latest":"1.18.2-1.0.2","1.20-recommended":"1.20-1.0.5","1.19.3-recommended":"1.19.3-1.0.5","1.19.1-recommended":"1.19.1-1.0.5","1.21.6-latest":"1.21.6-1.0.19","1.21.5-latest":"1.21.5-1.0.18","1.21.1-latest":"1.21.1-1.0.18","1.19.4-recommended":"1.19.4-1.0.5","1.19-latest":"1.19-1.0.5","1.19.2-recommended":"1.19.2-1.0.5","1.21.9-latest":"1.21.9-1.0.19","1.21.8-latest":"1.21.8-1.0.19","1.20.4-recommended":"1.20.4-1.0.7","1.21.7-latest":"1.21.7-1.0.19","1.21-latest":"1.21-1.0.13","1.20.1-recommended":"1.20.1-1.0.7","1.20.2-recommended":"1.20.2-1.0.7","1.20-latest":"1.20-1.0.5","1.18.2-recommended":"1.18.2-1.0.2","1.21.11-latest":"1.21.11-1.0.19","1.21.10-latest":"1.21.10-1.0.19","1.18.1-recommended":"1.18.1-1.0.2","1.20.1-latest":"1.20.1-1.0.18","1.20.2-latest":"1.20.2-1.0.8","1.19.2-latest":"1.19.2-1.0.14","1.19.4-latest":"1.19.4-1.0.5","1.19.3-latest":"1.19.3-1.0.5","1.19-recommended":"1.19-1.0.5","1.20.4-latest":"1.20.4-1.0.11","1.19.1-latest":"1.19.1-1.0.5","1.20.6-latest":"1.20.6-1.0.11"},"1.20.6":{"1.20.6-1.0.11":"Updated to 1.20.6"},"1.21.5":{"1.21.5-1.0.18":"Updated Simplified Chinese translation"},"1.21.4":{"1.21.4-1.0.18":"Updated Simplified Chinese translation"},"1.20.2":{"1.20.2-1.0.8":"Updated update checker URL\nUpdated config builder","1.20.2-1.0.7":""},"1.21.1":{"1.21.1-1.0.18":"Updated Simplified Chinese translation"},"1.20.1":{"1.20.1-1.0.7":"","1.20.1-1.0.18":"Updated Simplified Chinese translation"},"1.18.2":{"1.18.2-1.0.2":"Updated to 1.18.2"},"1.19.1":{"1.19.1-1.0.5":"Fixed visual desync when cycling discounted trades"},"1.19.2":{"1.19.2-1.0.5":"Fixed visual desync when cycling discounted trades","1.19.2-1.0.14":"Added Traditional Chinese translation"},"1.19.3":{"1.19.3-1.0.5":"Updated to 1.19.3"},"1.19.4":{"1.19.4-1.0.5":"Updated to 1.19.4"},"1.18.1":{"1.18.1-1.0.2":"Fixed duplication bug"},"homepage":"https://modrepo.de/minecraft/trade_cycling/overview"}
[05Jan2026 18:39:24.062] [Forge Version Check/INFO] [net.minecraftforge.fml.VersionChecker/]: [trade_cycling] Found status: AHEAD Current: 1.20.1-1.0.18 Target: null
[05Jan2026 18:39:24.064] [Forge Version Check/INFO] [net.minecraftforge.fml.VersionChecker/]: [securitycraft] Starting version check at https://www.github.com/Geforce132/SecurityCraft/raw/master/Updates/Forge.json
[05Jan2026 18:39:24.263] [Forge Version Check/DEBUG] [net.minecraftforge.fml.VersionChecker/]: [securitycraft] Received version check data:
{
    "homepage": "https://www.curseforge.com/minecraft/mc-mods/security-craft/",
    "promos": {
        "1.7.10-latest": "v1.8.13",
        "1.7.10-recommended": "v1.8.13",
        "1.8-latest": "v1.8.12.1",
        "1.8-recommended": "v1.8.12.1",
        "1.8.8-latest": "v1.8.12.1",
        "1.8.8-recommended": "v1.8.12.1",
        "1.8.9-latest": "v1.8.12.1",
        "1.8.9-recommended": "v1.8.12.1",
        "1.9.4-latest": "v1.8.12",
        "1.9.4-recommended": "v1.8.12",
        "1.10.2-latest": "v1.8.12",
        "1.10.2-recommended": "v1.8.12",
        "1.11.2-latest": "v1.8.12.1",
        "1.11.2-recommended": "v1.8.12.1",
        "1.12-latest": "v1.8.8.1",
        "1.12-recommended": "v1.8.8.1",
        "1.12.1-latest": "v1.8.8.1",
        "1.12.1-recommended": "v1.8.8.1",
        "1.12.2-latest": "v1.10.1",
        "1.12.2-recommended": "v1.10.1",
        "1.13.2-latest": "v1.8.13",
        "1.13.2-recommended": "v1.8.13",
        "1.14.3-latest": "v1.8.12-beta2",
        "1.14.3-recommended": "v1.8.12-beta2",
        "1.14.4-latest": "v1.8.22.2",
        "1.14.4-recommended": "v1.8.22.2",
        "1.15.1-latest": "v1.8.15-beta2",
        "1.15.1-recommended": "v1.8.15-beta2",
        "1.15.2-latest": "v1.9.1",
        "1.15.2-recommended": "v1.9.1",
        "1.16.1-latest": "v1.8.19.3",
        "1.16.1-recommended": "v1.8.19.3",
        "1.16.2-latest": "v1.8.19.3",
        "1.16.2-recommended": "v1.8.19.3",
        "1.16.3-latest": "v1.8.21.1",
        "1.16.3-recommended": "v1.8.21.1",
        "1.16.4-latest": "v1.8.21.1",
        "1.16.4-recommended": "v1.8.21.1",
        "1.16.5-latest": "v1.10.1",
        "1.16.5-recommended": "v1.10.1",
        "1.17.1-latest": "1.9.5",
        "1.17.1-recommended": "1.9.5",
        "1.18.1-latest": "1.9.0.2-beta1",
        "1.18.1-recommended": "1.9.0.2-beta1",
        "1.18.2-latest": "1.10.1",
        "1.18.2-recommended": "1.10.1",
        "1.19-latest": "1.9.3.1",
        "1.19-recommended": "1.9.3.1",
        "1.19.1-latest": "1.9.3.1",
        "1.19.1-recommended": "1.9.3.1",
        "1.19.2-latest": "1.9.6.1",
        "1.19.2-recommended": "1.9.6.1",
        "1.19.3-latest": "1.9.8",
        "1.19.3-recommended": "1.9.8",
        "1.19.4-latest": "1.10.1",
        "1.19.4-recommended": "1.10.1",
        "1.20-latest": "1.9.7-beta2",
        "1.20-recommended": "1.9.7-beta2",
        "1.20.2-latest": "1.9.9",
        "1.20.2-recommended": "1.9.9",
        "1.20.4-latest": "1.10.1",
        "1.20.4-recommended": "1.10.1",
        "1.20.6-latest": "1.10.1",
        "1.20.6-recommended": "1.10.1",
        "1.21-latest": "1.9.10-beta7",
        "1.21-recommended": "1.9.10-beta7",
        "1.21.2-latest": "1.9.11-beta2",
        "1.21.2-recommended": "1.9.11-beta2",
        "1.21.3-latest": "1.10.1",
        "1.21.3-recommended": "1.10.1",
        "1.21.4-latest": "1.10.1",
        "1.21.4-recommended": "1.10.1",
        "1.21.5-latest": "1.10.1",
        "1.21.5-recommended": "1.10.1",
        "1.21.6-latest": "1.10-beta3",
        "1.21.6-recommended": "1.10-beta3",
        "1.21.7-latest": "1.10-beta1",
        "1.21.7-recommended": "1.10-beta1",

        "1.20.1-latest": "1.10.1",
        "1.20.1-recommended": "1.10.1",
        "1.21.1-latest": "1.10.1",
        "1.21.1-recommended": "1.10.1",
        "1.21.8-latest": "1.10.1",
        "1.21.8-recommended": "1.10.1",
        "1.21.10-latest": "1.10.1-beta1",
        "1.21.10-recommended": "1.10.1-beta1",
        "1.21.11-latest": "1.10.1-beta1",
        "1.21.11-recommended": "1.10.1-beta1"
    },
    "1.7.10": {
        "v1.8.13": "https://github.com/Geforce132/SecurityCraft/blob/eol/1.7.10/Changelog%20v1.8.x.md"
    },
    "1.8": {
        "v1.8.12": "https://github.com/Geforce132/SecurityCraft/blob/eol/1.8/Changelog%20v1.8.x.md"
    },
    "1.8.8": {
        "v1.8.12.1": "https://github.com/Geforce132/SecurityCraft/blob/eol/1.8.9/Changelog%20v1.8.x.md"
    },
    "1.8.9": {
        "v1.8.12.1": "https://github.com/Geforce132/SecurityCraft/blob/eol/1.8.9/Changelog%20v1.8.x.md"
    },
    "1.9.4": {
        "v1.8.12": "https://github.com/Geforce132/SecurityCraft/blob/eol/1.9.4/Changelog%20v1.8.x.md"
    },
    "1.10.2": {
        "v1.8.12": "https://github.com/Geforce132/SecurityCraft/blob/eol/1.10.2/Changelog%20v1.8.x.md"
    },
    "1.11.2": {
        "v1.8.12.1": "https://github.com/Geforce132/SecurityCraft/blob/eol/1.11.2/Changelog%20v1.8.x.md"
    },
    "1.12": {
        "v1.8.8.1": "https://github.com/Geforce132/SecurityCraft/blob/54061f84f188c33db291770e550c4c84a927194c/Changelog%20v1.8.x.md"
    },
    "1.12.1": {
        "v1.8.8.1": "https://github.com/Geforce132/SecurityCraft/blob/54061f84f188c33db291770e550c4c84a927194c/Changelog%20v1.8.x.md"
    },
    "1.12.2": {
        "v1.10.1": "https://github.com/Geforce132/SecurityCraft/blob/eol/1.12.2/Changelog.md"
    },
    "1.13.2": {
        "v1.8.13": "https://github.com/Geforce132/SecurityCraft/blob/eol/1.13.2/Changelog%20v1.8.x.md"
    },
    "1.14.3": {
        "v1.8.12-beta2": "https://github.com/Geforce132/SecurityCraft/blob/b20ce0945abdccb8f2b6abaea5d26c28d0a3b916/Changelog%20v1.8.x.md"
    },
    "1.14.4": {
        "v1.8.22.2": "https://github.com/Geforce132/SecurityCraft/blob/eol/1.14.4/Changelog%20v1.8.x.md"
    },
    "1.15.1": {
        "v1.8.15-beta2": "https://github.com/Geforce132/SecurityCraft/blob/04f414232af5250193ed610da93696a830584cc9/Changelog%20v1.8.x.md"
    },
    "1.15.2": {
        "v1.9.1": "https://github.com/Geforce132/SecurityCraft/blob/eol/1.15.2/Changelog.md"
    },
    "1.16.1": {
        "v1.8.19.3": "https://github.com/Geforce132/SecurityCraft/blob/eol/1.16.1/Changelog%20v1.8.x.md"
    },
    "1.16.2": {
        "v1.8.19.3": "https://github.com/Geforce132/SecurityCraft/blob/2c1c0868dd26f8870bae1b8c0d57041cab3ba897/Changelog%20v1.8.x.md"
    },
    "1.16.3": {
        "v1.8.21.1": "https://github.com/Geforce132/SecurityCraft/blob/44460188b9bf30b94f122ba362092cba5e76e0d2/Changelog%20v1.8.x.md"
    },
    "1.16.4": {
        "v1.8.21.1": "https://github.com/Geforce132/SecurityCraft/blob/44460188b9bf30b94f122ba362092cba5e76e0d2/Changelog%20v1.8.x.md"
    },
    "1.16.5": {
        "v1.10.1": "https://github.com/Geforce132/SecurityCraft/blob/eol/1.16.5/Changelog.md"
    },
    "1.17.1": {
        "1.9.5": "https://github.com/Geforce132/SecurityCraft/blob/eol/1.17.1/Changelog.md"
    },
    "1.18.1": {
        "1.9.0.2-beta1": "https://github.com/Geforce132/SecurityCraft/blob/eol/1.18.1/Changelog.md"
    },
    "1.18.2": {
        "1.10.1": "https://github.com/Geforce132/SecurityCraft/blob/eol/1.18.2/Changelog.md"
    },
    "1.19": {
        "1.9.3.1": "https://github.com/Geforce132/SecurityCraft/blob/eol/1.19/Changelog.md"
    },
    "1.19.1": {
        "1.9.3.1": "https://github.com/Geforce132/SecurityCraft/blob/c60edcc5881fc8ca4394bfeae3254ab0d693ab5e/Changelog.md"
    },
    "1.19.2": {
        "1.9.6.1": "https://github.com/Geforce132/SecurityCraft/blob/eol/1.19.2/Changelog.md"
    },
    "1.19.3": {
        "1.9.8": "https://github.com/Geforce132/SecurityCraft/blob/eol/1.19.3/Changelog.md"
    },
    "1.19.4": {
        "1.10.1": "https://github.com/Geforce132/SecurityCraft/blob/eol/1.19.4/Changelog.md"
    },
    "1.20": {
        "1.9.7-beta2": "https://github.com/Geforce132/SecurityCraft/blob/2e41d10948280cfdfe693e52c3580adf5f0cb18c/Changelog.md"
    },
    "1.20.2": {
        "1.9.9": "https://github.com/Geforce132/SecurityCraft/blob/eol/1.20.2/Changelog.md"
    },
    "1.20.4": {
        "1.10.1": "https://github.com/Geforce132/SecurityCraft/blob/eol/1.20.4/Changelog.md"
    },
    "1.20.6": {
        "1.10.1": "https://github.com/Geforce132/SecurityCraft/blob/eol/1.20.6/Changelog.md"
    },
    "1.21": {
        "1.9.10-beta7": "https://github.com/Geforce132/SecurityCraft/blob/a74d63ec9796e54c5bd8d22c18a320146560a753/Changelog.md"
    },
    "1.21.2": {
        "1.9.11-beta2": "https://github.com/Geforce132/SecurityCraft/blob/63c87ccbc661cecac0e75d54b81b571a3d17a29e/Changelog.md"
    },
    "1.21.3": {
        "1.10.1": "https://github.com/Geforce132/SecurityCraft/blob/eol/1.21.3/Changelog.md"
    },
    "1.21.4": {
        "1.10.1": "https://github.com/Geforce132/SecurityCraft/blob/eol/1.21.4/Changelog.md"
    },
    "1.21.5": {
        "1.10.1": "https://github.com/Geforce132/SecurityCraft/blob/eol/1.21.5/Changelog.md"
    },
    "1.21.6": {
        "1.10-beta3": "https://github.com/Geforce132/SecurityCraft/blob/eol/1.21.6/Changelog.md"
    },
    "1.21.7": {
        "1.10-beta1": "https://github.com/Geforce132/SecurityCraft/blob/eol/1.21.7/Changelog.md"
    },

    "1.20.1": {
        "1.10.1": "https://github.com/Geforce132/SecurityCraft/blob/1.20.1/Changelog.md"
    },
    "1.21.1": {
        "1.10.1": "https://github.com/Geforce132/SecurityCraft/blob/1.21.1/Changelog.md"
    },
    "1.21.8": {
        "1.10.1": "https://github.com/Geforce132/SecurityCraft/blob/1.21.8/Changelog.md"
    },
    "1.21.10": {
        "1.10.1-beta1": "https://github.com/Geforce132/SecurityCraft/blob/1.21.10/Changelog.md"
    },
    "1.21.11": {
        "1.10.1-beta1": "https://github.com/Geforce132/SecurityCraft/blob/1.21.11/Changelog.md"
    }
}
[05Jan2026 18:39:24.264] [Forge Version Check/INFO] [net.minecraftforge.fml.VersionChecker/]: [securitycraft] Found status: UP_TO_DATE Current: 1.10.1 Target: null
[05Jan2026 18:39:24.264] [Forge Version Check/INFO] [net.minecraftforge.fml.VersionChecker/]: [betterf3] Starting version check at https://api.modrinth.com/updates/betterf3/forge_updates.json
[05Jan2026 18:39:24.523] [Forge Version Check/DEBUG] [net.minecraftforge.fml.VersionChecker/]: [betterf3] Received version check data:
{"homepage":"https://modrinth.com/mod/betterf3","promos":{"1.20-latest":"7.0.2","1.18.1-recommended":"3.0.0","1.20.1-recommended":"7.0.2","1.16.1-recommended":"1.5.0","1.20.2-recommended":"8.0.3","1.17-recommended":"2.0.0","1.16.2-recommended":"1.5.0","1.19.1-latest":"4.0.1","1.19-recommended":"4.0.1","1.18-recommended":"3.0.0","1.16.3-recommended":"1.5.0","1.20.4-latest":"9.0.2","1.16.1-latest":"1.5.0","1.20.3-recommended":"9.0.2","1.19.2-latest":"4.0.1","1.18.2-latest":"3.0.0","1.20.2-latest":"8.0.3","1.16-recommended":"1.5.0","1.19.1-recommended":"4.0.1","1.16.4-latest":"1.5.0","1.18.1-pre1-recommended":"1.2.2","1.19.3-latest":"5.1.1","1.18.1-latest":"3.0.0","1.17-latest":"2.0.0","1.16.5-latest":"1.5.0","1.19.4-recommended":"6.0.3","1.20.1-latest":"7.0.2","1.16.5-recommended":"1.5.0","1.21.1-latest":"11.0.3","1.20-recommended":"7.0.2","1.16-latest":"1.5.0","1.18.2-recommended":"3.0.0","1.17.1-recommended":"2.0.0","1.19.3-recommended":"5.1.1","1.17.1-latest":"2.0.0","1.20.4-recommended":"9.0.2","1.18.1-pre1-latest":"1.2.2","1.18-latest":"3.0.0","1.19.2-recommended":"4.0.1","1.19.4-latest":"6.0.3","1.19-latest":"4.0.1","1.16.3-latest":"1.5.0","1.21.1-recommended":"11.0.3","1.16.4-recommended":"1.5.0","1.16.2-latest":"1.5.0","1.20.3-latest":"9.0.2"}}
[05Jan2026 18:39:24.523] [Forge Version Check/INFO] [net.minecraftforge.fml.VersionChecker/]: [betterf3] Found status: UP_TO_DATE Current: 7.0.2 Target: null
[05Jan2026 18:39:24.524] [Forge Version Check/INFO] [net.minecraftforge.fml.VersionChecker/]: [voicechat] Starting version check at https://update.maxhenkel.de/forge/voicechat
[05Jan2026 18:39:24.676] [Forge Version Check/DEBUG] [net.minecraftforge.fml.VersionChecker/]: [voicechat] Received version check data:
{"1.21":{"1.21-2.5.20":"Added Vietnamese translation"},"1.20":{"1.20-2.4.9":"Fixed group not getting deleted when disconnecting\nFixed group in LeaveGroupEvent always null\nFixed builtin resource pack format version"},"1.18":{"1.18-2.1.17":"Updated Forge\nFixed sound physics compatibility","1.18-2.1.22":"Fixed untranslated command feedback"},"1.19":{"1.19-2.4.8":"Added audio senders to the voice chat API"},"1.21.11":{"1.21.11-2.6.11":"Improved voice chat group name validation\nFixed being able to whisper while being muted"},"1.21.10":{"1.21.10-2.6.11":"Improved voice chat group name validation\nFixed being able to whisper while being muted"},"1.21.7":{"1.21.7-2.5.34":"Updated German translation"},"1.21.6":{"1.21.6-2.5.32":"Added \"Default microphone\" and \"Default speaker\" options\nFixed antivirus software detecting the jar as a trojan (This was a false positive)"},"1.21.9":{"1.21.9-2.6.4":"Updated to 1.21.9"},"1.21.8":{"1.21.8-2.6.11":"Improved voice chat group name validation\nFixed being able to whisper while being muted"},"1.20.4":{"1.20.4-2.5.22":"Updated Traditional Chinese translation\nAdded Portuguese translation\nUpdated Ukrainian translation","1.20.4-2.4.32":"Fixed compatibility with Sound Physics Remastered\nUpdated French translation"},"1.21.3":{"1.21.3-2.5.31":"Improved handling of invalid bind addresses\nFixed bind_address being used in LAN worlds\nUpdated Swedish translation"},"promos":{"1.18.1-latest":"1.18.1-2.2.52","1.21.4-latest":"1.21.4-2.6.11","1.21.3-latest":"1.21.3-2.5.31","1.18.2-latest":"1.18.2-2.6.11","1.19.3-recommended":"1.19.3-2.4.11","1.20-recommended":"1.20-2.4.9","1.19.1-recommended":"1.19.1-2.4.8","1.21.5-latest":"1.21.5-2.6.11","1.21.1-latest":"1.21.1-2.6.11","1.21.6-latest":"1.21.6-2.5.32","1.12.2-latest":"1.12.2-2.6.11","1.19.4-recommended":"1.19.4-2.4.32","1.12.2-recommended":"1.12.2-2.6.6","1.19-latest":"1.19-2.4.8","1.17.1-recommended":"1.17.1-2.4.32","1.19.2-recommended":"1.19.2-2.6.6","1.21.9-latest":"1.21.9-2.6.4","1.18-latest":"1.18-2.1.22","1.21.8-latest":"1.21.8-2.6.11","1.20.4-recommended":"1.20.4-2.4.32","1.21.7-latest":"1.21.7-2.5.34","1.21-latest":"1.21-2.5.20","1.16.5-recommended":"1.16.5-2.6.6","1.16.4-recommended":"1.16.4-1.1.7","1.20.1-recommended":"1.20.1-2.6.6","1.16.3-recommended":"1.16.3-1.0.1","1.15.2-latest":"1.15.2-1.0.2","1.20.2-recommended":"1.20.2-2.4.32","1.20-latest":"1.20-2.4.9","1.18.2-recommended":"1.18.2-2.6.6","1.17.1-latest":"1.17.1-2.5.12","1.21.11-latest":"1.21.11-2.6.11","1.21.10-latest":"1.21.10-2.6.11","1.18.1-recommended":"1.18.1-2.2.52","1.20.1-latest":"1.20.1-2.6.11","1.16.3-latest":"1.16.3-1.0.1","1.20.2-latest":"1.20.2-2.5.12","1.16.4-latest":"1.16.4-1.1.7","1.19.2-latest":"1.19.2-2.6.11","1.19.4-latest":"1.19.4-2.5.12","1.19.3-latest":"1.19.3-2.4.11","1.16.5-latest":"1.16.5-2.6.11","1.19-recommended":"1.19-2.4.8","1.18-recommended":"1.18-2.1.17","1.15.2-recommended":"1.15.2-1.0.2","1.20.4-latest":"1.20.4-2.5.22","1.19.1-latest":"1.19.1-2.4.8","1.20.6-latest":"1.20.6-2.5.22"},"1.20.6":{"1.20.6-2.5.22":"Updated Traditional Chinese translation\nAdded Portuguese translation\nUpdated Ukrainian translation"},"1.21.5":{"1.21.5-2.6.11":"Improved voice chat group name validation\nFixed being able to whisper while being muted"},"1.21.4":{"1.21.4-2.6.11":"Improved voice chat group name validation\nFixed being able to whisper while being muted"},"1.20.2":{"1.20.2-2.4.32":"Fixed compatibility with Sound Physics Remastered\nUpdated French translation","1.20.2-2.5.12":"Improved cloth config GUI translations"},"1.21.1":{"1.21.1-2.6.11":"Improved voice chat group name validation\nFixed being able to whisper while being muted"},"1.20.1":{"1.20.1-2.6.11":"Improved voice chat group name validation\nFixed being able to whisper while being muted","1.20.1-2.6.6":"Fixed filters not working for static audio channels"},"1.16.4":{"1.16.4-1.1.7":"Fixed ConcurrentModificationException when client times out"},"1.19.1":{"1.19.1-2.4.8":"Added audio senders to the voice chat API"},"1.18.2":{"1.18.2-2.6.11":"Improved voice chat group name validation\nFixed being able to whisper while being muted","1.18.2-2.6.6":"Fixed filters not working for static audio channels"},"1.16.5":{"1.16.5-2.6.11":"Improved voice chat group name validation\nFixed being able to whisper while being muted","1.16.5-2.6.6":"Fixed filters not working for static audio channels"},"1.19.2":{"1.19.2-2.6.11":"Improved voice chat group name validation\nFixed being able to whisper while being muted","1.19.2-2.6.6":"Fixed filters not working for static audio channels"},"1.19.3":{"1.19.3-2.4.11":"Added config accessors to the API"},"1.19.4":{"1.19.4-2.4.32":"Fixed compatibility with Sound Physics Remastered\nUpdated French translation","1.19.4-2.5.12":"Improved cloth config GUI translations"},"1.15.2":{"1.15.2-1.0.2":"Fix crash on servers"},"1.17.1":{"1.17.1-2.4.32":"Fixed compatibility with Sound Physics Remastered\nUpdated French translation","1.17.1-2.5.12":"Improved cloth config GUI translations"},"1.16.3":{"1.16.3-1.0.1":"Fixed voice chat not working on servers with port"},"1.18.1":{"1.18.1-2.2.52":"Improved service loader compatibility\nFixed issues with QuestCraft\nFixed disconnected state being controlled by the client"},"1.12.2":{"1.12.2-2.6.6":"Fixed filters not working for static audio channels","1.12.2-2.6.11":"Improved voice chat group name validation\nFixed being able to whisper while being muted"},"homepage":"https://modrepo.de/minecraft/voicechat"}
[05Jan2026 18:39:24.676] [Forge Version Check/INFO] [net.minecraftforge.fml.VersionChecker/]: [voicechat] Found status: UP_TO_DATE Current: 1.20.1-2.6.6 Target: null
[05Jan2026 18:39:24.680] [Forge Version Check/INFO] [net.minecraftforge.fml.VersionChecker/]: [forge] Starting version check at https://files.minecraftforge.net/net/minecraftforge/forge/promotions_slim.json
[05Jan2026 18:39:24.850] [Forge Version Check/DEBUG] [net.minecraftforge.fml.VersionChecker/]: [forge] Received version check data:
{
  "homepage": "https://files.minecraftforge.net/net/minecraftforge/forge/",
  "promos": {
    "1.1-latest": "1.3.4.29",
    "1.2.3-latest": "1.4.1.64",
    "1.2.4-latest": "2.0.0.68",
    "1.2.5-latest": "3.4.9.171",
    "1.3.2-latest": "4.3.5.318",
    "1.4.0-latest": "5.0.0.326",
    "1.4.1-latest": "6.0.0.329",
    "1.4.2-latest": "6.0.1.355",
    "1.4.3-latest": "6.2.1.358",
    "1.4.4-latest": "6.3.0.378",
    "1.4.5-latest": "6.4.2.448",
    "1.4.6-latest": "6.5.0.489",
    "1.4.7-latest": "6.6.2.534",
    "1.5-latest": "7.7.0.598",
    "1.5.1-latest": "7.7.2.682",
    "1.5.2-latest": "7.8.1.738",
    "1.5.2-recommended": "7.8.1.738",
    "1.6.1-latest": "8.9.0.775",
    "1.6.2-latest": "9.10.1.871",
    "1.6.2-recommended": "9.10.1.871",
    "1.6.3-latest": "9.11.0.878",
    "1.6.4-latest": "9.11.1.1345",
    "1.6.4-recommended": "9.11.1.1345",
    "1.7.2-latest": "10.12.2.1161",
    "1.7.2-recommended": "10.12.2.1161",
    "1.7.10-latest": "10.13.4.1614",
    "1.7.10-recommended": "10.13.4.1614",
    "1.8-latest": "11.14.4.1577",
    "1.8-recommended": "11.14.4.1563",
    "1.8.8-latest": "11.15.0.1655",
    "1.8.9-latest": "11.15.1.2318",
    "1.8.9-recommended": "11.15.1.2318",
    "1.9-latest": "12.16.1.1938",
    "1.9-recommended": "12.16.1.1887",
    "1.9.4-latest": "12.17.0.2317",
    "1.9.4-recommended": "12.17.0.2317",
    "1.10-latest": "12.18.0.2000",
    "1.10.2-latest": "12.18.3.2511",
    "1.10.2-recommended": "12.18.3.2511",
    "1.11-latest": "13.19.1.2199",
    "1.11-recommended": "13.19.1.2189",
    "1.11.2-latest": "13.20.1.2588",
    "1.11.2-recommended": "13.20.1.2588",
    "1.12-latest": "14.21.1.2443",
    "1.12-recommended": "14.21.1.2387",
    "1.12.1-latest": "14.22.1.2485",
    "1.12.1-recommended": "14.22.1.2478",
    "1.12.2-latest": "14.23.5.2864",
    "1.12.2-recommended": "14.23.5.2859",
    "1.13.2-latest": "25.0.223",
    "1.14.2-latest": "26.0.63",
    "1.14.3-latest": "27.0.60",
    "1.14.4-latest": "28.2.28",
    "1.14.4-recommended": "28.2.26",
    "1.15-latest": "29.0.4",
    "1.15.1-latest": "30.0.51",
    "1.15.2-latest": "31.2.60",
    "1.15.2-recommended": "31.2.57",
    "1.16.1-latest": "32.0.108",
    "1.16.2-latest": "33.0.61",
    "1.16.3-latest": "34.1.42",
    "1.16.3-recommended": "34.1.0",
    "1.16.4-latest": "35.1.37",
    "1.16.4-recommended": "35.1.4",
    "1.16.5-latest": "36.2.42",
    "1.16.5-recommended": "36.2.34",
    "1.17.1-latest": "37.1.1",
    "1.17.1-recommended": "37.1.1",
    "1.18-latest": "38.0.17",
    "1.18.1-latest": "39.1.2",
    "1.18.1-recommended": "39.1.0",
    "1.18.2-recommended": "40.3.0",
    "1.18.2-latest": "40.3.12",
    "1.19-latest": "41.1.0",
    "1.19-recommended": "41.1.0",
    "1.19.1-latest": "42.0.9",
    "1.19.2-recommended": "43.5.0",
    "1.19.2-latest": "43.5.2",
    "1.19.3-latest": "44.1.23",
    "1.19.3-recommended": "44.1.0",
    "1.19.4-recommended": "45.4.0",
    "1.19.4-latest": "45.4.3",
    "1.20-latest": "46.0.14",
    "1.20.1-recommended": "47.4.10",
    "1.20.1-latest": "47.4.13",
    "1.20.2-latest": "48.1.0",
    "1.20.2-recommended": "48.1.0",
    "1.20.3-latest": "49.0.2",
    "1.20.4-latest": "49.2.4",
    "1.20.4-recommended": "49.2.0",
    "1.20.6-latest": "50.2.4",
    "1.20.6-recommended": "50.2.0",
    "1.21-latest": "51.0.33",
    "1.21.1-latest": "52.1.8",
    "1.21.1-recommended": "52.1.0",
    "1.21.3-latest": "53.1.6",
    "1.21.3-recommended": "53.1.0",
    "1.21.4-latest": "54.1.11",
    "1.21.4-recommended": "54.1.0",
    "1.21.5-latest": "55.1.4",
    "1.21.5-recommended": "55.1.0",
    "1.21.6-latest": "56.0.9",
    "1.21.7-latest": "57.0.3",
    "1.21.8-latest": "58.1.11",
    "1.21.8-recommended": "58.1.0",
    "1.21.9-latest": "59.0.5",
    "1.21.10-latest": "60.1.5",
    "1.21.10-recommended": "60.1.0",
    "1.21.11-latest": "61.0.5"
  }
}
[05Jan2026 18:39:24.850] [Forge Version Check/INFO] [net.minecraftforge.fml.VersionChecker/]: [forge] Found status: OUTDATED Current: 47.3.7 Target: 47.4.10
[05Jan2026 18:39:28.704] [main/INFO] [com.mojang.authlib.yggdrasil.YggdrasilAuthenticationService/]: Environment: authHost='https://authserver.mojang.com', accountsHost='https://api.mojang.com', sessionHost='https://sessionserver.mojang.com', servicesHost='https://api.minecraftservices.com', name='PROD'
[05Jan2026 18:39:33.026] [main/WARN] [net.minecraft.server.packs.VanillaPackResourcesBuilder/]: Assets URL 'union:/workspaces/shoshigam/servidor_minecraft/libraries/net/minecraft/server/1.20.1-20230612.114412/server-1.20.1-20230612.114412-srg.jar%23145!/assets/.mcassetsroot' uses unexpected schema
[05Jan2026 18:39:33.026] [main/WARN] [net.minecraft.server.packs.VanillaPackResourcesBuilder/]: Assets URL 'union:/workspaces/shoshigam/servidor_minecraft/libraries/net/minecraft/server/1.20.1-20230612.114412/server-1.20.1-20230612.114412-srg.jar%23145!/data/.mcassetsroot' uses unexpected schema
[05Jan2026 18:39:33.136] [main/DEBUG] [net.minecraftforge.server.ServerLifecycleHooks/CORE]: Generating PackInfo named mod:tconstruct for mod file /workspaces/shoshigam/servidor_minecraft/mods/TConstruct-1.20.1-3.10.2.92.jar
[05Jan2026 18:39:33.136] [main/DEBUG] [net.minecraftforge.server.ServerLifecycleHooks/CORE]: Generating PackInfo named mod:farmersdelight for mod file /workspaces/shoshigam/servidor_minecraft/mods/FarmersDelight-1.20.1-1.2.9.jar
[05Jan2026 18:39:33.137] [main/DEBUG] [net.minecraftforge.server.ServerLifecycleHooks/CORE]: Generating PackInfo named mod:trade_cycling for mod file /workspaces/shoshigam/servidor_minecraft/mods/trade-cycling-forge-1.20.1-1.0.18.jar
[05Jan2026 18:39:33.137] [main/DEBUG] [net.minecraftforge.server.ServerLifecycleHooks/CORE]: Generating PackInfo named mod:mowziesmobs for mod file /workspaces/shoshigam/servidor_minecraft/mods/mowziesmobs-1.7.3.jar
[05Jan2026 18:39:33.137] [main/DEBUG] [net.minecraftforge.server.ServerLifecycleHooks/CORE]: Generating PackInfo named mod:geckolib for mod file /workspaces/shoshigam/servidor_minecraft/mods/geckolib-forge-1.20.1-4.4.2.jar
[05Jan2026 18:39:33.137] [main/DEBUG] [net.minecraftforge.server.ServerLifecycleHooks/CORE]: Generating PackInfo named mod:do_a_barrel_roll for mod file /workspaces/shoshigam/servidor_minecraft/mods/do_a_barrel_roll-forge-3.5.6+1.20.1.jar
[05Jan2026 18:39:33.138] [main/DEBUG] [net.minecraftforge.server.ServerLifecycleHooks/CORE]: Generating PackInfo named mod:chunky for mod file /workspaces/shoshigam/servidor_minecraft/mods/Chunky-1.3.146.jar
[05Jan2026 18:39:33.138] [main/DEBUG] [net.minecraftforge.server.ServerLifecycleHooks/CORE]: Generating PackInfo named mod:jei for mod file /workspaces/shoshigam/servidor_minecraft/mods/jei-1.20.1-forge-15.20.0.112.jar
[05Jan2026 18:39:33.138] [main/DEBUG] [net.minecraftforge.server.ServerLifecycleHooks/CORE]: Generating PackInfo named mod:sophisticatedcore for mod file /workspaces/shoshigam/servidor_minecraft/mods/sophisticatedcore-1.20.1-1.2.109.1270.jar
[05Jan2026 18:39:33.138] [main/DEBUG] [net.minecraftforge.server.ServerLifecycleHooks/CORE]: Generating PackInfo named mod:mantle for mod file /workspaces/shoshigam/servidor_minecraft/mods/Mantle-1.20.1-1.11.79.jar
[05Jan2026 18:39:33.139] [main/DEBUG] [net.minecraftforge.server.ServerLifecycleHooks/CORE]: Generating PackInfo named mod:xaerominimap for mod file /workspaces/shoshigam/servidor_minecraft/mods/Xaeros_Minimap_25.2.10_Forge_1.20.jar
[05Jan2026 18:39:33.139] [main/DEBUG] [net.minecraftforge.server.ServerLifecycleHooks/CORE]: Generating PackInfo named mod:xaeroworldmap for mod file /workspaces/shoshigam/servidor_minecraft/mods/XaerosWorldMap_1.39.12_Forge_1.20.jar
[05Jan2026 18:39:33.139] [main/DEBUG] [net.minecraftforge.server.ServerLifecycleHooks/CORE]: Generating PackInfo named mod:securitycraft for mod file /workspaces/shoshigam/servidor_minecraft/mods/[1.20.1] SecurityCraft v1.10.1.jar
[05Jan2026 18:39:33.139] [main/DEBUG] [net.minecraftforge.server.ServerLifecycleHooks/CORE]: Generating PackInfo named mod:mixinextras for mod file 
[05Jan2026 18:39:33.139] [main/DEBUG] [net.minecraftforge.server.ServerLifecycleHooks/CORE]: Generating PackInfo named mod:sophisticatedbackpacks for mod file /workspaces/shoshigam/servidor_minecraft/mods/sophisticatedbackpacks-1.20.1-3.24.13.1433.jar
[05Jan2026 18:39:33.140] [main/DEBUG] [net.minecraftforge.server.ServerLifecycleHooks/CORE]: Generating PackInfo named mod:coroutil for mod file /workspaces/shoshigam/servidor_minecraft/mods/coroutil-forge-1.20.1-1.3.7.jar
[05Jan2026 18:39:33.140] [main/DEBUG] [net.minecraftforge.server.ServerLifecycleHooks/CORE]: Generating PackInfo named mod:carryon for mod file /workspaces/shoshigam/servidor_minecraft/mods/carryon-forge-1.20.1-2.1.2.7.jar
[05Jan2026 18:39:33.140] [main/DEBUG] [net.minecraftforge.server.ServerLifecycleHooks/CORE]: Generating PackInfo named mod:betterf3 for mod file /workspaces/shoshigam/servidor_minecraft/mods/BetterF3-7.0.2-Forge-1.20.1.jar
[05Jan2026 18:39:33.140] [main/DEBUG] [net.minecraftforge.server.ServerLifecycleHooks/CORE]: Generating PackInfo named mod:watut for mod file /workspaces/shoshigam/servidor_minecraft/mods/watut-forge-1.20.1-1.2.3.jar
[05Jan2026 18:39:33.141] [main/DEBUG] [net.minecraftforge.server.ServerLifecycleHooks/CORE]: Generating PackInfo named mod:cloth_config for mod file /workspaces/shoshigam/servidor_minecraft/mods/cloth-config-11.1.136-forge.jar
[05Jan2026 18:39:33.142] [main/DEBUG] [net.minecraftforge.server.ServerLifecycleHooks/CORE]: Generating PackInfo named mod:voicechat for mod file /workspaces/shoshigam/servidor_minecraft/mods/voicechat-forge-1.20.1-2.6.6.jar
[05Jan2026 18:39:33.142] [main/DEBUG] [net.minecraftforge.server.ServerLifecycleHooks/CORE]: Generating PackInfo named mod:forge for mod file /workspaces/shoshigam/servidor_minecraft/libraries/net/minecraftforge/forge/1.20.1-47.3.7/forge-1.20.1-47.3.7-universal.jar
[05Jan2026 18:39:33.142] [main/DEBUG] [net.minecraftforge.server.ServerLifecycleHooks/CORE]: Generating PackInfo named mod:zeta for mod file /workspaces/shoshigam/servidor_minecraft/mods/Zeta-1.0-28.jar
[05Jan2026 18:39:33.143] [main/DEBUG] [net.minecraftforge.server.ServerLifecycleHooks/CORE]: Generating PackInfo named mod:quark for mod file /workspaces/shoshigam/servidor_minecraft/mods/Quark-4.0-462.jar
[05Jan2026 18:39:33.143] [main/DEBUG] [net.minecraftforge.server.ServerLifecycleHooks/CORE]: Generating PackInfo named mod:embeddium for mod file /workspaces/shoshigam/servidor_minecraft/mods/embeddium-0.3.31+mc1.20.1.jar
[05Jan2026 18:39:33.143] [main/DEBUG] [net.minecraftforge.server.ServerLifecycleHooks/CORE]: Generating PackInfo named mod:ironchest for mod file /workspaces/shoshigam/servidor_minecraft/mods/ironchest-1.20.1-14.4.4.jar
[05Jan2026 18:39:33.715] [main/DEBUG] [mixin/]: Mixing OverworldBiomeBuilderMixin from quark.mixins.json into net.minecraft.world.level.biome.OverworldBiomeBuilder
[05Jan2026 18:39:33.956] [main/DEBUG] [mixin/]: Mixing CommandManagerMixin from do_a_barrel_roll.mixins.json into net.minecraft.commands.Commands
[05Jan2026 18:39:34.074] [main/DEBUG] [net.minecraftforge.coremod.transformer.CoreModBaseTransformer/COREMOD]: Transforming net/minecraft/server/commands/SummonCommand
[05Jan2026 18:39:34.315] [main/DEBUG] [mixin/]: Mixing ServerAdvancementManagerMixin from quark.mixins.json into net.minecraft.server.ServerAdvancementManager
[05Jan2026 18:39:34.975] [Worker-Main-2/DEBUG] [net.minecraftforge.coremod.transformer.CoreModBaseTransformer/COREMOD]: Transforming net/minecraft/world/entity/raid/Raid
[05Jan2026 18:39:35.294] [Worker-Main-3/INFO] [Mantle/]: Loaded 20 loot table injectors injecting into 18 tables in 26.24444 ms
[05Jan2026 18:39:35.300] [Worker-Main-2/DEBUG] [Mantle/]: Injecting into 1 pools in the table minecraft:chests/bastion_treasure
[05Jan2026 18:39:35.343] [Worker-Main-2/DEBUG] [Mantle/]: Injecting into 1 pools in the table minecraft:chests/nether_bridge
[05Jan2026 18:39:35.372] [Worker-Main-2/DEBUG] [Mantle/]: Injecting into 1 pools in the table minecraft:gameplay/hero_of_the_village/toolsmith_gift
[05Jan2026 18:39:35.389] [Worker-Main-2/DEBUG] [Mantle/]: Injecting into 1 pools in the table minecraft:chests/igloo_chest
[05Jan2026 18:39:35.405] [Worker-Main-2/DEBUG] [Mantle/]: Injecting into 1 pools in the table minecraft:gameplay/fishing/treasure
[05Jan2026 18:39:35.415] [Worker-Main-2/DEBUG] [Mantle/]: Injecting into 1 pools in the table minecraft:gameplay/hero_of_the_village/weaponsmith_gift
[05Jan2026 18:39:35.422] [Worker-Main-2/DEBUG] [Mantle/]: Injecting into 1 pools in the table minecraft:chests/end_city_treasure
[05Jan2026 18:39:35.438] [Worker-Main-2/DEBUG] [Mantle/]: Injecting into 2 pools in the table minecraft:chests/simple_dungeon
[05Jan2026 18:39:35.445] [Worker-Main-2/DEBUG] [Mantle/]: Injecting into 1 pools in the table minecraft:chests/ruined_portal
[05Jan2026 18:39:35.472] [Worker-Main-2/DEBUG] [Mantle/]: Injecting into 1 pools in the table minecraft:chests/abandoned_mineshaft
[05Jan2026 18:39:35.473] [Worker-Main-2/DEBUG] [Mantle/]: Injecting into 1 pools in the table minecraft:chests/shipwreck_treasure
[05Jan2026 18:39:35.497] [Worker-Main-2/DEBUG] [Mantle/]: Injecting into 2 pools in the table minecraft:chests/spawn_bonus_chest
[05Jan2026 18:39:35.502] [Worker-Main-2/DEBUG] [Mantle/]: Injecting into 1 pools in the table minecraft:chests/buried_treasure
[05Jan2026 18:39:35.509] [Worker-Main-2/DEBUG] [Mantle/]: Injecting into 1 pools in the table minecraft:gameplay/piglin_bartering
[05Jan2026 18:39:35.522] [Worker-Main-2/DEBUG] [Mantle/]: Injecting into 1 pools in the table minecraft:chests/bastion_bridge
[05Jan2026 18:39:35.528] [Worker-Main-2/DEBUG] [Mantle/]: Injecting into 1 pools in the table minecraft:chests/pillager_outpost
[05Jan2026 18:39:35.559] [Worker-Main-2/DEBUG] [Mantle/]: Injecting into 1 pools in the table minecraft:chests/bastion_other
[05Jan2026 18:39:35.563] [Worker-Main-2/DEBUG] [Mantle/]: Injecting into 1 pools in the table minecraft:chests/woodland_mansion
[05Jan2026 18:39:35.625] [main/DEBUG] [mixin/]: Mixing EnchantmentHelperMixin from quark.mixins.json into net.minecraft.world.item.enchantment.EnchantmentHelper
[05Jan2026 18:39:35.745] [main/INFO] [net.minecraft.world.item.crafting.RecipeManager/]: Skipping loading recipe tconstruct:smeltery/alloys/molten_pewter as it's serializer returned null
[05Jan2026 18:39:35.874] [main/INFO] [net.minecraft.world.item.crafting.RecipeManager/]: Loaded 22 recipes
[05Jan2026 18:39:35.978] [main/INFO] [quark/]: [Automatic Recipe Unlock] Removed 2571 recipe advancements
[05Jan2026 18:39:35.995] [main/INFO] [net.minecraft.advancements.AdvancementList/]: Loaded 218 advancements
[05Jan2026 18:39:36.002] [main/DEBUG] [slimeknights.tconstruct.library.materials.definition.MaterialManager/]: Skipped loading material tconstruct:silver as it did not match the condition
[05Jan2026 18:39:36.003] [main/DEBUG] [slimeknights.tconstruct.library.materials.definition.MaterialManager/]: Skipped loading material tconstruct:pewter as it did not match the condition
[05Jan2026 18:39:36.003] [main/DEBUG] [slimeknights.tconstruct.library.materials.definition.MaterialManager/]: Skipped loading material tconstruct:bronze as it did not match the condition
[05Jan2026 18:39:36.003] [main/DEBUG] [slimeknights.tconstruct.library.materials.definition.MaterialManager/]: Skipped loading material tconstruct:invar as it did not match the condition
[05Jan2026 18:39:36.004] [main/DEBUG] [slimeknights.tconstruct.library.materials.definition.MaterialManager/]: Skipped loading material tconstruct:platinum as it did not match the condition
[05Jan2026 18:39:36.004] [main/DEBUG] [slimeknights.tconstruct.library.materials.definition.MaterialManager/]: Skipped loading material tconstruct:necronium as it did not match the condition
[05Jan2026 18:39:36.004] [main/DEBUG] [slimeknights.tconstruct.library.materials.definition.MaterialManager/]: Skipped loading material tconstruct:plated_slimewood as it did not match the condition
[05Jan2026 18:39:36.004] [main/DEBUG] [slimeknights.tconstruct.library.materials.definition.MaterialManager/]: Skipped loading material tconstruct:constantan as it did not match the condition
[05Jan2026 18:39:36.005] [main/DEBUG] [slimeknights.tconstruct.library.materials.definition.MaterialManager/]: Redirecting material tconstruct:chain to tconstruct:rose_gold
[05Jan2026 18:39:36.007] [main/DEBUG] [slimeknights.tconstruct.library.materials.definition.MaterialManager/]: Skipped loading material tconstruct:electrum as it did not match the condition
[05Jan2026 18:39:36.007] [main/DEBUG] [slimeknights.tconstruct.library.materials.definition.MaterialManager/]: Redirecting material tconstruct:bloodbone to tconstruct:venombone
[05Jan2026 18:39:36.008] [main/DEBUG] [slimeknights.tconstruct.library.materials.definition.MaterialManager/]: Skipped loading material tconstruct:osmium as it did not match the condition
[05Jan2026 18:39:36.008] [main/DEBUG] [slimeknights.tconstruct.library.materials.definition.MaterialManager/]: Skipped loading material tconstruct:lead as it did not match the condition
[05Jan2026 18:39:36.008] [main/DEBUG] [slimeknights.tconstruct.library.materials.definition.MaterialManager/]: Skipped loading material tconstruct:aluminum as it did not match the condition
[05Jan2026 18:39:36.008] [main/DEBUG] [slimeknights.tconstruct.library.materials.definition.MaterialManager/]: Skipped loading material tconstruct:tungsten as it did not match the condition
[05Jan2026 18:39:36.008] [main/DEBUG] [slimeknights.tconstruct.library.materials.definition.MaterialManager/]: Skipped loading material tconstruct:treated_wood as it did not match the condition
[05Jan2026 18:39:36.009] [main/DEBUG] [slimeknights.tconstruct.library.materials.definition.MaterialManager/]: Loaded materials: 
	tconstruct:slimeskin
	tconstruct:queens_slime
	tconstruct:twisting_vine
	tconstruct:honey
	tconstruct:copper
	tconstruct:phantom
	tconstruct:scorched_stone
	tconstruct:chorus
	tconstruct:whitestone
	tconstruct:ichorskin
	tconstruct:skyslime_vine
	tconstruct:obsidian
	tconstruct:steel
	tconstruct:amethyst_bronze
	tconstruct:ancient_hide
	tconstruct:hepatizon
	tconstruct:blood
	tconstruct:clay
	tconstruct:nahuatl
	tconstruct:wood
	tconstruct:ender_pearl
	tconstruct:pig_iron
	tconstruct:string
	tconstruct:ichor
	tconstruct:darkthread
	tconstruct:vine
	tconstruct:slimewood
	tconstruct:blazing_bone
	tconstruct:bone
	tconstruct:cinderslime
	tconstruct:venombone
	tconstruct:flint
	tconstruct:iron
	tconstruct:rotten_flesh
	tconstruct:necrotic_bone
	tconstruct:ancient
	tconstruct:enderslime_vine
	tconstruct:rose_gold
	tconstruct:glass
	tconstruct:seared_stone
	tconstruct:blazewood
	tconstruct:manyullyn
	tconstruct:ice
	tconstruct:magma
	tconstruct:weeping_vine
	tconstruct:gold
	tconstruct:bamboo
	tconstruct:rock
	tconstruct:earthslime
	tconstruct:cactus
	tconstruct:enderslime
	tconstruct:skyslime
	tconstruct:slimesteel
	tconstruct:cobalt
	tconstruct:leather
[05Jan2026 18:39:36.010] [main/DEBUG] [slimeknights.tconstruct.library.materials.definition.MaterialManager/]: Loaded redirects: 
	tconstruct:bloodbone
	tconstruct:chain
[05Jan2026 18:39:36.010] [main/INFO] [slimeknights.tconstruct.library.materials.definition.MaterialManager/]: Loaded 55 materials in 11.956756 ms
[05Jan2026 18:39:36.015] [main/INFO] [slimeknights.tconstruct.library.materials.definition.MaterialManager/]: Loaded 9 material tags for 39 materials in 5.27613 ms
[05Jan2026 18:39:36.028] [main/DEBUG] [slimeknights.tconstruct.library.materials.stats.MaterialStatsManager/]: Loaded stats for materials:
	tconstruct:silver - [tconstruct:plating_leggings, tconstruct:maille, tconstruct:handle, tconstruct:plating_shield, tconstruct:head, tconstruct:limb, tconstruct:plating_boots, tconstruct:plating_helmet, tconstruct:grip, tconstruct:binding, tconstruct:plating_chestplate]
	tconstruct:slimeskin - [tconstruct:maille, tconstruct:repair_kit, tconstruct:bowstring, tconstruct:cuirass]
	tconstruct:twisting_vine - [tconstruct:maille, tconstruct:bowstring, tconstruct:binding]
	tconstruct:queens_slime - [tconstruct:plating_leggings, tconstruct:maille, tconstruct:handle, tconstruct:plating_shield, tconstruct:head, tconstruct:limb, tconstruct:plating_boots, tconstruct:plating_helmet, tconstruct:grip, tconstruct:binding, tconstruct:plating_chestplate]
	tconstruct:honey - []
	tconstruct:scorched_stone - [tconstruct:plating_leggings, tconstruct:maille, tconstruct:handle, tconstruct:plating_shield, tconstruct:head, tconstruct:plating_boots, tconstruct:plating_helmet, tconstruct:binding, tconstruct:plating_chestplate]
	tconstruct:phantom - [tconstruct:repair_kit]
	tconstruct:copper - [tconstruct:plating_leggings, tconstruct:skull, tconstruct:maille, tconstruct:handle, tconstruct:plating_shield, tconstruct:head, tconstruct:limb, tconstruct:plating_boots, tconstruct:plating_helmet, tconstruct:grip, tconstruct:binding, tconstruct:plating_chestplate]
	tconstruct:pewter - [tconstruct:plating_leggings, tconstruct:maille, tconstruct:handle, tconstruct:plating_shield, tconstruct:head, tconstruct:limb, tconstruct:plating_boots, tconstruct:plating_helmet, tconstruct:grip, tconstruct:binding, tconstruct:plating_chestplate]
	tconstruct:whitestone - [tconstruct:handle, tconstruct:head, tconstruct:binding]
	tconstruct:chorus - [tconstruct:handle, tconstruct:shield_core, tconstruct:head, tconstruct:limb, tconstruct:grip, tconstruct:binding]
	tconstruct:ichorskin - [tconstruct:maille, tconstruct:repair_kit, tconstruct:cuirass]
	tconstruct:skyslime_vine - [tconstruct:maille, tconstruct:repair_kit, tconstruct:bowstring, tconstruct:cuirass, tconstruct:binding]
	tconstruct:bronze - [tconstruct:plating_leggings, tconstruct:maille, tconstruct:handle, tconstruct:plating_shield, tconstruct:head, tconstruct:limb, tconstruct:plating_boots, tconstruct:plating_helmet, tconstruct:grip, tconstruct:binding, tconstruct:plating_chestplate]
	tconstruct:obsidian - [tconstruct:plating_leggings, tconstruct:maille, tconstruct:plating_shield, tconstruct:plating_boots, tconstruct:plating_helmet, tconstruct:plating_chestplate]
	tconstruct:steel - [tconstruct:plating_leggings, tconstruct:maille, tconstruct:handle, tconstruct:plating_shield, tconstruct:head, tconstruct:limb, tconstruct:plating_boots, tconstruct:plating_helmet, tconstruct:grip, tconstruct:binding, tconstruct:plating_chestplate]
	tconstruct:invar - [tconstruct:plating_leggings, tconstruct:maille, tconstruct:handle, tconstruct:plating_shield, tconstruct:head, tconstruct:limb, tconstruct:plating_boots, tconstruct:plating_helmet, tconstruct:grip, tconstruct:binding, tconstruct:plating_chestplate]
	tconstruct:amethyst_bronze - [tconstruct:plating_leggings, tconstruct:maille, tconstruct:handle, tconstruct:plating_shield, tconstruct:head, tconstruct:limb, tconstruct:plating_boots, tconstruct:plating_helmet, tconstruct:grip, tconstruct:binding, tconstruct:plating_chestplate]
	tconstruct:ancient_hide - [tconstruct:maille, tconstruct:repair_kit, tconstruct:bowstring, tconstruct:cuirass, tconstruct:binding]
	tconstruct:hepatizon - [tconstruct:plating_leggings, tconstruct:maille, tconstruct:handle, tconstruct:plating_shield, tconstruct:head, tconstruct:limb, tconstruct:plating_boots, tconstruct:plating_helmet, tconstruct:grip, tconstruct:binding, tconstruct:plating_chestplate]
	tconstruct:blood - []
	tconstruct:clay - []
	tconstruct:wood - [tconstruct:handle, tconstruct:shield_core, tconstruct:head, tconstruct:limb, tconstruct:grip, tconstruct:binding]
	tconstruct:nahuatl - [tconstruct:handle, tconstruct:shield_core, tconstruct:head, tconstruct:limb, tconstruct:grip, tconstruct:binding]
	tconstruct:pig_iron - [tconstruct:plating_leggings, tconstruct:skull, tconstruct:maille, tconstruct:handle, tconstruct:plating_shield, tconstruct:head, tconstruct:plating_boots, tconstruct:plating_helmet, tconstruct:binding, tconstruct:plating_chestplate]
	tconstruct:ender_pearl - [tconstruct:skull]
	tconstruct:platinum - [tconstruct:handle, tconstruct:head, tconstruct:limb, tconstruct:grip, tconstruct:binding]
	tconstruct:string - [tconstruct:skull, tconstruct:bowstring, tconstruct:binding]
	tconstruct:necronium - [tconstruct:handle, tconstruct:head, tconstruct:limb, tconstruct:grip, tconstruct:binding]
	tconstruct:ichor - []
	tconstruct:darkthread - [tconstruct:skull, tconstruct:bowstring, tconstruct:binding]
	tconstruct:vine - [tconstruct:maille, tconstruct:bowstring, tconstruct:binding]
	tconstruct:slimewood - [tconstruct:handle, tconstruct:shield_core, tconstruct:head, tconstruct:limb, tconstruct:grip, tconstruct:binding]
	tconstruct:blazing_bone - [tconstruct:skull, tconstruct:handle, tconstruct:head, tconstruct:limb, tconstruct:grip, tconstruct:binding]
	tconstruct:plated_slimewood - [tconstruct:handle, tconstruct:head, tconstruct:limb, tconstruct:grip, tconstruct:binding]
	tconstruct:bone - [tconstruct:skull, tconstruct:handle, tconstruct:head, tconstruct:limb, tconstruct:grip, tconstruct:binding]
	tconstruct:cinderslime - [tconstruct:plating_leggings, tconstruct:maille, tconstruct:handle, tconstruct:plating_shield, tconstruct:head, tconstruct:limb, tconstruct:plating_boots, tconstruct:plating_helmet, tconstruct:grip, tconstruct:binding, tconstruct:plating_chestplate]
	tconstruct:constantan - [tconstruct:plating_leggings, tconstruct:maille, tconstruct:handle, tconstruct:plating_shield, tconstruct:head, tconstruct:limb, tconstruct:plating_boots, tconstruct:plating_helmet, tconstruct:grip, tconstruct:binding, tconstruct:plating_chestplate]
	tconstruct:venombone - [tconstruct:skull, tconstruct:handle, tconstruct:head, tconstruct:limb, tconstruct:grip, tconstruct:binding]
	tconstruct:iron - [tconstruct:plating_leggings, tconstruct:skull, tconstruct:maille, tconstruct:handle, tconstruct:plating_shield, tconstruct:head, tconstruct:limb, tconstruct:plating_boots, tconstruct:plating_helmet, tconstruct:grip, tconstruct:binding, tconstruct:plating_chestplate]
	tconstruct:flint - [tconstruct:handle, tconstruct:head, tconstruct:binding]
	tconstruct:rotten_flesh - [tconstruct:skull]
	tconstruct:necrotic_bone - [tconstruct:skull, tconstruct:handle, tconstruct:head, tconstruct:limb, tconstruct:grip, tconstruct:binding]
	tconstruct:rose_gold - [tconstruct:skull, tconstruct:limb, tconstruct:plating_helmet, tconstruct:grip, tconstruct:plating_leggings, tconstruct:maille, tconstruct:handle, tconstruct:bowstring, tconstruct:plating_shield, tconstruct:head, tconstruct:plating_boots, tconstruct:binding, tconstruct:plating_chestplate]
	tconstruct:enderslime_vine - [tconstruct:maille, tconstruct:repair_kit, tconstruct:bowstring, tconstruct:cuirass, tconstruct:binding]
	tconstruct:electrum - [tconstruct:plating_leggings, tconstruct:maille, tconstruct:handle, tconstruct:plating_shield, tconstruct:head, tconstruct:limb, tconstruct:plating_boots, tconstruct:plating_helmet, tconstruct:grip, tconstruct:binding, tconstruct:plating_chestplate]
	tconstruct:ancient - [tconstruct:plating_leggings, tconstruct:plating_shield, tconstruct:head, tconstruct:limb, tconstruct:plating_boots, tconstruct:plating_helmet, tconstruct:plating_chestplate]
	tconstruct:seared_stone - [tconstruct:plating_leggings, tconstruct:maille, tconstruct:handle, tconstruct:plating_shield, tconstruct:head, tconstruct:plating_boots, tconstruct:plating_helmet, tconstruct:binding, tconstruct:plating_chestplate]
	tconstruct:glass - [tconstruct:skull]
	tconstruct:osmium - [tconstruct:plating_leggings, tconstruct:maille, tconstruct:handle, tconstruct:plating_shield, tconstruct:head, tconstruct:plating_boots, tconstruct:plating_helmet, tconstruct:binding, tconstruct:plating_chestplate]
	tconstruct:manyullyn - [tconstruct:plating_leggings, tconstruct:maille, tconstruct:handle, tconstruct:plating_shield, tconstruct:head, tconstruct:limb, tconstruct:plating_boots, tconstruct:plating_helmet, tconstruct:grip, tconstruct:binding, tconstruct:plating_chestplate]
	tconstruct:blazewood - [tconstruct:repair_kit, tconstruct:shield_core]
	tconstruct:weeping_vine - [tconstruct:maille, tconstruct:bowstring, tconstruct:binding]
	tconstruct:magma - []
	tconstruct:lead - [tconstruct:plating_leggings, tconstruct:maille, tconstruct:handle, tconstruct:plating_shield, tconstruct:head, tconstruct:limb, tconstruct:plating_boots, tconstruct:plating_helmet, tconstruct:grip, tconstruct:binding, tconstruct:plating_chestplate]
	tconstruct:ice - [tconstruct:repair_kit, tconstruct:shield_core]
	tconstruct:gold - [tconstruct:plating_leggings, tconstruct:skull, tconstruct:maille, tconstruct:plating_shield, tconstruct:plating_boots, tconstruct:plating_helmet, tconstruct:plating_chestplate]
	tconstruct:aluminum - [tconstruct:plating_leggings, tconstruct:maille, tconstruct:plating_shield, tconstruct:limb, tconstruct:plating_boots, tconstruct:plating_helmet, tconstruct:grip, tconstruct:plating_chestplate]
	tconstruct:rock - [tconstruct:handle, tconstruct:head, tconstruct:binding]
	tconstruct:bamboo - [tconstruct:shield_core, tconstruct:limb, tconstruct:grip]
	tconstruct:tungsten - [tconstruct:plating_leggings, tconstruct:maille, tconstruct:handle, tconstruct:plating_shield, tconstruct:head, tconstruct:limb, tconstruct:plating_boots, tconstruct:plating_helmet, tconstruct:grip, tconstruct:binding, tconstruct:plating_chestplate]
	tconstruct:earthslime - []
	tconstruct:cactus - [tconstruct:repair_kit, tconstruct:shield_core]
	tconstruct:skyslime - []
	tconstruct:enderslime - [tconstruct:repair_kit]
	tconstruct:treated_wood - [tconstruct:handle, tconstruct:shield_core, tconstruct:head, tconstruct:limb, tconstruct:grip, tconstruct:binding]
	tconstruct:slimesteel - [tconstruct:plating_leggings, tconstruct:maille, tconstruct:handle, tconstruct:plating_shield, tconstruct:head, tconstruct:limb, tconstruct:plating_boots, tconstruct:plating_helmet, tconstruct:grip, tconstruct:binding, tconstruct:plating_chestplate]
	tconstruct:cobalt - [tconstruct:plating_leggings, tconstruct:maille, tconstruct:handle, tconstruct:plating_shield, tconstruct:head, tconstruct:limb, tconstruct:plating_boots, tconstruct:plating_helmet, tconstruct:grip, tconstruct:binding, tconstruct:plating_chestplate]
	tconstruct:leather - [tconstruct:maille, tconstruct:repair_kit, tconstruct:bowstring, tconstruct:cuirass, tconstruct:binding]
[05Jan2026 18:39:36.030] [main/INFO] [slimeknights.tconstruct.library.materials.stats.MaterialStatsManager/]: 412 stats loaded for 69 materials in 13.958022 ms
[05Jan2026 18:39:36.038] [main/DEBUG] [slimeknights.tconstruct.library.materials.traits.MaterialTraitsManager/]: Loaded traits for material 'tconstruct:silver': 
	Default - []
	tconstruct:ranged - [ModifierEntry{tconstruct:holy,level=1}]
	tconstruct:armor - [ModifierEntry{tconstruct:consecrated,level=1}]
	tconstruct:melee_harvest - [ModifierEntry{tconstruct:smite,level=1}]
	tconstruct:shield_core - [ModifierEntry{tconstruct:consecrated,level=1}]
	tconstruct:limb - [ModifierEntry{tconstruct:holy,level=1}]
	tconstruct:plating_helmet - [ModifierEntry{tconstruct:consecrated,level=1}]
	tconstruct:grip - [ModifierEntry{tconstruct:holy,level=1}]
	tconstruct:plating_leggings - [ModifierEntry{tconstruct:consecrated,level=1}]
	tconstruct:maille - [ModifierEntry{tconstruct:consecrated,level=1}]
	tconstruct:handle - [ModifierEntry{tconstruct:smite,level=1}]
	tconstruct:bowstring - [ModifierEntry{tconstruct:holy,level=1}]
	tconstruct:plating_shield - [ModifierEntry{tconstruct:consecrated,level=1}]
	tconstruct:head - [ModifierEntry{tconstruct:smite,level=1}]
	tconstruct:plating_boots - [ModifierEntry{tconstruct:consecrated,level=1}]
	tconstruct:cuirass - [ModifierEntry{tconstruct:consecrated,level=1}]
	tconstruct:binding - [ModifierEntry{tconstruct:smite,level=1}]
	tconstruct:plating_chestplate - [ModifierEntry{tconstruct:consecrated,level=1}]
[05Jan2026 18:39:36.038] [main/DEBUG] [slimeknights.tconstruct.library.materials.traits.MaterialTraitsManager/]: Loaded traits for material 'tconstruct:slimeskin': 
	Default - [ModifierEntry{tconstruct:overgrowth,level=1}, ModifierEntry{tconstruct:overslime,level=1}]
	
[05Jan2026 18:39:36.038] [main/DEBUG] [slimeknights.tconstruct.library.materials.traits.MaterialTraitsManager/]: Loaded traits for material 'tconstruct:twisting_vine': 
	Default - [ModifierEntry{tconstruct:entangled,level=1}]
	
[05Jan2026 18:39:36.038] [main/DEBUG] [slimeknights.tconstruct.library.materials.traits.MaterialTraitsManager/]: Loaded traits for material 'tconstruct:queens_slime': 
	Default - [ModifierEntry{tconstruct:overlord,level=1}, ModifierEntry{tconstruct:overslime,level=1}]
	
[05Jan2026 18:39:36.038] [main/DEBUG] [slimeknights.tconstruct.library.materials.traits.MaterialTraitsManager/]: Loaded traits for material 'tconstruct:honey': 
	Default - []
	
[05Jan2026 18:39:36.038] [main/DEBUG] [slimeknights.tconstruct.library.materials.traits.MaterialTraitsManager/]: Loaded traits for material 'tconstruct:scorched_stone': 
	Default - [ModifierEntry{tconstruct:scorching,level=1}]
	tconstruct:armor - [ModifierEntry{tconstruct:scorch_protection,level=1}]
	tconstruct:shield_core - [ModifierEntry{tconstruct:scorch_protection,level=1}]
	tconstruct:plating_helmet - [ModifierEntry{tconstruct:scorch_protection,level=1}]
	tconstruct:plating_leggings - [ModifierEntry{tconstruct:scorch_protection,level=1}]
	tconstruct:maille - [ModifierEntry{tconstruct:scorch_protection,level=1}]
	tconstruct:plating_shield - [ModifierEntry{tconstruct:scorch_protection,level=1}]
	tconstruct:plating_boots - [ModifierEntry{tconstruct:scorch_protection,level=1}]
	tconstruct:cuirass - [ModifierEntry{tconstruct:scorch_protection,level=1}]
	tconstruct:plating_chestplate - [ModifierEntry{tconstruct:scorch_protection,level=1}]
[05Jan2026 18:39:36.038] [main/DEBUG] [slimeknights.tconstruct.library.materials.traits.MaterialTraitsManager/]: Loaded traits for material 'tconstruct:phantom': 
	Default - []
	
[05Jan2026 18:39:36.038] [main/DEBUG] [slimeknights.tconstruct.library.materials.traits.MaterialTraitsManager/]: Loaded traits for material 'tconstruct:copper': 
	Default - [ModifierEntry{tconstruct:dwarven,level=1}]
	tconstruct:armor - [ModifierEntry{tconstruct:depth_protection,level=1}]
	tconstruct:skull - [ModifierEntry{tconstruct:breathtaking,level=1}, ModifierEntry{tconstruct:drowned_disguise,level=1}]
	tconstruct:shield_core - [ModifierEntry{tconstruct:depth_protection,level=1}]
	tconstruct:plating_helmet - [ModifierEntry{tconstruct:depth_protection,level=1}]
	tconstruct:plating_leggings - [ModifierEntry{tconstruct:depth_protection,level=1}]
	tconstruct:maille - [ModifierEntry{tconstruct:depth_protection,level=1}]
	tconstruct:plating_shield - [ModifierEntry{tconstruct:depth_protection,level=1}]
	tconstruct:plating_boots - [ModifierEntry{tconstruct:depth_protection,level=1}]
	tconstruct:cuirass - [ModifierEntry{tconstruct:depth_protection,level=1}]
	tconstruct:plating_chestplate - [ModifierEntry{tconstruct:depth_protection,level=1}]
[05Jan2026 18:39:36.038] [main/DEBUG] [slimeknights.tconstruct.library.materials.traits.MaterialTraitsManager/]: Loaded traits for material 'tconstruct:pewter': 
	Default - [ModifierEntry{tconstruct:raging,level=1}]
	tconstruct:armor - [ModifierEntry{tconstruct:vital_protection,level=1}]
	tconstruct:shield_core - [ModifierEntry{tconstruct:vital_protection,level=1}]
	tconstruct:plating_helmet - [ModifierEntry{tconstruct:vital_protection,level=1}]
	tconstruct:plating_leggings - [ModifierEntry{tconstruct:vital_protection,level=1}]
	tconstruct:maille - [ModifierEntry{tconstruct:vital_protection,level=1}]
	tconstruct:plating_shield - [ModifierEntry{tconstruct:vital_protection,level=1}]
	tconstruct:plating_boots - [ModifierEntry{tconstruct:vital_protection,level=1}]
	tconstruct:cuirass - [ModifierEntry{tconstruct:vital_protection,level=1}]
	tconstruct:plating_chestplate - [ModifierEntry{tconstruct:vital_protection,level=1}]
[05Jan2026 18:39:36.039] [main/DEBUG] [slimeknights.tconstruct.library.materials.traits.MaterialTraitsManager/]: Loaded traits for material 'tconstruct:whitestone': 
	Default - [ModifierEntry{tconstruct:stoneshield,level=1}]
	
[05Jan2026 18:39:36.039] [main/DEBUG] [slimeknights.tconstruct.library.materials.traits.MaterialTraitsManager/]: Loaded traits for material 'tconstruct:chorus': 
	Default - [ModifierEntry{tconstruct:enderference,level=1}]
	tconstruct:armor - [ModifierEntry{tconstruct:enderclearance,level=1}]
	tconstruct:shield_core - [ModifierEntry{tconstruct:enderclearance,level=1}]
	tconstruct:plating_helmet - [ModifierEntry{tconstruct:enderclearance,level=1}]
	tconstruct:plating_leggings - [ModifierEntry{tconstruct:enderclearance,level=1}]
	tconstruct:maille - [ModifierEntry{tconstruct:enderclearance,level=1}]
	tconstruct:plating_shield - [ModifierEntry{tconstruct:enderclearance,level=1}]
	tconstruct:plating_boots - [ModifierEntry{tconstruct:enderclearance,level=1}]
	tconstruct:cuirass - [ModifierEntry{tconstruct:enderclearance,level=1}]
	tconstruct:plating_chestplate - [ModifierEntry{tconstruct:enderclearance,level=1}]
[05Jan2026 18:39:36.039] [main/DEBUG] [slimeknights.tconstruct.library.materials.traits.MaterialTraitsManager/]: Loaded traits for material 'tconstruct:ichorskin': 
	Default - [ModifierEntry{tconstruct:overshield,level=1}, ModifierEntry{tconstruct:overslime,level=1}]
	
[05Jan2026 18:39:36.039] [main/DEBUG] [slimeknights.tconstruct.library.materials.traits.MaterialTraitsManager/]: Loaded traits for material 'tconstruct:skyslime_vine': 
	Default - [ModifierEntry{tconstruct:airborne,level=1}]
	tconstruct:armor - [ModifierEntry{tconstruct:skyfall,level=1}]
	tconstruct:shield_core - [ModifierEntry{tconstruct:skyfall,level=1}]
	tconstruct:plating_helmet - [ModifierEntry{tconstruct:skyfall,level=1}]
	tconstruct:plating_leggings - [ModifierEntry{tconstruct:skyfall,level=1}]
	tconstruct:maille - [ModifierEntry{tconstruct:skyfall,level=1}]
	tconstruct:plating_shield - [ModifierEntry{tconstruct:skyfall,level=1}]
	tconstruct:plating_boots - [ModifierEntry{tconstruct:skyfall,level=1}]
	tconstruct:cuirass - [ModifierEntry{tconstruct:skyfall,level=1}]
	tconstruct:plating_chestplate - [ModifierEntry{tconstruct:skyfall,level=1}]
[05Jan2026 18:39:36.039] [main/DEBUG] [slimeknights.tconstruct.library.materials.traits.MaterialTraitsManager/]: Loaded traits for material 'tconstruct:bronze': 
	Default - [ModifierEntry{tconstruct:maintained,level=1}]
	
[05Jan2026 18:39:36.039] [main/DEBUG] [slimeknights.tconstruct.library.materials.traits.MaterialTraitsManager/]: Loaded traits for material 'tconstruct:obsidian': 
	Default - []
	tconstruct:armor - [ModifierEntry{tconstruct:blast_protection,level=1}]
	tconstruct:shield_core - [ModifierEntry{tconstruct:blast_protection,level=1}]
	tconstruct:plating_helmet - [ModifierEntry{tconstruct:blast_protection,level=1}]
	tconstruct:plating_leggings - [ModifierEntry{tconstruct:blast_protection,level=1}]
	tconstruct:maille - [ModifierEntry{tconstruct:blast_protection,level=1}]
	tconstruct:plating_shield - [ModifierEntry{tconstruct:blast_protection,level=1}]
	tconstruct:plating_boots - [ModifierEntry{tconstruct:blast_protection,level=1}]
	tconstruct:cuirass - [ModifierEntry{tconstruct:blast_protection,level=1}]
	tconstruct:plating_chestplate - [ModifierEntry{tconstruct:blast_protection,level=1}]
[05Jan2026 18:39:36.039] [main/DEBUG] [slimeknights.tconstruct.library.materials.traits.MaterialTraitsManager/]: Loaded traits for material 'tconstruct:steel': 
	Default - [ModifierEntry{tconstruct:ductile,level=1}]
	
[05Jan2026 18:39:36.039] [main/DEBUG] [slimeknights.tconstruct.library.materials.traits.MaterialTraitsManager/]: Loaded traits for material 'tconstruct:invar': 
	Default - [ModifierEntry{tconstruct:invariant,level=1}]
	
[05Jan2026 18:39:36.039] [main/DEBUG] [slimeknights.tconstruct.library.materials.traits.MaterialTraitsManager/]: Loaded traits for material 'tconstruct:amethyst_bronze': 
	Default - []
	tconstruct:ranged - [ModifierEntry{tconstruct:crystalbound,level=1}]
	tconstruct:armor - [ModifierEntry{tconstruct:crystalstrike,level=1}]
	tconstruct:melee_harvest - [ModifierEntry{tconstruct:crumbling,level=1}]
	tconstruct:shield_core - [ModifierEntry{tconstruct:crystalstrike,level=1}]
	tconstruct:limb - [ModifierEntry{tconstruct:crystalbound,level=1}]
	tconstruct:plating_helmet - [ModifierEntry{tconstruct:crystalstrike,level=1}]
	tconstruct:grip - [ModifierEntry{tconstruct:crystalbound,level=1}]
	tconstruct:plating_leggings - [ModifierEntry{tconstruct:crystalstrike,level=1}]
	tconstruct:maille - [ModifierEntry{tconstruct:crystalstrike,level=1}]
	tconstruct:handle - [ModifierEntry{tconstruct:crumbling,level=1}]
	tconstruct:bowstring - [ModifierEntry{tconstruct:crystalbound,level=1}]
	tconstruct:plating_shield - [ModifierEntry{tconstruct:crystalstrike,level=1}]
	tconstruct:head - [ModifierEntry{tconstruct:crumbling,level=1}]
	tconstruct:plating_boots - [ModifierEntry{tconstruct:crystalstrike,level=1}]
	tconstruct:cuirass - [ModifierEntry{tconstruct:crystalstrike,level=1}]
	tconstruct:binding - [ModifierEntry{tconstruct:crumbling,level=1}]
	tconstruct:plating_chestplate - [ModifierEntry{tconstruct:crystalstrike,level=1}]
[05Jan2026 18:39:36.039] [main/DEBUG] [slimeknights.tconstruct.library.materials.traits.MaterialTraitsManager/]: Loaded traits for material 'tconstruct:ancient_hide': 
	Default - [ModifierEntry{tconstruct:fortified,level=1}]
	tconstruct:melee_harvest - [ModifierEntry{tconstruct:fortune,level=1}]
	tconstruct:handle - [ModifierEntry{tconstruct:fortune,level=1}]
	tconstruct:head - [ModifierEntry{tconstruct:fortune,level=1}]
	tconstruct:binding - [ModifierEntry{tconstruct:fortune,level=1}]
[05Jan2026 18:39:36.040] [main/DEBUG] [slimeknights.tconstruct.library.materials.traits.MaterialTraitsManager/]: Loaded traits for material 'tconstruct:hepatizon': 
	Default - [ModifierEntry{tconstruct:momentum,level=1}]
	tconstruct:armor - [ModifierEntry{tconstruct:recurrent_protection,level=1}]
	tconstruct:shield_core - [ModifierEntry{tconstruct:recurrent_protection,level=1}]
	tconstruct:plating_helmet - [ModifierEntry{tconstruct:recurrent_protection,level=1}]
	tconstruct:plating_leggings - [ModifierEntry{tconstruct:recurrent_protection,level=1}]
	tconstruct:maille - [ModifierEntry{tconstruct:recurrent_protection,level=1}]
	tconstruct:plating_shield - [ModifierEntry{tconstruct:recurrent_protection,level=1}]
	tconstruct:plating_boots - [ModifierEntry{tconstruct:recurrent_protection,level=1}]
	tconstruct:cuirass - [ModifierEntry{tconstruct:recurrent_protection,level=1}]
	tconstruct:plating_chestplate - [ModifierEntry{tconstruct:recurrent_protection,level=1}]
[05Jan2026 18:39:36.040] [main/DEBUG] [slimeknights.tconstruct.library.materials.traits.MaterialTraitsManager/]: Loaded traits for material 'tconstruct:blood': 
	Default - []
	
[05Jan2026 18:39:36.040] [main/DEBUG] [slimeknights.tconstruct.library.materials.traits.MaterialTraitsManager/]: Loaded traits for material 'tconstruct:clay': 
	Default - []
	
[05Jan2026 18:39:36.040] [main/DEBUG] [slimeknights.tconstruct.library.materials.traits.MaterialTraitsManager/]: Loaded traits for material 'tconstruct:wood': 
	Default - [ModifierEntry{tconstruct:cultivated,level=1}]
	
[05Jan2026 18:39:36.040] [main/DEBUG] [slimeknights.tconstruct.library.materials.traits.MaterialTraitsManager/]: Loaded traits for material 'tconstruct:nahuatl': 
	Default - [ModifierEntry{tconstruct:lacerating,level=1}]
	
[05Jan2026 18:39:36.040] [main/DEBUG] [slimeknights.tconstruct.library.materials.traits.MaterialTraitsManager/]: Loaded traits for material 'tconstruct:pig_iron': 
	Default - [ModifierEntry{tconstruct:tasty,level=1}]
	tconstruct:skull - [ModifierEntry{tconstruct:revenge,level=1}, ModifierEntry{tconstruct:zombified_piglin_disguise,level=1}]
[05Jan2026 18:39:36.040] [main/DEBUG] [slimeknights.tconstruct.library.materials.traits.MaterialTraitsManager/]: Loaded traits for material 'tconstruct:ender_pearl': 
	Default - []
	tconstruct:skull - [ModifierEntry{tconstruct:enderdodging,level=1}, ModifierEntry{tconstruct:enderman_disguise,level=1}]
[05Jan2026 18:39:36.040] [main/DEBUG] [slimeknights.tconstruct.library.materials.traits.MaterialTraitsManager/]: Loaded traits for material 'tconstruct:platinum': 
	Default - []
	tconstruct:ranged - [ModifierEntry{tconstruct:olympic,level=1}]
	tconstruct:melee_harvest - [ModifierEntry{tconstruct:lustrous,level=1}]
	tconstruct:limb - [ModifierEntry{tconstruct:olympic,level=1}]
	tconstruct:grip - [ModifierEntry{tconstruct:olympic,level=1}]
	tconstruct:handle - [ModifierEntry{tconstruct:lustrous,level=1}]
	tconstruct:bowstring - [ModifierEntry{tconstruct:olympic,level=1}]
	tconstruct:head - [ModifierEntry{tconstruct:lustrous,level=1}]
	tconstruct:binding - [ModifierEntry{tconstruct:lustrous,level=1}]
[05Jan2026 18:39:36.040] [main/DEBUG] [slimeknights.tconstruct.library.materials.traits.MaterialTraitsManager/]: Loaded traits for material 'tconstruct:string': 
	Default - [ModifierEntry{tconstruct:stringy,level=1}]
	tconstruct:skull - [ModifierEntry{tconstruct:boon_of_sssss,level=1}, ModifierEntry{tconstruct:spider_disguise,level=1}]
[05Jan2026 18:39:36.040] [main/DEBUG] [slimeknights.tconstruct.library.materials.traits.MaterialTraitsManager/]: Loaded traits for material 'tconstruct:necronium': 
	Default - [ModifierEntry{tconstruct:decay,level=1}]
	
[05Jan2026 18:39:36.040] [main/DEBUG] [slimeknights.tconstruct.library.materials.traits.MaterialTraitsManager/]: Loaded traits for material 'tconstruct:ichor': 
	Default - []
	
[05Jan2026 18:39:36.040] [main/DEBUG] [slimeknights.tconstruct.library.materials.traits.MaterialTraitsManager/]: Loaded traits for material 'tconstruct:darkthread': 
	Default - [ModifierEntry{tconstruct:looting,level=1}]
	tconstruct:skull - [ModifierEntry{tconstruct:mithridatism,level=1}, ModifierEntry{tconstruct:cave_spider_disguise,level=1}]
[05Jan2026 18:39:36.040] [main/DEBUG] [slimeknights.tconstruct.library.materials.traits.MaterialTraitsManager/]: Loaded traits for material 'tconstruct:vine': 
	Default - [ModifierEntry{tconstruct:solar_powered,level=1}]
	
[05Jan2026 18:39:36.040] [main/DEBUG] [slimeknights.tconstruct.library.materials.traits.MaterialTraitsManager/]: Loaded traits for material 'tconstruct:slimewood': 
	Default - [ModifierEntry{tconstruct:overgrowth,level=1}, ModifierEntry{tconstruct:overslime,level=1}]
	
[05Jan2026 18:39:36.040] [main/DEBUG] [slimeknights.tconstruct.library.materials.traits.MaterialTraitsManager/]: Loaded traits for material 'tconstruct:blazing_bone': 
	Default - [ModifierEntry{tconstruct:conducting,level=1}]
	tconstruct:skull - [ModifierEntry{tconstruct:firebreath,level=1}, ModifierEntry{tconstruct:blaze_disguise,level=1}]
[05Jan2026 18:39:36.040] [main/DEBUG] [slimeknights.tconstruct.library.materials.traits.MaterialTraitsManager/]: Loaded traits for material 'tconstruct:plated_slimewood': 
	Default - [ModifierEntry{tconstruct:overworked,level=1}, ModifierEntry{tconstruct:overslime,level=1}]
	
[05Jan2026 18:39:36.040] [main/DEBUG] [slimeknights.tconstruct.library.materials.traits.MaterialTraitsManager/]: Loaded traits for material 'tconstruct:bone': 
	Default - [ModifierEntry{tconstruct:pierce,level=1}]
	tconstruct:skull - [ModifierEntry{tconstruct:strong_bones,level=1}, ModifierEntry{tconstruct:skeleton_disguise,level=1}]
[05Jan2026 18:39:36.041] [main/DEBUG] [slimeknights.tconstruct.library.materials.traits.MaterialTraitsManager/]: Loaded traits for material 'tconstruct:cinderslime': 
	Default - [ModifierEntry{tconstruct:overburn,level=1}, ModifierEntry{tconstruct:overslime,level=1}]
	
[05Jan2026 18:39:36.041] [main/DEBUG] [slimeknights.tconstruct.library.materials.traits.MaterialTraitsManager/]: Loaded traits for material 'tconstruct:constantan': 
	Default - [ModifierEntry{tconstruct:temperate,level=1}]
	
[05Jan2026 18:39:36.041] [main/DEBUG] [slimeknights.tconstruct.library.materials.traits.MaterialTraitsManager/]: Loaded traits for material 'tconstruct:venombone': 
	Default - [ModifierEntry{tconstruct:antitoxin,level=1}]
	tconstruct:skull - [ModifierEntry{tconstruct:frosttouch,level=1}, ModifierEntry{tconstruct:stray_disguise,level=1}]
[05Jan2026 18:39:36.041] [main/DEBUG] [slimeknights.tconstruct.library.materials.traits.MaterialTraitsManager/]: Loaded traits for material 'tconstruct:iron': 
	Default - [ModifierEntry{tconstruct:magnetic,level=1}]
	tconstruct:armor - [ModifierEntry{tconstruct:projectile_protection,level=1}]
	tconstruct:skull - [ModifierEntry{tconstruct:plague,level=1}, ModifierEntry{tconstruct:husk_disguise,level=1}]
	tconstruct:shield_core - [ModifierEntry{tconstruct:projectile_protection,level=1}]
	tconstruct:plating_helmet - [ModifierEntry{tconstruct:projectile_protection,level=1}]
	tconstruct:plating_leggings - [ModifierEntry{tconstruct:projectile_protection,level=1}]
	tconstruct:maille - [ModifierEntry{tconstruct:projectile_protection,level=1}]
	tconstruct:plating_shield - [ModifierEntry{tconstruct:projectile_protection,level=1}]
	tconstruct:plating_boots - [ModifierEntry{tconstruct:projectile_protection,level=1}]
	tconstruct:cuirass - [ModifierEntry{tconstruct:projectile_protection,level=1}]
	tconstruct:plating_chestplate - [ModifierEntry{tconstruct:projectile_protection,level=1}]
[05Jan2026 18:39:36.041] [main/DEBUG] [slimeknights.tconstruct.library.materials.traits.MaterialTraitsManager/]: Loaded traits for material 'tconstruct:flint': 
	Default - [ModifierEntry{tconstruct:jagged,level=1}]
	
[05Jan2026 18:39:36.041] [main/DEBUG] [slimeknights.tconstruct.library.materials.traits.MaterialTraitsManager/]: Loaded traits for material 'tconstruct:rotten_flesh': 
	Default - []
	tconstruct:skull - [ModifierEntry{tconstruct:wildfire,level=1}, ModifierEntry{tconstruct:zombie_disguise,level=1}]
[05Jan2026 18:39:36.041] [main/DEBUG] [slimeknights.tconstruct.library.materials.traits.MaterialTraitsManager/]: Loaded traits for material 'tconstruct:necrotic_bone': 
	Default - [ModifierEntry{tconstruct:necrotic,level=1}]
	tconstruct:skull - [ModifierEntry{tconstruct:withered,level=1}, ModifierEntry{tconstruct:wither_skeleton_disguise,level=1}]
[05Jan2026 18:39:36.041] [main/DEBUG] [slimeknights.tconstruct.library.materials.traits.MaterialTraitsManager/]: Loaded traits for material 'tconstruct:rose_gold': 
	Default - [ModifierEntry{tconstruct:enhanced,level=1}]
	tconstruct:skull - [ModifierEntry{tconstruct:gold_guard,level=1}, ModifierEntry{tconstruct:piglin_brute_disguise,level=1}, ModifierEntry{tconstruct:golden,level=1}]
[05Jan2026 18:39:36.041] [main/DEBUG] [slimeknights.tconstruct.library.materials.traits.MaterialTraitsManager/]: Loaded traits for material 'tconstruct:enderslime_vine': 
	Default - [ModifierEntry{tconstruct:enderporting,level=1}]
	tconstruct:armor - [ModifierEntry{tconstruct:enderclearance,level=1}]
	tconstruct:shield_core - [ModifierEntry{tconstruct:enderclearance,level=1}]
	tconstruct:plating_helmet - [ModifierEntry{tconstruct:enderclearance,level=1}]
	tconstruct:plating_leggings - [ModifierEntry{tconstruct:enderclearance,level=1}]
	tconstruct:maille - [ModifierEntry{tconstruct:enderclearance,level=1}]
	tconstruct:plating_shield - [ModifierEntry{tconstruct:enderclearance,level=1}]
	tconstruct:plating_boots - [ModifierEntry{tconstruct:enderclearance,level=1}]
	tconstruct:cuirass - [ModifierEntry{tconstruct:enderclearance,level=1}]
	tconstruct:plating_chestplate - [ModifierEntry{tconstruct:enderclearance,level=1}]
[05Jan2026 18:39:36.041] [main/DEBUG] [slimeknights.tconstruct.library.materials.traits.MaterialTraitsManager/]: Loaded traits for material 'tconstruct:electrum': 
	Default - [ModifierEntry{tconstruct:experienced,level=1}]
	
[05Jan2026 18:39:36.041] [main/DEBUG] [slimeknights.tconstruct.library.materials.traits.MaterialTraitsManager/]: Loaded traits for material 'tconstruct:ancient': 
	Default - [ModifierEntry{tconstruct:vintage,level=1}, ModifierEntry{tconstruct:worldbound,level=1}]
	
[05Jan2026 18:39:36.041] [main/DEBUG] [slimeknights.tconstruct.library.materials.traits.MaterialTraitsManager/]: Loaded traits for material 'tconstruct:seared_stone': 
	Default - [ModifierEntry{tconstruct:searing,level=1}]
	tconstruct:armor - [ModifierEntry{tconstruct:fire_protection,level=1}]
	tconstruct:shield_core - [ModifierEntry{tconstruct:fire_protection,level=1}]
	tconstruct:plating_helmet - [ModifierEntry{tconstruct:fire_protection,level=1}]
	tconstruct:plating_leggings - [ModifierEntry{tconstruct:fire_protection,level=1}]
	tconstruct:maille - [ModifierEntry{tconstruct:fire_protection,level=1}]
	tconstruct:plating_shield - [ModifierEntry{tconstruct:fire_protection,level=1}]
	tconstruct:plating_boots - [ModifierEntry{tconstruct:fire_protection,level=1}]
	tconstruct:cuirass - [ModifierEntry{tconstruct:fire_protection,level=1}]
	tconstruct:plating_chestplate - [ModifierEntry{tconstruct:fire_protection,level=1}]
[05Jan2026 18:39:36.041] [main/DEBUG] [slimeknights.tconstruct.library.materials.traits.MaterialTraitsManager/]: Loaded traits for material 'tconstruct:glass': 
	Default - []
	tconstruct:skull - [ModifierEntry{tconstruct:self_destructive,level=1}, ModifierEntry{tconstruct:creeper_disguise,level=1}]
[05Jan2026 18:39:36.041] [main/DEBUG] [slimeknights.tconstruct.library.materials.traits.MaterialTraitsManager/]: Loaded traits for material 'tconstruct:osmium': 
	Default - [ModifierEntry{tconstruct:dense,level=1}]
	
[05Jan2026 18:39:36.042] [main/DEBUG] [slimeknights.tconstruct.library.materials.traits.MaterialTraitsManager/]: Loaded traits for material 'tconstruct:manyullyn': 
	Default - [ModifierEntry{tconstruct:insatiable,level=1}]
	tconstruct:armor - [ModifierEntry{tconstruct:kinetic,level=1}]
	tconstruct:shield_core - [ModifierEntry{tconstruct:kinetic,level=1}]
	tconstruct:plating_helmet - [ModifierEntry{tconstruct:kinetic,level=1}]
	tconstruct:plating_leggings - [ModifierEntry{tconstruct:kinetic,level=1}]
	tconstruct:maille - [ModifierEntry{tconstruct:kinetic,level=1}]
	tconstruct:plating_shield - [ModifierEntry{tconstruct:kinetic,level=1}]
	tconstruct:plating_boots - [ModifierEntry{tconstruct:kinetic,level=1}]
	tconstruct:cuirass - [ModifierEntry{tconstruct:kinetic,level=1}]
	tconstruct:plating_chestplate - [ModifierEntry{tconstruct:kinetic,level=1}]
[05Jan2026 18:39:36.042] [main/DEBUG] [slimeknights.tconstruct.library.materials.traits.MaterialTraitsManager/]: Loaded traits for material 'tconstruct:blazewood': 
	Default - [ModifierEntry{tconstruct:flame_barrier,level=1}]
	
[05Jan2026 18:39:36.042] [main/DEBUG] [slimeknights.tconstruct.library.materials.traits.MaterialTraitsManager/]: Loaded traits for material 'tconstruct:weeping_vine': 
	Default - [ModifierEntry{tconstruct:flamestance,level=1}]
	
[05Jan2026 18:39:36.042] [main/DEBUG] [slimeknights.tconstruct.library.materials.traits.MaterialTraitsManager/]: Loaded traits for material 'tconstruct:magma': 
	Default - []
	
[05Jan2026 18:39:36.042] [main/DEBUG] [slimeknights.tconstruct.library.materials.traits.MaterialTraitsManager/]: Loaded traits for material 'tconstruct:lead': 
	Default - [ModifierEntry{tconstruct:heavy,level=1}]
	
[05Jan2026 18:39:36.042] [main/DEBUG] [slimeknights.tconstruct.library.materials.traits.MaterialTraitsManager/]: Loaded traits for material 'tconstruct:ice': 
	Default - [ModifierEntry{tconstruct:frostshield,level=1}]
	
[05Jan2026 18:39:36.042] [main/DEBUG] [slimeknights.tconstruct.library.materials.traits.MaterialTraitsManager/]: Loaded traits for material 'tconstruct:gold': 
	Default - []
	tconstruct:armor - [ModifierEntry{tconstruct:golden,level=1}, ModifierEntry{tconstruct:magic_protection,level=1}]
	tconstruct:skull - [ModifierEntry{tconstruct:chrysophilite,level=1}, ModifierEntry{tconstruct:piglin_disguise,level=1}, ModifierEntry{tconstruct:golden,level=1}]
	tconstruct:plating_shield - [ModifierEntry{tconstruct:magic_protection,level=1}]
	tconstruct:shield_core - [ModifierEntry{tconstruct:golden,level=1}, ModifierEntry{tconstruct:magic_protection,level=1}]
	tconstruct:plating_helmet - [ModifierEntry{tconstruct:golden,level=1}, ModifierEntry{tconstruct:magic_protection,level=1}]
	tconstruct:plating_leggings - [ModifierEntry{tconstruct:golden,level=1}, ModifierEntry{tconstruct:magic_protection,level=1}]
	tconstruct:maille - [ModifierEntry{tconstruct:golden,level=1}, ModifierEntry{tconstruct:magic_protection,level=1}]
	tconstruct:plating_boots - [ModifierEntry{tconstruct:golden,level=1}, ModifierEntry{tconstruct:magic_protection,level=1}]
	tconstruct:cuirass - [ModifierEntry{tconstruct:golden,level=1}, ModifierEntry{tconstruct:magic_protection,level=1}]
	tconstruct:plating_chestplate - [ModifierEntry{tconstruct:golden,level=1}, ModifierEntry{tconstruct:magic_protection,level=1}]
[05Jan2026 18:39:36.042] [main/DEBUG] [slimeknights.tconstruct.library.materials.traits.MaterialTraitsManager/]: Loaded traits for material 'tconstruct:aluminum': 
	Default - [ModifierEntry{tconstruct:featherweight,level=1}]
	
[05Jan2026 18:39:36.042] [main/DEBUG] [slimeknights.tconstruct.library.materials.traits.MaterialTraitsManager/]: Loaded traits for material 'tconstruct:rock': 
	Default - [ModifierEntry{tconstruct:stonebound,level=1}]
	
[05Jan2026 18:39:36.042] [main/DEBUG] [slimeknights.tconstruct.library.materials.traits.MaterialTraitsManager/]: Loaded traits for material 'tconstruct:bamboo': 
	Default - [ModifierEntry{tconstruct:unburdened,level=1}]
	
[05Jan2026 18:39:36.042] [main/DEBUG] [slimeknights.tconstruct.library.materials.traits.MaterialTraitsManager/]: Loaded traits for material 'tconstruct:tungsten': 
	Default - [ModifierEntry{tconstruct:sharpweight,level=1}]
	
[05Jan2026 18:39:36.042] [main/DEBUG] [slimeknights.tconstruct.library.materials.traits.MaterialTraitsManager/]: Loaded traits for material 'tconstruct:earthslime': 
	Default - []
	
[05Jan2026 18:39:36.042] [main/DEBUG] [slimeknights.tconstruct.library.materials.traits.MaterialTraitsManager/]: Loaded traits for material 'tconstruct:cactus': 
	Default - [ModifierEntry{tconstruct:thorns,level=1}]
	
[05Jan2026 18:39:36.042] [main/DEBUG] [slimeknights.tconstruct.library.materials.traits.MaterialTraitsManager/]: Loaded traits for material 'tconstruct:skyslime': 
	Default - []
	
[05Jan2026 18:39:36.042] [main/DEBUG] [slimeknights.tconstruct.library.materials.traits.MaterialTraitsManager/]: Loaded traits for material 'tconstruct:enderslime': 
	Default - []
	
[05Jan2026 18:39:36.042] [main/DEBUG] [slimeknights.tconstruct.library.materials.traits.MaterialTraitsManager/]: Loaded traits for material 'tconstruct:treated_wood': 
	Default - [ModifierEntry{tconstruct:preserved,level=1}]
	
[05Jan2026 18:39:36.042] [main/DEBUG] [slimeknights.tconstruct.library.materials.traits.MaterialTraitsManager/]: Loaded traits for material 'tconstruct:slimesteel': 
	Default - [ModifierEntry{tconstruct:overcast,level=1}, ModifierEntry{tconstruct:overslime,level=1}]
	
[05Jan2026 18:39:36.042] [main/DEBUG] [slimeknights.tconstruct.library.materials.traits.MaterialTraitsManager/]: Loaded traits for material 'tconstruct:cobalt': 
	Default - [ModifierEntry{tconstruct:lightweight,level=1}]
	tconstruct:armor - [ModifierEntry{tconstruct:melee_protection,level=1}]
	tconstruct:shield_core - [ModifierEntry{tconstruct:melee_protection,level=1}]
	tconstruct:plating_helmet - [ModifierEntry{tconstruct:melee_protection,level=1}]
	tconstruct:plating_leggings - [ModifierEntry{tconstruct:melee_protection,level=1}]
	tconstruct:maille - [ModifierEntry{tconstruct:melee_protection,level=1}]
	tconstruct:plating_shield - [ModifierEntry{tconstruct:melee_protection,level=1}]
	tconstruct:plating_boots - [ModifierEntry{tconstruct:melee_protection,level=1}]
	tconstruct:cuirass - [ModifierEntry{tconstruct:melee_protection,level=1}]
	tconstruct:plating_chestplate - [ModifierEntry{tconstruct:melee_protection,level=1}]
[05Jan2026 18:39:36.042] [main/DEBUG] [slimeknights.tconstruct.library.materials.traits.MaterialTraitsManager/]: Loaded traits for material 'tconstruct:leather': 
	Default - [ModifierEntry{tconstruct:tanned,level=1}]
	
[05Jan2026 18:39:36.043] [main/INFO] [slimeknights.tconstruct.library.materials.traits.MaterialTraitsManager/]: 229 traits loaded for 69 materials in 13.02449 ms
[05Jan2026 18:39:36.045] [main/INFO] [slimeknights.mantle.fluid.transfer.FluidContainerTransferManager/]: Loaded 25 dynamic modifiers in 1.698175 ms
[05Jan2026 18:39:36.048] [main/DEBUG] [sophisticatedbackpacks/]: Started loading registry data from sophisticatedbackpacks:compat/woot/block_tools 
[05Jan2026 18:39:36.048] [main/DEBUG] [sophisticatedbackpacks/]: Started loading registry data from sophisticatedbackpacks:compat/fluxnetworks/block_tools 
[05Jan2026 18:39:36.048] [main/DEBUG] [sophisticatedbackpacks/]: Started loading registry data from sophisticatedbackpacks:compat/mob_grinding_utils/entity_tools 
[05Jan2026 18:39:36.048] [main/DEBUG] [sophisticatedbackpacks/]: Started loading registry data from sophisticatedbackpacks:compat/astralsorcery/block_tools 
[05Jan2026 18:39:36.049] [main/DEBUG] [sophisticatedbackpacks/]: Started loading registry data from sophisticatedbackpacks:compat/immersivepetroleum/block_tools 
[05Jan2026 18:39:36.049] [main/DEBUG] [sophisticatedbackpacks/]: Started loading registry data from sophisticatedbackpacks:compat/immersiveengineering/block_tools 
[05Jan2026 18:39:36.049] [main/DEBUG] [sophisticatedbackpacks/]: Started loading registry data from sophisticatedbackpacks:compat/pedestals/block_tools 
[05Jan2026 18:39:36.049] [main/DEBUG] [sophisticatedbackpacks/]: Started loading registry data from sophisticatedbackpacks:compat/platforms/block_tools 
[05Jan2026 18:39:36.049] [main/DEBUG] [sophisticatedbackpacks/]: Started loading registry data from sophisticatedbackpacks:compat/rftoolsutility/entity_tools 
[05Jan2026 18:39:36.049] [main/DEBUG] [sophisticatedbackpacks/]: Started loading registry data from sophisticatedbackpacks:compat/compactmachines/block_tools 
[05Jan2026 18:39:36.049] [main/DEBUG] [sophisticatedbackpacks/]: Started loading registry data from sophisticatedbackpacks:compat/mcwwindows/block_tools 
[05Jan2026 18:39:36.049] [main/DEBUG] [sophisticatedbackpacks/]: Started loading registry data from sophisticatedbackpacks:compat/integrateddynamics/block_tools 
[05Jan2026 18:39:36.049] [main/DEBUG] [sophisticatedbackpacks/]: Started loading registry data from sophisticatedbackpacks:entity_tools 
[05Jan2026 18:39:36.052] [main/DEBUG] [sophisticatedbackpacks/]: Finished loading registry data for sophisticatedbackpacks:entity_tools
[05Jan2026 18:39:36.052] [main/DEBUG] [sophisticatedbackpacks/]: Started loading registry data from sophisticatedbackpacks:compat/mekanism/block_tools 
[05Jan2026 18:39:36.052] [main/DEBUG] [sophisticatedbackpacks/]: Started loading registry data from sophisticatedbackpacks:compat/powah/block_tools 
[05Jan2026 18:39:36.052] [main/DEBUG] [sophisticatedbackpacks/]: Started loading registry data from sophisticatedbackpacks:compat/apotheosis/entity_tools 
[05Jan2026 18:39:36.052] [main/DEBUG] [sophisticatedbackpacks/]: Started loading registry data from sophisticatedbackpacks:compat/bloodmagic/block_tools 
[05Jan2026 18:39:36.052] [main/DEBUG] [sophisticatedbackpacks/]: Started loading registry data from sophisticatedbackpacks:compat/immersiveposts/block_tools 
[05Jan2026 18:39:36.052] [main/DEBUG] [sophisticatedbackpacks/]: Started loading registry data from sophisticatedbackpacks:compat/rats/entity_tools 
[05Jan2026 18:39:36.052] [main/DEBUG] [sophisticatedbackpacks/]: Started loading registry data from sophisticatedbackpacks:compat/framedcompactdrawers/block_tools 
[05Jan2026 18:39:36.052] [main/DEBUG] [sophisticatedbackpacks/]: Started loading registry data from sophisticatedbackpacks:compat/iceandfire/entity_tools 
[05Jan2026 18:39:36.052] [main/DEBUG] [sophisticatedbackpacks/]: Started loading registry data from sophisticatedbackpacks:compat/storagedrawers/block_tools 
[05Jan2026 18:39:36.052] [main/DEBUG] [sophisticatedbackpacks/]: Started loading registry data from sophisticatedbackpacks:compat/mcwroofs/block_tools 
[05Jan2026 18:39:36.053] [main/DEBUG] [sophisticatedbackpacks/]: Started loading registry data from sophisticatedbackpacks:compat/morphtool/block_tools 
[05Jan2026 18:39:36.053] [main/DEBUG] [sophisticatedbackpacks/]: Started loading registry data from sophisticatedbackpacks:compat/botania/block_tools 
[05Jan2026 18:39:36.053] [main/DEBUG] [sophisticatedbackpacks/]: Started loading registry data from sophisticatedbackpacks:compat/pneumaticraft/block_tools 
[05Jan2026 18:39:36.053] [main/DEBUG] [sophisticatedbackpacks/]: Started loading registry data from sophisticatedbackpacks:compat/shrink/entity_tools 
[05Jan2026 18:39:36.053] [main/DEBUG] [sophisticatedbackpacks/]: Started loading registry data from sophisticatedbackpacks:compat/blockcarpentry/block_tools 
[05Jan2026 18:39:36.053] [main/DEBUG] [sophisticatedbackpacks/]: Started loading registry data from sophisticatedbackpacks:compat/pipez/block_tools 
[05Jan2026 18:39:36.053] [main/DEBUG] [sophisticatedbackpacks/]: Started loading registry data from sophisticatedbackpacks:compat/transport/block_tools 
[05Jan2026 18:39:36.053] [main/DEBUG] [sophisticatedbackpacks/]: Started loading registry data from sophisticatedbackpacks:compat/thermal/block_tools 
[05Jan2026 18:39:36.053] [main/DEBUG] [sophisticatedbackpacks/]: Started loading registry data from sophisticatedbackpacks:block_tools 
[05Jan2026 18:39:36.053] [main/DEBUG] [sophisticatedbackpacks/]: Finished loading registry data for sophisticatedbackpacks:block_tools
[05Jan2026 18:39:36.053] [main/DEBUG] [sophisticatedbackpacks/]: Started loading registry data from sophisticatedbackpacks:compat/create/block_tools 
[05Jan2026 18:39:36.053] [main/DEBUG] [sophisticatedbackpacks/]: Started loading registry data from sophisticatedbackpacks:compat/farmersdelight/entity_tools 
[05Jan2026 18:39:36.054] [main/DEBUG] [sophisticatedbackpacks/]: Finished loading registry data for sophisticatedbackpacks:compat/farmersdelight/entity_tools
[05Jan2026 18:39:36.054] [main/DEBUG] [sophisticatedbackpacks/]: Started loading registry data from sophisticatedbackpacks:compat/refinedstorage/block_tools 
[05Jan2026 18:39:36.054] [main/DEBUG] [sophisticatedbackpacks/]: Started loading registry data from sophisticatedbackpacks:compat/chiselsandbits/block_tools 
[05Jan2026 18:39:36.054] [main/DEBUG] [sophisticatedbackpacks/]: Started loading registry data from sophisticatedbackpacks:compat/farmersdelight/block_tools 
[05Jan2026 18:39:36.054] [main/DEBUG] [sophisticatedbackpacks/]: Finished loading registry data for sophisticatedbackpacks:compat/farmersdelight/block_tools
[05Jan2026 18:39:36.054] [main/DEBUG] [sophisticatedbackpacks/]: Started loading registry data from sophisticatedbackpacks:compat/resourcefulbees/entity_tools 
[05Jan2026 18:39:36.054] [main/DEBUG] [sophisticatedbackpacks/]: Started loading registry data from sophisticatedbackpacks:compat/tetra/swords 
[05Jan2026 18:39:36.054] [main/DEBUG] [sophisticatedbackpacks/]: Started loading registry data from sophisticatedbackpacks:swords 
[05Jan2026 18:39:36.054] [main/DEBUG] [sophisticatedbackpacks/]: Finished loading registry data for sophisticatedbackpacks:swords
[05Jan2026 18:39:36.054] [main/DEBUG] [sophisticatedbackpacks/]: Started loading registry data from sophisticatedbackpacks:compat/mythicbotany/block_tools 
[05Jan2026 18:39:36.055] [main/DEBUG] [sophisticatedbackpacks/]: Started loading registry data from sophisticatedbackpacks:compat/resourcefulbees/block_tools 
[05Jan2026 18:39:36.055] [main/DEBUG] [sophisticatedbackpacks/]: Started loading registry data from sophisticatedbackpacks:compat/syp/entity_tools 
[05Jan2026 18:39:36.055] [main/DEBUG] [sophisticatedbackpacks/]: Started loading registry data from sophisticatedbackpacks:compat/eidolon/block_tools 
[05Jan2026 18:39:36.055] [main/DEBUG] [sophisticatedbackpacks/]: Started loading registry data from sophisticatedbackpacks:compat/rftoolsbase/block_tools 
[05Jan2026 18:39:36.076] [main/DEBUG] [slimeknights.tconstruct.library.modifiers.ModifierManager/]: Redirecting modifier tconstruct:path_maker to tconstruct:pathing
[05Jan2026 18:39:36.096] [main/DEBUG] [slimeknights.tconstruct.library.modifiers.ModifierManager/]: Redirecting modifier tconstruct:plowing to tconstruct:tilling
[05Jan2026 18:39:36.099] [main/DEBUG] [slimeknights.tconstruct.library.modifiers.ModifierManager/]: Redirecting modifier tconstruct:sturdy to tconstruct:ductile
[05Jan2026 18:39:36.113] [main/DEBUG] [slimeknights.tconstruct.library.modifiers.ModifierManager/]: Redirecting modifier tconstruct:lightspeed_armor to tconstruct:lightspeed
[05Jan2026 18:39:36.114] [main/INFO] [slimeknights.tconstruct.library.modifiers.ModifierManager/]: Loaded 154 dynamic modifiers and 4 modifier redirects in 50.168335 ms
[05Jan2026 18:39:36.118] [main/INFO] [slimeknights.tconstruct.library.modifiers.ModifierManager/]: Loaded 42 modifier tags for 141 modifiers in 4.006296 ms
[05Jan2026 18:39:36.119] [main/INFO] [slimeknights.tconstruct.library.modifiers.ModifierManager/]: Loaded 50 enchantment to modifier mappings in 0.614465 ms
[05Jan2026 18:39:36.122] [main/INFO] [tconstruct/]: Loaded 43 spilling fluids in 2.794208 ms
[05Jan2026 18:39:36.126] [main/INFO] [quark-zeta/]: Modified advancement minecraft:husbandry/wax_on with 2 patches
[05Jan2026 18:39:36.126] [main/INFO] [quark-zeta/]: Modified advancement minecraft:adventure/kill_a_mob with 3 patches
[05Jan2026 18:39:36.126] [main/INFO] [quark-zeta/]: Modified advancement minecraft:husbandry/bred_all_animals with 3 patches
[05Jan2026 18:39:36.126] [main/INFO] [quark-zeta/]: Modified advancement minecraft:adventure/kill_all_mobs with 3 patches
[05Jan2026 18:39:36.127] [main/INFO] [quark-zeta/]: Modified advancement minecraft:husbandry/balanced_diet with 2 patches
[05Jan2026 18:39:36.127] [main/INFO] [quark-zeta/]: Modified advancement minecraft:nether/all_effects with 1 patches
[05Jan2026 18:39:36.127] [main/INFO] [quark-zeta/]: Modified advancement minecraft:husbandry/wax_off with 2 patches
[05Jan2026 18:39:36.127] [main/INFO] [quark-zeta/]: Modified advancement minecraft:adventure/adventuring_time with 1 patches
[05Jan2026 18:39:36.128] [main/INFO] [quark-zeta/]: Modified advancement minecraft:nether/all_potions with 1 patches
[05Jan2026 18:39:36.137] [main/INFO] [slimeknights.tconstruct.library.tools.definition.ToolDefinitionLoader/]: Loaded 38 tool definitions in 8.674947 ms
[05Jan2026 18:39:36.141] [main/INFO] [slimeknights.tconstruct.library.tools.layout.StationSlotLayoutLoader/]: Loaded 19 station slot layouts in 3.806835 ms
[05Jan2026 18:39:39.615] [main/DEBUG] [net.minecraftforge.common.ForgeHooks/WP]: Gathering id map for writing to world save world
[05Jan2026 18:39:39.656] [main/DEBUG] [net.minecraftforge.common.ForgeHooks/WP]: ID Map collection complete world
[05Jan2026 18:39:39.710] [Server thread/INFO] [net.minecraft.server.dedicated.DedicatedServer/]: Starting minecraft server version 1.20.1
[05Jan2026 18:39:39.710] [Server thread/INFO] [net.minecraft.server.dedicated.DedicatedServer/]: Loading properties
[05Jan2026 18:39:39.710] [Server thread/INFO] [net.minecraft.server.dedicated.DedicatedServer/]: Default game type: SURVIVAL
[05Jan2026 18:39:39.711] [Server thread/INFO] [net.minecraft.server.MinecraftServer/]: Generating keypair
[05Jan2026 18:39:39.869] [Server thread/INFO] [net.minecraft.server.dedicated.DedicatedServer/]: Starting Minecraft server on *:25565
[05Jan2026 18:39:39.870] [Server thread/DEBUG] [net.minecraftforge.network.DualStackUtils/]: Detected IPv6 address: "0:0:0:0:0:0:0:0"
[05Jan2026 18:39:39.877] [Server thread/DEBUG] [io.netty.util.internal.NativeLibraryLoader/]: -Dio.netty.native.workdir: /tmp (io.netty.tmpdir)
[05Jan2026 18:39:39.877] [Server thread/DEBUG] [io.netty.util.internal.NativeLibraryLoader/]: -Dio.netty.native.deleteLibAfterLoading: true
[05Jan2026 18:39:39.877] [Server thread/DEBUG] [io.netty.util.internal.NativeLibraryLoader/]: -Dio.netty.native.tryPatchShadedId: true
[05Jan2026 18:39:39.877] [Server thread/DEBUG] [io.netty.util.internal.NativeLibraryLoader/]: -Dio.netty.native.detectNativeLibraryDuplicates: true
[05Jan2026 18:39:39.885] [Server thread/DEBUG] [io.netty.util.internal.NativeLibraryLoader/]: Successfully loaded the library /tmp/libnetty_transport_native_epoll_x86_6417421231043920317124.so
[05Jan2026 18:39:39.888] [Server thread/DEBUG] [io.netty.util.NetUtil/]: -Djava.net.preferIPv4Stack: false
[05Jan2026 18:39:39.888] [Server thread/DEBUG] [io.netty.util.NetUtil/]: -Djava.net.preferIPv6Addresses: true
[05Jan2026 18:39:39.890] [Server thread/DEBUG] [io.netty.util.NetUtilInitializations/]: Loopback interface: lo (lo, 0:0:0:0:0:0:0:1%lo)
[05Jan2026 18:39:39.891] [Server thread/DEBUG] [io.netty.util.NetUtil/]: /proc/sys/net/core/somaxconn: 4096
[05Jan2026 18:39:39.895] [Server thread/INFO] [net.minecraft.server.network.ServerConnectionListener/]: Using epoll channel type
[05Jan2026 18:39:39.910] [Server thread/DEBUG] [io.netty.channel.MultithreadEventLoopGroup/]: -Dio.netty.eventLoopThreads: 8
[05Jan2026 18:39:39.922] [Server thread/DEBUG] [io.netty.util.internal.InternalThreadLocalMap/]: -Dio.netty.threadLocalMap.stringBuilder.initialSize: 1024
[05Jan2026 18:39:39.922] [Server thread/DEBUG] [io.netty.util.internal.InternalThreadLocalMap/]: -Dio.netty.threadLocalMap.stringBuilder.maxSize: 4096
[05Jan2026 18:39:39.933] [Server thread/DEBUG] [io.netty.util.internal.PlatformDependent/]: org.jctools-core.MpscChunkedArrayQueue: available
[05Jan2026 18:39:39.942] [Server thread/DEBUG] [io.netty.channel.DefaultChannelId/]: -Dio.netty.processId: 4863 (auto-detected)
[05Jan2026 18:39:39.943] [Server thread/DEBUG] [io.netty.channel.DefaultChannelId/]: -Dio.netty.machineId: 7c:1e:52:ff:fe:a1:c4:aa (auto-detected)
[05Jan2026 18:39:39.970] [Server thread/DEBUG] [io.netty.buffer.PooledByteBufAllocator/]: -Dio.netty.allocator.numHeapArenas: 8
[05Jan2026 18:39:39.970] [Server thread/DEBUG] [io.netty.buffer.PooledByteBufAllocator/]: -Dio.netty.allocator.numDirectArenas: 8
[05Jan2026 18:39:39.970] [Server thread/DEBUG] [io.netty.buffer.PooledByteBufAllocator/]: -Dio.netty.allocator.pageSize: 8192
[05Jan2026 18:39:39.970] [Server thread/DEBUG] [io.netty.buffer.PooledByteBufAllocator/]: -Dio.netty.allocator.maxOrder: 9
[05Jan2026 18:39:39.970] [Server thread/DEBUG] [io.netty.buffer.PooledByteBufAllocator/]: -Dio.netty.allocator.chunkSize: 4194304
[05Jan2026 18:39:39.970] [Server thread/DEBUG] [io.netty.buffer.PooledByteBufAllocator/]: -Dio.netty.allocator.smallCacheSize: 256
[05Jan2026 18:39:39.970] [Server thread/DEBUG] [io.netty.buffer.PooledByteBufAllocator/]: -Dio.netty.allocator.normalCacheSize: 64
[05Jan2026 18:39:39.970] [Server thread/DEBUG] [io.netty.buffer.PooledByteBufAllocator/]: -Dio.netty.allocator.maxCachedBufferCapacity: 32768
[05Jan2026 18:39:39.970] [Server thread/DEBUG] [io.netty.buffer.PooledByteBufAllocator/]: -Dio.netty.allocator.cacheTrimInterval: 8192
[05Jan2026 18:39:39.970] [Server thread/DEBUG] [io.netty.buffer.PooledByteBufAllocator/]: -Dio.netty.allocator.cacheTrimIntervalMillis: 0
[05Jan2026 18:39:39.970] [Server thread/DEBUG] [io.netty.buffer.PooledByteBufAllocator/]: -Dio.netty.allocator.useCacheForAllThreads: false
[05Jan2026 18:39:39.970] [Server thread/DEBUG] [io.netty.buffer.PooledByteBufAllocator/]: -Dio.netty.allocator.maxCachedByteBuffersPerChunk: 1023
[05Jan2026 18:39:39.979] [Server thread/DEBUG] [io.netty.buffer.ByteBufUtil/]: -Dio.netty.allocator.type: pooled
[05Jan2026 18:39:39.979] [Server thread/DEBUG] [io.netty.buffer.ByteBufUtil/]: -Dio.netty.threadLocalDirectBufferSize: 0
[05Jan2026 18:39:39.979] [Server thread/DEBUG] [io.netty.buffer.ByteBufUtil/]: -Dio.netty.maxThreadLocalCharBufferSize: 16384
[05Jan2026 18:39:39.988] [Server thread/WARN] [net.minecraft.server.dedicated.DedicatedServer/]: **** SERVER IS RUNNING IN OFFLINE/INSECURE MODE!
[05Jan2026 18:39:39.988] [Server thread/WARN] [net.minecraft.server.dedicated.DedicatedServer/]: The server will make no attempt to authenticate usernames. Beware.
[05Jan2026 18:39:39.988] [Server thread/WARN] [net.minecraft.server.dedicated.DedicatedServer/]: While this makes the game possible to play without internet access, it also opens up the ability for hackers to connect with any username they choose.
[05Jan2026 18:39:39.989] [Server thread/WARN] [net.minecraft.server.dedicated.DedicatedServer/]: To change this, set "online-mode" to "true" in the server.properties file.
[05Jan2026 18:39:40.009] [Server thread/DEBUG] [net.minecraftforge.fml.config.ConfigTracker/CONFIG]: Loading configs type SERVER
[05Jan2026 18:39:40.009] [Server thread/DEBUG] [net.minecraftforge.fml.config.ConfigFileTypeHandler/CONFIG]: Built TOML config for ./world/serverconfig/jei-server.toml
[05Jan2026 18:39:40.010] [Server thread/DEBUG] [net.minecraftforge.fml.config.ConfigFileTypeHandler/CONFIG]: Loaded TOML config file ./world/serverconfig/jei-server.toml
[05Jan2026 18:39:40.011] [Server thread/DEBUG] [net.minecraftforge.fml.config.ConfigFileTypeHandler/CONFIG]: Watching TOML config file ./world/serverconfig/jei-server.toml for changes
[05Jan2026 18:39:40.011] [Thread-0/DEBUG] [net.minecraftforge.fml.config.ConfigFileTypeHandler/CONFIG]: Config file jei-server.toml changed, sending notifies
[05Jan2026 18:39:40.012] [Thread-0/DEBUG] [net.minecraftforge.fml.config.ConfigFileTypeHandler/CONFIG]: Config file jei-server.toml changed, sending notifies
[05Jan2026 18:39:40.012] [Server thread/DEBUG] [net.minecraftforge.fml.config.ConfigFileTypeHandler/CONFIG]: Built TOML config for ./world/serverconfig/mantle-server.toml
[05Jan2026 18:39:40.012] [Server thread/DEBUG] [net.minecraftforge.fml.config.ConfigFileTypeHandler/CONFIG]: Loaded TOML config file ./world/serverconfig/mantle-server.toml
[05Jan2026 18:39:40.012] [Server thread/DEBUG] [net.minecraftforge.fml.config.ConfigFileTypeHandler/CONFIG]: Watching TOML config file ./world/serverconfig/mantle-server.toml for changes
[05Jan2026 18:39:40.013] [Thread-0/DEBUG] [net.minecraftforge.fml.config.ConfigFileTypeHandler/CONFIG]: Config file mantle-server.toml changed, sending notifies
[05Jan2026 18:39:40.013] [Server thread/DEBUG] [net.minecraftforge.fml.config.ConfigFileTypeHandler/CONFIG]: Built TOML config for ./world/serverconfig/securitycraft-server.toml
[05Jan2026 18:39:40.013] [Thread-0/DEBUG] [net.minecraftforge.fml.config.ConfigFileTypeHandler/CONFIG]: Config file mantle-server.toml changed, sending notifies
[05Jan2026 18:39:40.014] [Server thread/DEBUG] [net.minecraftforge.fml.config.ConfigFileTypeHandler/CONFIG]: Loaded TOML config file ./world/serverconfig/securitycraft-server.toml
[05Jan2026 18:39:40.015] [Server thread/DEBUG] [net.minecraftforge.fml.config.ConfigFileTypeHandler/CONFIG]: Watching TOML config file ./world/serverconfig/securitycraft-server.toml for changes
[05Jan2026 18:39:40.020] [Server thread/DEBUG] [net.minecraftforge.fml.config.ConfigFileTypeHandler/CONFIG]: Built TOML config for ./world/serverconfig/sophisticatedbackpacks-server.toml
[05Jan2026 18:39:40.021] [Server thread/DEBUG] [net.minecraftforge.fml.config.ConfigFileTypeHandler/CONFIG]: Loaded TOML config file ./world/serverconfig/sophisticatedbackpacks-server.toml
[05Jan2026 18:39:40.021] [Server thread/DEBUG] [net.minecraftforge.fml.config.ConfigFileTypeHandler/CONFIG]: Watching TOML config file ./world/serverconfig/sophisticatedbackpacks-server.toml for changes
[05Jan2026 18:39:40.026] [Thread-0/DEBUG] [net.minecraftforge.fml.config.ConfigFileTypeHandler/CONFIG]: Config file sophisticatedbackpacks-server.toml changed, sending notifies
[05Jan2026 18:39:40.026] [Server thread/DEBUG] [net.minecraftforge.fml.config.ConfigFileTypeHandler/CONFIG]: Built TOML config for ./world/serverconfig/forge-server.toml
[05Jan2026 18:39:40.027] [Server thread/DEBUG] [net.minecraftforge.fml.config.ConfigFileTypeHandler/CONFIG]: Loaded TOML config file ./world/serverconfig/forge-server.toml
[05Jan2026 18:39:40.027] [Server thread/DEBUG] [net.minecraftforge.fml.config.ConfigFileTypeHandler/CONFIG]: Watching TOML config file ./world/serverconfig/forge-server.toml for changes
[05Jan2026 18:39:40.027] [Server thread/DEBUG] [net.minecraftforge.common.ForgeConfig/FORGEMOD]: Loaded forge config file forge-server.toml
[05Jan2026 18:39:40.030] [Thread-0/DEBUG] [net.minecraftforge.fml.config.ConfigFileTypeHandler/CONFIG]: Config file sophisticatedbackpacks-server.toml changed, sending notifies
[05Jan2026 18:39:40.056] [Server thread/DEBUG] [mixin/]: Mixing VillagerTradesMixin from quark.mixins.json into net.minecraft.world.entity.npc.VillagerTrades
[05Jan2026 18:39:40.066] [Server thread/DEBUG] [mixin/]: Mixing EnchantBookForEmeraldsMixin from quark.mixins.json into net.minecraft.world.entity.npc.VillagerTrades$EnchantBookForEmeralds
[05Jan2026 18:39:40.073] [Server thread/INFO] [quark-zeta/]: Server starting, accepting filewatcher changes for quark's config
[05Jan2026 18:39:40.073] [Server thread/INFO] [zeta/]: Server starting, accepting filewatcher changes for zeta's config
[05Jan2026 18:39:40.075] [Server thread/INFO] [net.minecraft.server.dedicated.DedicatedServer/]: Preparing level "world"
[05Jan2026 18:39:40.083] [Server thread/DEBUG] [net.minecraftforge.coremod.transformer.CoreModBaseTransformer/COREMOD]: Transforming net/minecraft/world/level/levelgen/PhantomSpawner
[05Jan2026 18:39:40.091] [Server thread/DEBUG] [net.minecraftforge.coremod.transformer.CoreModBaseTransformer/COREMOD]: Transforming net/minecraft/world/level/levelgen/PatrolSpawner
[05Jan2026 18:39:40.098] [Server thread/DEBUG] [net.minecraftforge.coremod.transformer.CoreModBaseTransformer/COREMOD]: Transforming net/minecraft/world/entity/npc/CatSpawner
[05Jan2026 18:39:40.105] [Server thread/DEBUG] [net.minecraftforge.coremod.transformer.CoreModBaseTransformer/COREMOD]: Transforming net/minecraft/world/entity/ai/village/VillageSiege
[05Jan2026 18:39:40.128] [Server thread/DEBUG] [mixin/]: Mixing DamageSourcesMixin from quark.mixins.json into net.minecraft.world.damagesource.DamageSources
[05Jan2026 18:39:40.167] [Server thread/DEBUG] [mixin/]: Mixing camera.ChunkMapMixin from securitycraft.mixins.json into net.minecraft.server.level.ChunkMap
[05Jan2026 18:39:40.168] [Server thread/DEBUG] [mixin/]: Renaming synthetic method lambda$securitycraft$onDropChunk$3(Lnet/minecraft/server/level/ServerPlayer;Lnet/minecraft/world/level/ChunkPos;Lnet/geforcemods/securitycraft/blockentities/SecurityCameraBlockEntity;)Z to md6644f7$lambda$securitycraft$onDropChunk$3$0 in securitycraft.mixins.json:camera.ChunkMapMixin
[05Jan2026 18:39:40.169] [Server thread/DEBUG] [mixin/]: Renaming synthetic method lambda$securitycraft$sendChunksToCameras$2(Lnet/minecraft/server/level/ServerPlayer;Lnet/minecraft/world/level/ChunkPos;Lnet/geforcemods/securitycraft/blockentities/SecurityCameraBlockEntity;)Z to md6644f7$lambda$securitycraft$sendChunksToCameras$2$1 in securitycraft.mixins.json:camera.ChunkMapMixin
[05Jan2026 18:39:40.169] [Server thread/DEBUG] [mixin/]: Renaming synthetic method lambda$securitycraft$trackCameraLoadedChunks$1(Lnet/minecraft/server/level/ServerPlayer;Lnet/minecraft/world/level/ChunkPos;Lnet/geforcemods/securitycraft/blockentities/SecurityCameraBlockEntity;)Z to md6644f7$lambda$securitycraft$trackCameraLoadedChunks$1$2 in securitycraft.mixins.json:camera.ChunkMapMixin
[05Jan2026 18:39:40.169] [Server thread/DEBUG] [mixin/]: Renaming synthetic method lambda$securitycraft$trackCameraLoadedChunks$0(Lnet/minecraft/server/level/ServerPlayer;Lnet/geforcemods/securitycraft/blockentities/SecurityCameraBlockEntity;)Z to md6644f7$lambda$securitycraft$trackCameraLoadedChunks$0$3 in securitycraft.mixins.json:camera.ChunkMapMixin
[05Jan2026 18:39:40.406] [Server thread/DEBUG] [mixin/]: Mixing reinforced.PortalForcerMixin from securitycraft.mixins.json into net.minecraft.world.level.portal.PortalForcer
[05Jan2026 18:39:45.276] [Server thread/INFO] [net.minecraft.server.MinecraftServer/]: Preparing start region for dimension minecraft:overworld
[05Jan2026 18:39:46.795] [Worker-Main-2/INFO] [net.minecraft.server.level.progress.LoggerChunkProgressListener/]: Preparing spawn area: 0%
[05Jan2026 18:39:46.797] [Server thread/DEBUG] [mixin/]: Mixing StructureStartMixin from zeta.mixins.json into net.minecraft.world.level.levelgen.structure.StructureStart
[05Jan2026 18:39:46.810] [Worker-Main-1/INFO] [net.minecraft.server.level.progress.LoggerChunkProgressListener/]: Preparing spawn area: 0%
[05Jan2026 18:39:46.811] [Worker-Main-1/INFO] [net.minecraft.server.level.progress.LoggerChunkProgressListener/]: Preparing spawn area: 0%
[05Jan2026 18:39:46.812] [Worker-Main-2/INFO] [net.minecraft.server.level.progress.LoggerChunkProgressListener/]: Preparing spawn area: 0%
[05Jan2026 18:39:46.992] [Server thread/DEBUG] [net.minecraftforge.coremod.transformer.CoreModBaseTransformer/COREMOD]: Transforming net/minecraft/world/level/levelgen/structure/templatesystem/StructureTemplate
[05Jan2026 18:39:47.046] [Server thread/DEBUG] [mixin/]: Mixing passcode.StructureTemplateMixin from securitycraft.mixins.json into net.minecraft.world.level.levelgen.structure.templatesystem.StructureTemplate
[05Jan2026 18:39:47.046] [Server thread/DEBUG] [mixin/]: Mixing StructureTemplateMixin from zeta.mixins.json into net.minecraft.world.level.levelgen.structure.templatesystem.StructureTemplate
[05Jan2026 18:39:47.737] [Worker-Main-1/INFO] [net.minecraft.server.level.progress.LoggerChunkProgressListener/]: Preparing spawn area: 0%
[05Jan2026 18:39:47.789] [Worker-Main-1/INFO] [net.minecraft.server.level.progress.LoggerChunkProgressListener/]: Preparing spawn area: 0%
[05Jan2026 18:39:48.611] [Worker-Main-1/INFO] [net.minecraft.server.level.progress.LoggerChunkProgressListener/]: Preparing spawn area: 0%
[05Jan2026 18:39:48.778] [Worker-Main-3/INFO] [net.minecraft.server.level.progress.LoggerChunkProgressListener/]: Preparing spawn area: 0%
[05Jan2026 18:39:49.280] [Worker-Main-3/INFO] [net.minecraft.server.level.progress.LoggerChunkProgressListener/]: Preparing spawn area: 0%
[05Jan2026 18:39:49.778] [Worker-Main-3/INFO] [net.minecraft.server.level.progress.LoggerChunkProgressListener/]: Preparing spawn area: 0%
[05Jan2026 18:39:50.279] [Worker-Main-3/INFO] [net.minecraft.server.level.progress.LoggerChunkProgressListener/]: Preparing spawn area: 1%
[05Jan2026 18:39:50.778] [Worker-Main-2/INFO] [net.minecraft.server.level.progress.LoggerChunkProgressListener/]: Preparing spawn area: 35%
[05Jan2026 18:39:51.114] [Server thread/INFO] [net.minecraft.server.level.progress.LoggerChunkProgressListener/]: Time elapsed: 5836 ms
[05Jan2026 18:39:51.114] [Server thread/INFO] [net.minecraft.server.dedicated.DedicatedServer/]: Done (11.106s)! For help, type "help"
[05Jan2026 18:39:51.136] [Server thread/DEBUG] [net.minecraftforge.network.DualStackUtils/]: Detected IPv6 address: "0:0:0:0:0:0:0:0"
[05Jan2026 18:39:51.208] [Server thread/DEBUG] [net.minecraftforge.common.ForgeI18n/CORE]: Loading I18N data entries: 9201
[05Jan2026 18:39:51.213] [Server thread/INFO] [net.minecraftforge.server.permission.PermissionAPI/]: Successfully initialized permission handler forge:default_handler
[05Jan2026 18:39:51.244] [Server thread/WARN] [voicechat/]: [voicechat] Running in offline mode - Voice chat encryption is not secure!
[05Jan2026 18:39:51.249] [Server thread/DEBUG] [voicechat/]: [voicechat] Using default voicechat socket implementation
[05Jan2026 18:39:51.253] [VoiceChatServerThread/INFO] [voicechat/]: [voicechat] Voice chat server started at 100.71.154.92:24454
[05Jan2026 18:39:51.269] [Server thread/DEBUG] [io.netty.buffer.AbstractByteBuf/]: -Dio.netty.buffer.checkAccessible: true
[05Jan2026 18:39:51.269] [Server thread/DEBUG] [io.netty.buffer.AbstractByteBuf/]: -Dio.netty.buffer.checkBounds: true
[05Jan2026 18:39:51.270] [Server thread/DEBUG] [io.netty.util.ResourceLeakDetectorFactory/]: Loaded default ResourceLeakDetector: io.netty.util.ResourceLeakDetector@13e049f9
[05Jan2026 18:39:51.288] [Server thread/DEBUG] [mixin/]: Mixing ArmorTrimMixin from quark.mixins.json into net.minecraft.world.item.armortrim.ArmorTrim
[05Jan2026 18:39:51.352] [Server thread/DEBUG] [net.minecraftforge.coremod.transformer.CoreModBaseTransformer/COREMOD]: Transforming net/minecraft/world/level/NaturalSpawner
[05Jan2026 18:39:51.390] [Server thread/DEBUG] [mixin/]: Mixing camera.TrackedEntityMixin from securitycraft.mixins.json into net.minecraft.server.level.ChunkMap$TrackedEntity
[05Jan2026 18:39:51.394] [Server thread/DEBUG] [mixin/]: Mixing roll.EntityTrackerEntryMixin from do_a_barrel_roll.mixins.json into net.minecraft.server.level.ServerEntity
[05Jan2026 18:39:51.394] [Server thread/DEBUG] [mixin/]: Mixing ServerEntityMixin from quark.mixins.json into net.minecraft.server.level.ServerEntity
[05Jan2026 18:40:55.120] [Netty Epoll Server IO #2/DEBUG] [io.netty.util.Recycler/]: -Dio.netty.recycler.maxCapacityPerThread: 4096
[05Jan2026 18:40:55.121] [Netty Epoll Server IO #2/DEBUG] [io.netty.util.Recycler/]: -Dio.netty.recycler.ratio: 8
[05Jan2026 18:40:55.121] [Netty Epoll Server IO #2/DEBUG] [io.netty.util.Recycler/]: -Dio.netty.recycler.chunkSize: 32
[05Jan2026 18:40:55.121] [Netty Epoll Server IO #2/DEBUG] [io.netty.util.Recycler/]: -Dio.netty.recycler.blocking: false
[05Jan2026 18:40:56.674] [Netty Epoll Server IO #3/DEBUG] [net.minecraftforge.network.HandshakeHandler/FMLHANDSHAKE]: Starting new modded impl connection. Found 27 messages to dispatch.
[05Jan2026 18:40:56.704] [Server thread/DEBUG] [net.minecraftforge.network.HandshakeHandler/FMLHANDSHAKE]: Sending ticking packet info 'net.minecraftforge.network.HandshakeMessages$S2CModData' to 'fml:handshake' sequence 0
[05Jan2026 18:40:56.754] [Server thread/DEBUG] [net.minecraftforge.network.HandshakeHandler/FMLHANDSHAKE]: Sending ticking packet info 'net.minecraftforge.network.HandshakeMessages$S2CModList' to 'fml:handshake' sequence 1
[05Jan2026 18:40:56.804] [Server thread/DEBUG] [net.minecraftforge.network.HandshakeHandler/FMLHANDSHAKE]: Sending ticking packet info 'Registry minecraft:command_argument_type' to 'fml:handshake' sequence 2
[05Jan2026 18:40:56.854] [Server thread/DEBUG] [net.minecraftforge.network.HandshakeHandler/FMLHANDSHAKE]: Sending ticking packet info 'Registry minecraft:recipe_serializer' to 'fml:handshake' sequence 3
[05Jan2026 18:40:56.904] [Server thread/DEBUG] [net.minecraftforge.network.HandshakeHandler/FMLHANDSHAKE]: Sending ticking packet info 'Registry minecraft:sound_event' to 'fml:handshake' sequence 4
[05Jan2026 18:40:56.946] [Netty Epoll Server IO #3/DEBUG] [net.minecraftforge.network.LoginWrapper/FMLHANDSHAKE]: Recieved login wrapper packet event for channel fml:handshake with index 1
[05Jan2026 18:40:56.948] [Netty Epoll Server IO #3/DEBUG] [net.minecraftforge.network.HandshakeHandler/FMLHANDSHAKE]: Received client indexed reply 1 of type net.minecraftforge.network.HandshakeMessages$C2SModListReply
[05Jan2026 18:40:56.948] [Netty Epoll Server IO #3/DEBUG] [net.minecraftforge.network.HandshakeHandler/FMLHANDSHAKE]: Received client connection with modlist [minecraft, tconstruct, farmersdelight, trade_cycling, mowziesmobs, geckolib, do_a_barrel_roll, chunky, jei, sophisticatedcore, mantle, xaerominimap, xaeroworldmap, securitycraft, mixinextras, sophisticatedbackpacks, coroutil, carryon, betterf3, watut, cloth_config, voicechat, voicechat_api, forge, zeta, quark, embeddium, rubidium, ironchest]
[05Jan2026 18:40:56.949] [Netty Epoll Server IO #3/DEBUG] [net.minecraftforge.network.NetworkRegistry/NETREGISTRY]: Channel 'watut:main' : Version test of '4' from client : ACCEPTED
[05Jan2026 18:40:56.949] [Netty Epoll Server IO #3/DEBUG] [net.minecraftforge.network.NetworkRegistry/NETREGISTRY]: Channel 'voicechat:secret' : Version test of 'ALLOWVANILLA 💓💓💓' from client : ACCEPTED
[05Jan2026 18:40:56.949] [Netty Epoll Server IO #3/DEBUG] [net.minecraftforge.network.NetworkRegistry/NETREGISTRY]: Channel 'voicechat:leave_group' : Version test of 'ALLOWVANILLA 💓💓💓' from client : ACCEPTED
[05Jan2026 18:40:56.949] [Netty Epoll Server IO #3/DEBUG] [net.minecraftforge.network.NetworkRegistry/NETREGISTRY]: Channel 'voicechat:create_group' : Version test of 'ALLOWVANILLA 💓💓💓' from client : ACCEPTED
[05Jan2026 18:40:56.949] [Netty Epoll Server IO #3/DEBUG] [net.minecraftforge.network.NetworkRegistry/NETREGISTRY]: Channel 'jei:channel' : Version test of '1.0.0' from client : ACCEPTED
[05Jan2026 18:40:56.950] [Netty Epoll Server IO #3/DEBUG] [net.minecraftforge.network.NetworkRegistry/NETREGISTRY]: Channel 'mantle:network' : Version test of '1' from client : ACCEPTED
[05Jan2026 18:40:56.950] [Netty Epoll Server IO #3/DEBUG] [net.minecraftforge.network.NetworkRegistry/NETREGISTRY]: Channel 'carryon:carryonpackets' : Version test of '1.0' from client : ACCEPTED
[05Jan2026 18:40:56.950] [Netty Epoll Server IO #3/DEBUG] [net.minecraftforge.network.NetworkRegistry/NETREGISTRY]: Channel 'minecraft:unregister' : Version test of 'FML3' from client : ACCEPTED
[05Jan2026 18:40:56.950] [Netty Epoll Server IO #3/DEBUG] [net.minecraftforge.network.NetworkRegistry/NETREGISTRY]: Channel 'xaerominimap:main' : Version test of '1.0' from client : ACCEPTED
[05Jan2026 18:40:56.950] [Netty Epoll Server IO #3/DEBUG] [net.minecraftforge.network.NetworkRegistry/NETREGISTRY]: Channel 'sophisticatedbackpacks:channel' : Version test of '1' from client : ACCEPTED
[05Jan2026 18:40:56.950] [Netty Epoll Server IO #3/DEBUG] [net.minecraftforge.network.NetworkRegistry/NETREGISTRY]: Channel 'voicechat:states' : Version test of 'ALLOWVANILLA 💓💓💓' from client : ACCEPTED
[05Jan2026 18:40:56.950] [Netty Epoll Server IO #3/DEBUG] [net.minecraftforge.network.NetworkRegistry/NETREGISTRY]: Channel 'securitycraft:securitycraft' : Version test of 'v1.10.1' from client : ACCEPTED
[05Jan2026 18:40:56.950] [Netty Epoll Server IO #3/DEBUG] [net.minecraftforge.network.NetworkRegistry/NETREGISTRY]: Channel 'trade_cycling:cycle_trades' : Version test of 'ALLOWVANILLA 💓💓💓' from client : ACCEPTED
[05Jan2026 18:40:56.950] [Netty Epoll Server IO #3/DEBUG] [net.minecraftforge.network.NetworkRegistry/NETREGISTRY]: Channel 'voicechat:set_group' : Version test of 'ALLOWVANILLA 💓💓💓' from client : ACCEPTED
[05Jan2026 18:40:56.950] [Netty Epoll Server IO #3/DEBUG] [net.minecraftforge.network.NetworkRegistry/NETREGISTRY]: Channel 'voicechat:joined_group' : Version test of 'ALLOWVANILLA 💓💓💓' from client : ACCEPTED
[05Jan2026 18:40:56.950] [Netty Epoll Server IO #3/DEBUG] [net.minecraftforge.network.NetworkRegistry/NETREGISTRY]: Channel 'do_a_barrel_roll:handshake' : Version test of '' from client : ACCEPTED
[05Jan2026 18:40:56.950] [Netty Epoll Server IO #3/DEBUG] [net.minecraftforge.network.NetworkRegistry/NETREGISTRY]: Channel 'voicechat:update_state' : Version test of 'ALLOWVANILLA 💓💓💓' from client : ACCEPTED
[05Jan2026 18:40:56.950] [Netty Epoll Server IO #3/DEBUG] [net.minecraftforge.network.NetworkRegistry/NETREGISTRY]: Channel 'tconstruct:network' : Version test of '2' from client : ACCEPTED
[05Jan2026 18:40:56.950] [Netty Epoll Server IO #3/DEBUG] [net.minecraftforge.network.NetworkRegistry/NETREGISTRY]: Channel 'voicechat:add_group' : Version test of 'ALLOWVANILLA 💓💓💓' from client : ACCEPTED
[05Jan2026 18:40:56.950] [Netty Epoll Server IO #3/DEBUG] [net.minecraftforge.network.NetworkRegistry/NETREGISTRY]: Channel 'fml:loginwrapper' : Version test of 'FML3' from client : ACCEPTED
[05Jan2026 18:40:56.950] [Netty Epoll Server IO #3/DEBUG] [net.minecraftforge.network.NetworkRegistry/NETREGISTRY]: Channel 'forge:tier_sorting' : Version test of '1.0' from client : ACCEPTED
[05Jan2026 18:40:56.950] [Netty Epoll Server IO #3/DEBUG] [net.minecraftforge.network.NetworkRegistry/NETREGISTRY]: Channel 'quark:main' : Version test of '4' from client : ACCEPTED
[05Jan2026 18:40:56.950] [Netty Epoll Server IO #3/DEBUG] [net.minecraftforge.network.NetworkRegistry/NETREGISTRY]: Channel 'mowziesmobs:net' : Version test of '1' from client : ACCEPTED
[05Jan2026 18:40:56.950] [Netty Epoll Server IO #3/DEBUG] [net.minecraftforge.network.NetworkRegistry/NETREGISTRY]: Channel 'fml:play' : Version test of 'FML3' from client : ACCEPTED
[05Jan2026 18:40:56.950] [Netty Epoll Server IO #3/DEBUG] [net.minecraftforge.network.NetworkRegistry/NETREGISTRY]: Channel 'do_a_barrel_roll:server_config_update' : Version test of '' from client : ACCEPTED
[05Jan2026 18:40:56.950] [Netty Epoll Server IO #3/DEBUG] [net.minecraftforge.network.NetworkRegistry/NETREGISTRY]: Channel 'voicechat:request_secret' : Version test of 'ALLOWVANILLA 💓💓💓' from client : ACCEPTED
[05Jan2026 18:40:56.950] [Netty Epoll Server IO #3/DEBUG] [net.minecraftforge.network.NetworkRegistry/NETREGISTRY]: Channel 'sophisticatedcore:channel' : Version test of '1' from client : ACCEPTED
[05Jan2026 18:40:56.950] [Netty Epoll Server IO #3/DEBUG] [net.minecraftforge.network.NetworkRegistry/NETREGISTRY]: Channel 'fml:handshake' : Version test of 'FML3' from client : ACCEPTED
[05Jan2026 18:40:56.950] [Netty Epoll Server IO #3/DEBUG] [net.minecraftforge.network.NetworkRegistry/NETREGISTRY]: Channel 'voicechat:state' : Version test of 'ALLOWVANILLA 💓💓💓' from client : ACCEPTED
[05Jan2026 18:40:56.950] [Netty Epoll Server IO #3/DEBUG] [net.minecraftforge.network.NetworkRegistry/NETREGISTRY]: Channel 'voicechat:remove_category' : Version test of 'ALLOWVANILLA 💓💓💓' from client : ACCEPTED
[05Jan2026 18:40:56.951] [Netty Epoll Server IO #3/DEBUG] [net.minecraftforge.network.NetworkRegistry/NETREGISTRY]: Channel 'ironchest:network' : Version test of '1' from client : ACCEPTED
[05Jan2026 18:40:56.951] [Netty Epoll Server IO #3/DEBUG] [net.minecraftforge.network.NetworkRegistry/NETREGISTRY]: Channel 'voicechat:remove_group' : Version test of 'ALLOWVANILLA 💓💓💓' from client : ACCEPTED
[05Jan2026 18:40:56.951] [Netty Epoll Server IO #3/DEBUG] [net.minecraftforge.network.NetworkRegistry/NETREGISTRY]: Channel 'voicechat:add_category' : Version test of 'ALLOWVANILLA 💓💓💓' from client : ACCEPTED
[05Jan2026 18:40:56.951] [Netty Epoll Server IO #3/DEBUG] [net.minecraftforge.network.NetworkRegistry/NETREGISTRY]: Channel 'zeta:main' : Version test of '1' from client : ACCEPTED
[05Jan2026 18:40:56.951] [Netty Epoll Server IO #3/DEBUG] [net.minecraftforge.network.NetworkRegistry/NETREGISTRY]: Channel 'xaeroworldmap:main' : Version test of '1.0' from client : ACCEPTED
[05Jan2026 18:40:56.951] [Netty Epoll Server IO #3/DEBUG] [net.minecraftforge.network.NetworkRegistry/NETREGISTRY]: Channel 'voicechat:remove_state' : Version test of 'ALLOWVANILLA 💓💓💓' from client : ACCEPTED
[05Jan2026 18:40:56.951] [Netty Epoll Server IO #3/DEBUG] [net.minecraftforge.network.NetworkRegistry/NETREGISTRY]: Channel 'minecraft:register' : Version test of 'FML3' from client : ACCEPTED
[05Jan2026 18:40:56.951] [Netty Epoll Server IO #3/DEBUG] [net.minecraftforge.network.NetworkRegistry/NETREGISTRY]: Channel 'forge:split' : Version test of '1.1' from client : ACCEPTED
[05Jan2026 18:40:56.951] [Netty Epoll Server IO #3/DEBUG] [net.minecraftforge.network.NetworkRegistry/NETREGISTRY]: Channel 'geckolib:main' : Version test of '1' from client : ACCEPTED
[05Jan2026 18:40:56.951] [Netty Epoll Server IO #3/DEBUG] [net.minecraftforge.network.NetworkRegistry/NETREGISTRY]: Channel 'do_a_barrel_roll:player_roll' : Version test of '' from client : ACCEPTED
[05Jan2026 18:40:56.951] [Netty Epoll Server IO #3/DEBUG] [net.minecraftforge.network.NetworkRegistry/NETREGISTRY]: Accepting channel list from client
[05Jan2026 18:40:56.952] [Netty Epoll Server IO #3/DEBUG] [net.minecraftforge.network.HandshakeHandler/FMLHANDSHAKE]: Accepted client connection mod list
[05Jan2026 18:40:56.954] [Server thread/DEBUG] [net.minecraftforge.network.HandshakeHandler/FMLHANDSHAKE]: Sending ticking packet info 'Registry minecraft:particle_type' to 'fml:handshake' sequence 5
[05Jan2026 18:40:56.990] [Netty Epoll Server IO #3/DEBUG] [net.minecraftforge.network.LoginWrapper/FMLHANDSHAKE]: Recieved login wrapper packet event for channel fml:handshake with index 2
[05Jan2026 18:40:56.991] [Netty Epoll Server IO #3/DEBUG] [net.minecraftforge.network.HandshakeHandler/FMLHANDSHAKE]: Received client indexed reply 2 of type net.minecraftforge.network.HandshakeMessages$C2SAcknowledge
[05Jan2026 18:40:56.991] [Netty Epoll Server IO #3/DEBUG] [net.minecraftforge.network.HandshakeHandler/FMLHANDSHAKE]: Received acknowledgement from client
[05Jan2026 18:40:57.003] [Server thread/DEBUG] [net.minecraftforge.network.HandshakeHandler/FMLHANDSHAKE]: Sending ticking packet info 'Registry minecraft:villager_profession' to 'fml:handshake' sequence 6
[05Jan2026 18:40:57.028] [Netty Epoll Server IO #3/DEBUG] [net.minecraftforge.network.LoginWrapper/FMLHANDSHAKE]: Recieved login wrapper packet event for channel fml:handshake with index 3
[05Jan2026 18:40:57.028] [Netty Epoll Server IO #3/DEBUG] [net.minecraftforge.network.HandshakeHandler/FMLHANDSHAKE]: Received client indexed reply 3 of type net.minecraftforge.network.HandshakeMessages$C2SAcknowledge
[05Jan2026 18:40:57.028] [Netty Epoll Server IO #3/DEBUG] [net.minecraftforge.network.HandshakeHandler/FMLHANDSHAKE]: Received acknowledgement from client
[05Jan2026 18:40:57.053] [Server thread/DEBUG] [net.minecraftforge.network.HandshakeHandler/FMLHANDSHAKE]: Sending ticking packet info 'Registry minecraft:item' to 'fml:handshake' sequence 7
[05Jan2026 18:40:57.104] [Server thread/DEBUG] [net.minecraftforge.network.HandshakeHandler/FMLHANDSHAKE]: Sending ticking packet info 'Registry minecraft:potion' to 'fml:handshake' sequence 8
[05Jan2026 18:40:57.154] [Server thread/DEBUG] [net.minecraftforge.network.HandshakeHandler/FMLHANDSHAKE]: Sending ticking packet info 'Registry minecraft:painting_variant' to 'fml:handshake' sequence 9
[05Jan2026 18:40:57.204] [Server thread/DEBUG] [net.minecraftforge.network.HandshakeHandler/FMLHANDSHAKE]: Sending ticking packet info 'Registry forge:fluid_type' to 'fml:handshake' sequence 10
[05Jan2026 18:40:57.254] [Server thread/DEBUG] [net.minecraftforge.network.HandshakeHandler/FMLHANDSHAKE]: Sending ticking packet info 'Registry minecraft:block_entity_type' to 'fml:handshake' sequence 11
[05Jan2026 18:40:57.304] [Server thread/DEBUG] [net.minecraftforge.network.HandshakeHandler/FMLHANDSHAKE]: Sending ticking packet info 'Registry forge:display_contexts' to 'fml:handshake' sequence 12
[05Jan2026 18:40:57.354] [Server thread/DEBUG] [net.minecraftforge.network.HandshakeHandler/FMLHANDSHAKE]: Sending ticking packet info 'Registry minecraft:block' to 'fml:handshake' sequence 13
[05Jan2026 18:40:57.404] [Server thread/DEBUG] [net.minecraftforge.network.HandshakeHandler/FMLHANDSHAKE]: Sending ticking packet info 'Registry forge:entity_data_serializers' to 'fml:handshake' sequence 14
[05Jan2026 18:40:57.432] [Netty Epoll Server IO #3/DEBUG] [net.minecraftforge.network.LoginWrapper/FMLHANDSHAKE]: Recieved login wrapper packet event for channel fml:handshake with index 4
[05Jan2026 18:40:57.432] [Netty Epoll Server IO #3/DEBUG] [net.minecraftforge.network.HandshakeHandler/FMLHANDSHAKE]: Received client indexed reply 4 of type net.minecraftforge.network.HandshakeMessages$C2SAcknowledge
[05Jan2026 18:40:57.432] [Netty Epoll Server IO #3/DEBUG] [net.minecraftforge.network.HandshakeHandler/FMLHANDSHAKE]: Received acknowledgement from client
[05Jan2026 18:40:57.433] [Netty Epoll Server IO #3/DEBUG] [net.minecraftforge.network.LoginWrapper/FMLHANDSHAKE]: Recieved login wrapper packet event for channel fml:handshake with index 5
[05Jan2026 18:40:57.433] [Netty Epoll Server IO #3/DEBUG] [net.minecraftforge.network.HandshakeHandler/FMLHANDSHAKE]: Received client indexed reply 5 of type net.minecraftforge.network.HandshakeMessages$C2SAcknowledge
[05Jan2026 18:40:57.433] [Netty Epoll Server IO #3/DEBUG] [net.minecraftforge.network.HandshakeHandler/FMLHANDSHAKE]: Received acknowledgement from client
[05Jan2026 18:40:57.433] [Netty Epoll Server IO #3/DEBUG] [net.minecraftforge.network.LoginWrapper/FMLHANDSHAKE]: Recieved login wrapper packet event for channel fml:handshake with index 6
[05Jan2026 18:40:57.433] [Netty Epoll Server IO #3/DEBUG] [net.minecraftforge.network.HandshakeHandler/FMLHANDSHAKE]: Received client indexed reply 6 of type net.minecraftforge.network.HandshakeMessages$C2SAcknowledge
[05Jan2026 18:40:57.433] [Netty Epoll Server IO #3/DEBUG] [net.minecraftforge.network.HandshakeHandler/FMLHANDSHAKE]: Received acknowledgement from client
[05Jan2026 18:40:57.454] [Server thread/DEBUG] [net.minecraftforge.network.HandshakeHandler/FMLHANDSHAKE]: Sending ticking packet info 'Registry minecraft:mob_effect' to 'fml:handshake' sequence 15
[05Jan2026 18:40:57.504] [Server thread/DEBUG] [net.minecraftforge.network.HandshakeHandler/FMLHANDSHAKE]: Sending ticking packet info 'Registry minecraft:stat_type' to 'fml:handshake' sequence 16
[05Jan2026 18:40:57.554] [Server thread/DEBUG] [net.minecraftforge.network.HandshakeHandler/FMLHANDSHAKE]: Sending ticking packet info 'Registry minecraft:menu' to 'fml:handshake' sequence 17
[05Jan2026 18:40:57.604] [Server thread/DEBUG] [net.minecraftforge.network.HandshakeHandler/FMLHANDSHAKE]: Sending ticking packet info 'Registry minecraft:enchantment' to 'fml:handshake' sequence 18
[05Jan2026 18:40:57.644] [Netty Epoll Server IO #3/DEBUG] [net.minecraftforge.network.LoginWrapper/FMLHANDSHAKE]: Recieved login wrapper packet event for channel fml:handshake with index 7
[05Jan2026 18:40:57.644] [Netty Epoll Server IO #3/DEBUG] [net.minecraftforge.network.HandshakeHandler/FMLHANDSHAKE]: Received client indexed reply 7 of type net.minecraftforge.network.HandshakeMessages$C2SAcknowledge
[05Jan2026 18:40:57.644] [Netty Epoll Server IO #3/DEBUG] [net.minecraftforge.network.HandshakeHandler/FMLHANDSHAKE]: Received acknowledgement from client
[05Jan2026 18:40:57.644] [Netty Epoll Server IO #3/DEBUG] [net.minecraftforge.network.LoginWrapper/FMLHANDSHAKE]: Recieved login wrapper packet event for channel fml:handshake with index 8
[05Jan2026 18:40:57.644] [Netty Epoll Server IO #3/DEBUG] [net.minecraftforge.network.HandshakeHandler/FMLHANDSHAKE]: Received client indexed reply 8 of type net.minecraftforge.network.HandshakeMessages$C2SAcknowledge
[05Jan2026 18:40:57.644] [Netty Epoll Server IO #3/DEBUG] [net.minecraftforge.network.HandshakeHandler/FMLHANDSHAKE]: Received acknowledgement from client
[05Jan2026 18:40:57.645] [Netty Epoll Server IO #3/DEBUG] [net.minecraftforge.network.LoginWrapper/FMLHANDSHAKE]: Recieved login wrapper packet event for channel fml:handshake with index 9
[05Jan2026 18:40:57.645] [Netty Epoll Server IO #3/DEBUG] [net.minecraftforge.network.HandshakeHandler/FMLHANDSHAKE]: Received client indexed reply 9 of type net.minecraftforge.network.HandshakeMessages$C2SAcknowledge
[05Jan2026 18:40:57.645] [Netty Epoll Server IO #3/DEBUG] [net.minecraftforge.network.HandshakeHandler/FMLHANDSHAKE]: Received acknowledgement from client
[05Jan2026 18:40:57.645] [Netty Epoll Server IO #3/DEBUG] [net.minecraftforge.network.LoginWrapper/FMLHANDSHAKE]: Recieved login wrapper packet event for channel fml:handshake with index 10
[05Jan2026 18:40:57.645] [Netty Epoll Server IO #3/DEBUG] [net.minecraftforge.network.HandshakeHandler/FMLHANDSHAKE]: Received client indexed reply 10 of type net.minecraftforge.network.HandshakeMessages$C2SAcknowledge
[05Jan2026 18:40:57.645] [Netty Epoll Server IO #3/DEBUG] [net.minecraftforge.network.HandshakeHandler/FMLHANDSHAKE]: Received acknowledgement from client
[05Jan2026 18:40:57.645] [Netty Epoll Server IO #3/DEBUG] [net.minecraftforge.network.LoginWrapper/FMLHANDSHAKE]: Recieved login wrapper packet event for channel fml:handshake with index 11
[05Jan2026 18:40:57.645] [Netty Epoll Server IO #3/DEBUG] [net.minecraftforge.network.HandshakeHandler/FMLHANDSHAKE]: Received client indexed reply 11 of type net.minecraftforge.network.HandshakeMessages$C2SAcknowledge
[05Jan2026 18:40:57.645] [Netty Epoll Server IO #3/DEBUG] [net.minecraftforge.network.HandshakeHandler/FMLHANDSHAKE]: Received acknowledgement from client
[05Jan2026 18:40:57.654] [Server thread/DEBUG] [net.minecraftforge.network.HandshakeHandler/FMLHANDSHAKE]: Sending ticking packet info 'Registry minecraft:fluid' to 'fml:handshake' sequence 19
[05Jan2026 18:40:57.654] [Netty Epoll Server IO #3/DEBUG] [net.minecraftforge.network.LoginWrapper/FMLHANDSHAKE]: Recieved login wrapper packet event for channel fml:handshake with index 12
[05Jan2026 18:40:57.654] [Netty Epoll Server IO #3/DEBUG] [net.minecraftforge.network.HandshakeHandler/FMLHANDSHAKE]: Received client indexed reply 12 of type net.minecraftforge.network.HandshakeMessages$C2SAcknowledge
[05Jan2026 18:40:57.654] [Netty Epoll Server IO #3/DEBUG] [net.minecraftforge.network.HandshakeHandler/FMLHANDSHAKE]: Received acknowledgement from client
[05Jan2026 18:40:57.704] [Server thread/DEBUG] [net.minecraftforge.network.HandshakeHandler/FMLHANDSHAKE]: Sending ticking packet info 'Registry minecraft:entity_type' to 'fml:handshake' sequence 20
[05Jan2026 18:40:57.753] [Server thread/DEBUG] [net.minecraftforge.network.HandshakeHandler/FMLHANDSHAKE]: Sending ticking packet info 'Config securitycraft-server.toml' to 'fml:handshake' sequence 21
[05Jan2026 18:40:57.804] [Server thread/DEBUG] [net.minecraftforge.network.HandshakeHandler/FMLHANDSHAKE]: Sending ticking packet info 'Config sophisticatedbackpacks-server.toml' to 'fml:handshake' sequence 22
[05Jan2026 18:40:57.828] [Netty Epoll Server IO #3/DEBUG] [net.minecraftforge.network.LoginWrapper/FMLHANDSHAKE]: Recieved login wrapper packet event for channel fml:handshake with index 13
[05Jan2026 18:40:57.828] [Netty Epoll Server IO #3/DEBUG] [net.minecraftforge.network.HandshakeHandler/FMLHANDSHAKE]: Received client indexed reply 13 of type net.minecraftforge.network.HandshakeMessages$C2SAcknowledge
[05Jan2026 18:40:57.828] [Netty Epoll Server IO #3/DEBUG] [net.minecraftforge.network.HandshakeHandler/FMLHANDSHAKE]: Received acknowledgement from client
[05Jan2026 18:40:57.828] [Netty Epoll Server IO #3/DEBUG] [net.minecraftforge.network.LoginWrapper/FMLHANDSHAKE]: Recieved login wrapper packet event for channel fml:handshake with index 14
[05Jan2026 18:40:57.829] [Netty Epoll Server IO #3/DEBUG] [net.minecraftforge.network.HandshakeHandler/FMLHANDSHAKE]: Received client indexed reply 14 of type net.minecraftforge.network.HandshakeMessages$C2SAcknowledge
[05Jan2026 18:40:57.829] [Netty Epoll Server IO #3/DEBUG] [net.minecraftforge.network.HandshakeHandler/FMLHANDSHAKE]: Received acknowledgement from client
[05Jan2026 18:40:57.854] [Server thread/DEBUG] [net.minecraftforge.network.HandshakeHandler/FMLHANDSHAKE]: Sending ticking packet info 'Config mantle-server.toml' to 'fml:handshake' sequence 23
[05Jan2026 18:40:57.904] [Server thread/DEBUG] [net.minecraftforge.network.HandshakeHandler/FMLHANDSHAKE]: Sending ticking packet info 'Config jei-server.toml' to 'fml:handshake' sequence 24
[05Jan2026 18:40:57.954] [Server thread/DEBUG] [net.minecraftforge.network.HandshakeHandler/FMLHANDSHAKE]: Sending ticking packet info 'Config forge-server.toml' to 'fml:handshake' sequence 25
[05Jan2026 18:40:58.003] [Server thread/DEBUG] [net.minecraftforge.network.HandshakeHandler/FMLHANDSHAKE]: Sending ticking packet info 'org.violetmoon.zeta.network.message.S2CLoginFlag' to 'zeta:main' sequence 26
[05Jan2026 18:40:58.024] [Netty Epoll Server IO #3/DEBUG] [net.minecraftforge.network.LoginWrapper/FMLHANDSHAKE]: Recieved login wrapper packet event for channel fml:handshake with index 15
[05Jan2026 18:40:58.024] [Netty Epoll Server IO #3/DEBUG] [net.minecraftforge.network.HandshakeHandler/FMLHANDSHAKE]: Received client indexed reply 15 of type net.minecraftforge.network.HandshakeMessages$C2SAcknowledge
[05Jan2026 18:40:58.024] [Netty Epoll Server IO #3/DEBUG] [net.minecraftforge.network.HandshakeHandler/FMLHANDSHAKE]: Received acknowledgement from client
[05Jan2026 18:40:58.674] [Netty Epoll Server IO #3/DEBUG] [net.minecraftforge.network.LoginWrapper/FMLHANDSHAKE]: Recieved login wrapper packet event for channel fml:handshake with index 16
[05Jan2026 18:40:58.674] [Netty Epoll Server IO #3/DEBUG] [net.minecraftforge.network.HandshakeHandler/FMLHANDSHAKE]: Received client indexed reply 16 of type net.minecraftforge.network.HandshakeMessages$C2SAcknowledge
[05Jan2026 18:40:58.674] [Netty Epoll Server IO #3/DEBUG] [net.minecraftforge.network.HandshakeHandler/FMLHANDSHAKE]: Received acknowledgement from client
[05Jan2026 18:40:58.675] [Netty Epoll Server IO #3/DEBUG] [net.minecraftforge.network.LoginWrapper/FMLHANDSHAKE]: Recieved login wrapper packet event for channel fml:handshake with index 17
[05Jan2026 18:40:58.675] [Netty Epoll Server IO #3/DEBUG] [net.minecraftforge.network.HandshakeHandler/FMLHANDSHAKE]: Received client indexed reply 17 of type net.minecraftforge.network.HandshakeMessages$C2SAcknowledge
[05Jan2026 18:40:58.675] [Netty Epoll Server IO #3/DEBUG] [net.minecraftforge.network.HandshakeHandler/FMLHANDSHAKE]: Received acknowledgement from client
[05Jan2026 18:40:58.675] [Netty Epoll Server IO #3/DEBUG] [net.minecraftforge.network.LoginWrapper/FMLHANDSHAKE]: Recieved login wrapper packet event for channel fml:handshake with index 18
[05Jan2026 18:40:58.675] [Netty Epoll Server IO #3/DEBUG] [net.minecraftforge.network.HandshakeHandler/FMLHANDSHAKE]: Received client indexed reply 18 of type net.minecraftforge.network.HandshakeMessages$C2SAcknowledge
[05Jan2026 18:40:58.675] [Netty Epoll Server IO #3/DEBUG] [net.minecraftforge.network.HandshakeHandler/FMLHANDSHAKE]: Received acknowledgement from client
[05Jan2026 18:40:58.676] [Netty Epoll Server IO #3/DEBUG] [net.minecraftforge.network.LoginWrapper/FMLHANDSHAKE]: Recieved login wrapper packet event for channel fml:handshake with index 19
[05Jan2026 18:40:58.676] [Netty Epoll Server IO #3/DEBUG] [net.minecraftforge.network.HandshakeHandler/FMLHANDSHAKE]: Received client indexed reply 19 of type net.minecraftforge.network.HandshakeMessages$C2SAcknowledge
[05Jan2026 18:40:58.676] [Netty Epoll Server IO #3/DEBUG] [net.minecraftforge.network.HandshakeHandler/FMLHANDSHAKE]: Received acknowledgement from client
[05Jan2026 18:41:05.055] [Netty Epoll Server IO #3/DEBUG] [net.minecraftforge.network.LoginWrapper/FMLHANDSHAKE]: Recieved login wrapper packet event for channel fml:handshake with index 20
[05Jan2026 18:41:05.055] [Netty Epoll Server IO #3/DEBUG] [net.minecraftforge.network.HandshakeHandler/FMLHANDSHAKE]: Received client indexed reply 20 of type net.minecraftforge.network.HandshakeMessages$C2SAcknowledge
[05Jan2026 18:41:05.055] [Netty Epoll Server IO #3/DEBUG] [net.minecraftforge.network.HandshakeHandler/FMLHANDSHAKE]: Received acknowledgement from client
[05Jan2026 18:41:05.075] [Netty Epoll Server IO #3/DEBUG] [net.minecraftforge.network.LoginWrapper/FMLHANDSHAKE]: Recieved login wrapper packet event for channel fml:handshake with index 21
[05Jan2026 18:41:05.075] [Netty Epoll Server IO #3/DEBUG] [net.minecraftforge.network.HandshakeHandler/FMLHANDSHAKE]: Received client indexed reply 21 of type net.minecraftforge.network.HandshakeMessages$C2SAcknowledge
[05Jan2026 18:41:05.075] [Netty Epoll Server IO #3/DEBUG] [net.minecraftforge.network.HandshakeHandler/FMLHANDSHAKE]: Received acknowledgement from client
[05Jan2026 18:41:05.083] [Netty Epoll Server IO #3/DEBUG] [net.minecraftforge.network.LoginWrapper/FMLHANDSHAKE]: Recieved login wrapper packet event for channel fml:handshake with index 22
[05Jan2026 18:41:05.083] [Netty Epoll Server IO #3/DEBUG] [net.minecraftforge.network.HandshakeHandler/FMLHANDSHAKE]: Received client indexed reply 22 of type net.minecraftforge.network.HandshakeMessages$C2SAcknowledge
[05Jan2026 18:41:05.083] [Netty Epoll Server IO #3/DEBUG] [net.minecraftforge.network.HandshakeHandler/FMLHANDSHAKE]: Received acknowledgement from client
[05Jan2026 18:41:05.083] [Netty Epoll Server IO #3/DEBUG] [net.minecraftforge.network.LoginWrapper/FMLHANDSHAKE]: Recieved login wrapper packet event for channel fml:handshake with index 23
[05Jan2026 18:41:05.083] [Netty Epoll Server IO #3/DEBUG] [net.minecraftforge.network.HandshakeHandler/FMLHANDSHAKE]: Received client indexed reply 23 of type net.minecraftforge.network.HandshakeMessages$C2SAcknowledge
[05Jan2026 18:41:05.083] [Netty Epoll Server IO #3/DEBUG] [net.minecraftforge.network.HandshakeHandler/FMLHANDSHAKE]: Received acknowledgement from client
[05Jan2026 18:41:05.083] [Netty Epoll Server IO #3/DEBUG] [net.minecraftforge.network.LoginWrapper/FMLHANDSHAKE]: Recieved login wrapper packet event for channel fml:handshake with index 24
[05Jan2026 18:41:05.083] [Netty Epoll Server IO #3/DEBUG] [net.minecraftforge.network.HandshakeHandler/FMLHANDSHAKE]: Received client indexed reply 24 of type net.minecraftforge.network.HandshakeMessages$C2SAcknowledge
[05Jan2026 18:41:05.084] [Netty Epoll Server IO #3/DEBUG] [net.minecraftforge.network.HandshakeHandler/FMLHANDSHAKE]: Received acknowledgement from client
[05Jan2026 18:41:05.084] [Netty Epoll Server IO #3/DEBUG] [net.minecraftforge.network.LoginWrapper/FMLHANDSHAKE]: Recieved login wrapper packet event for channel fml:handshake with index 25
[05Jan2026 18:41:05.084] [Netty Epoll Server IO #3/DEBUG] [net.minecraftforge.network.HandshakeHandler/FMLHANDSHAKE]: Received client indexed reply 25 of type net.minecraftforge.network.HandshakeMessages$C2SAcknowledge
[05Jan2026 18:41:05.084] [Netty Epoll Server IO #3/DEBUG] [net.minecraftforge.network.HandshakeHandler/FMLHANDSHAKE]: Received acknowledgement from client
[05Jan2026 18:41:05.084] [Netty Epoll Server IO #3/DEBUG] [net.minecraftforge.network.LoginWrapper/FMLHANDSHAKE]: Recieved login wrapper packet event for channel zeta:main with index 26
[05Jan2026 18:41:05.085] [Netty Epoll Server IO #3/DEBUG] [net.minecraftforge.network.HandshakeHandler/FMLHANDSHAKE]: Received client indexed reply 26 of type org.violetmoon.zeta.network.message.C2SLoginFlag
[05Jan2026 18:41:05.104] [Server thread/DEBUG] [net.minecraftforge.network.HandshakeHandler/FMLHANDSHAKE]: Handshake complete!
[05Jan2026 18:41:05.156] [Server thread/WARN] [net.minecraft.network.syncher.SynchedEntityData/]: defineId called for: class net.minecraft.world.entity.player.Player from class tschipp.carryon.common.carry.CarryOnDataManager
[05Jan2026 18:41:05.214] [Server thread/INFO] [net.minecraft.server.players.PlayerList/]: Brunooyb[/100.91.245.104:63454] logged in with entity id 131 at (-1209.395331988477, 111.0, 964.6999999880791)
[05Jan2026 18:41:05.224] [Server thread/DEBUG] [net.minecraftforge.network.filters.NetworkFilters/]: Injected net.minecraftforge.network.filters.ForgeConnectionNetworkFilter@38cc6a0a into net.minecraft.network.Connection@620bba75
[05Jan2026 18:41:05.342] [Server thread/INFO] [net.minecraft.server.MinecraftServer/]: Brunooyb joined the game
[05Jan2026 18:41:05.412] [Server thread/DEBUG] [voicechat/]: [voicechat] Setting default state of Brunooyb: {disabled=false, disconnected=true, uuid=5fb65929-8ae8-3411-89c0-79e402417fc1, name=Brunooyb, group=null}
[05Jan2026 18:41:05.468] [Server thread/DEBUG] [mixin/]: Mixing PlayerAdvancementsMixin from quark.mixins.json into net.minecraft.server.advancements.AdvancementVisibilityEvaluator
[05Jan2026 18:41:06.973] [Server thread/INFO] [voicechat/]: [voicechat] Received secret request of Brunooyb (20)
[05Jan2026 18:41:06.974] [Server thread/DEBUG] [voicechat/]: [voicechat] Sending initial states to Brunooyb
[05Jan2026 18:41:06.974] [Server thread/DEBUG] [voicechat/]: [voicechat] Synchronizing 0 groups with Brunooyb
[05Jan2026 18:41:06.974] [Server thread/DEBUG] [voicechat/]: [voicechat] Synchronizing 0 volume categories with Brunooyb
[05Jan2026 18:41:06.975] [Server thread/INFO] [voicechat/]: [voicechat] Sent secret to Brunooyb
[05Jan2026 18:41:07.040] [Server thread/DEBUG] [mixin/]: Mixing boat.VanillaInventoryCodeHooksMixin from securitycraft.mixins.json into net.minecraftforge.items.VanillaInventoryCodeHooks
[05Jan2026 18:41:07.040] [Server thread/DEBUG] [mixin/]: Renaming synthetic method lambda$securitycraft$callGetCapabilityForSecuritySeaBoat$0(Lnet/geforcemods/securitycraft/entity/SecuritySeaBoat;Lnet/minecraftforge/items/IItemHandler;)Lorg/apache/commons/lang3/tuple/Pair; to md6644f7$lambda$securitycraft$callGetCapabilityForSecuritySeaBoat$0$0 in securitycraft.mixins.json:boat.VanillaInventoryCodeHooksMixin
[05Jan2026 18:41:07.108] [Server thread/DEBUG] [mixin/]: Mixing HarvestFarmlandMixin from quark.mixins.json into net.minecraft.world.entity.ai.behavior.HarvestFarmland
[05Jan2026 18:41:07.538] [Server thread/DEBUG] [io.netty.util.internal.ThreadLocalRandom/]: -Dio.netty.initialSeedUniquifier: 0x0f5bd4de6f888104
[05Jan2026 18:41:07.570] [Server thread/DEBUG] [mixin/]: Mixing PotionUtilsMixin from quark.mixins.json into net.minecraft.world.item.alchemy.PotionUtils
[05Jan2026 18:41:10.161] [Server thread/WARN] [net.minecraft.world.level.entity.PersistentEntitySectionManager/]: UUID of added entity already exists: Villager['Villager'/389, l='ServerLevel[world]', x=-1119.31, y=104.56, z=799.35]
[05Jan2026 18:41:20.872] [Server thread/INFO] [do_a_barrel_roll/]: Client of Brunooyb accepted server config.
[05Jan2026 18:41:21.165] [VoiceChatPacketProcessingThread/INFO] [voicechat/]: [voicechat] Successfully authenticated player 5fb65929-8ae8-3411-89c0-79e402417fc1
[05Jan2026 18:41:22.170] [VoiceChatPacketProcessingThread/INFO] [voicechat/]: [voicechat] Successfully validated connection of player 5fb65929-8ae8-3411-89c0-79e402417fc1
[05Jan2026 18:41:22.171] [VoiceChatPacketProcessingThread/DEBUG] [voicechat/]: [voicechat] Set state of Brunooyb to connected: {disabled=false, disconnected=false, uuid=5fb65929-8ae8-3411-89c0-79e402417fc1, name=Brunooyb, group=null}
[05Jan2026 18:41:22.174] [VoiceChatPacketProcessingThread/INFO] [voicechat/]: [voicechat] Player Brunooyb (5fb65929-8ae8-3411-89c0-79e402417fc1) successfully connected to voice chat
[05Jan2026 18:41:22.387] [Server thread/DEBUG] [voicechat/]: [voicechat] Got state of Brunooyb: {disabled=false, disconnected=false, uuid=5fb65929-8ae8-3411-89c0-79e402417fc1, name=Brunooyb, group=null}
[05Jan2026 18:43:33.015] [Server thread/INFO] [net.minecraft.server.network.ServerGamePacketListenerImpl/]: Brunooyb lost connection: Disconnected
[05Jan2026 18:43:33.015] [Server thread/INFO] [net.minecraft.server.MinecraftServer/]: Brunooyb left the game
[05Jan2026 18:43:33.016] [Server thread/DEBUG] [voicechat/]: [voicechat] Removing state of Brunooyb
[05Jan2026 18:43:33.018] [Server thread/INFO] [voicechat/]: [voicechat] Disconnecting client Brunooyb
[05Jan2026 18:44:51.220] [Server thread/DEBUG] [net.minecraftforge.common.ForgeHooks/WP]: Gathering id map for writing to world save world
[05Jan2026 18:44:51.234] [Server thread/DEBUG] [net.minecraftforge.common.ForgeHooks/WP]: ID Map collection complete world
[05Jan2026 18:46:01.978] [Netty Epoll Server IO #6/DEBUG] [net.minecraftforge.network.HandshakeHandler/FMLHANDSHAKE]: Starting new modded impl connection. Found 27 messages to dispatch.
[05Jan2026 18:46:02.003] [Server thread/DEBUG] [net.minecraftforge.network.HandshakeHandler/FMLHANDSHAKE]: Sending ticking packet info 'net.minecraftforge.network.HandshakeMessages$S2CModData' to 'fml:handshake' sequence 0
[05Jan2026 18:46:02.053] [Server thread/DEBUG] [net.minecraftforge.network.HandshakeHandler/FMLHANDSHAKE]: Sending ticking packet info 'net.minecraftforge.network.HandshakeMessages$S2CModList' to 'fml:handshake' sequence 1
[05Jan2026 18:46:02.103] [Server thread/DEBUG] [net.minecraftforge.network.HandshakeHandler/FMLHANDSHAKE]: Sending ticking packet info 'Registry minecraft:command_argument_type' to 'fml:handshake' sequence 2
[05Jan2026 18:46:02.153] [Server thread/DEBUG] [net.minecraftforge.network.HandshakeHandler/FMLHANDSHAKE]: Sending ticking packet info 'Registry minecraft:recipe_serializer' to 'fml:handshake' sequence 3
[05Jan2026 18:46:02.203] [Server thread/DEBUG] [net.minecraftforge.network.HandshakeHandler/FMLHANDSHAKE]: Sending ticking packet info 'Registry minecraft:sound_event' to 'fml:handshake' sequence 4
[05Jan2026 18:46:02.232] [Netty Epoll Server IO #6/DEBUG] [net.minecraftforge.network.LoginWrapper/FMLHANDSHAKE]: Recieved login wrapper packet event for channel fml:handshake with index 1
[05Jan2026 18:46:02.232] [Netty Epoll Server IO #6/DEBUG] [net.minecraftforge.network.HandshakeHandler/FMLHANDSHAKE]: Received client indexed reply 1 of type net.minecraftforge.network.HandshakeMessages$C2SModListReply
[05Jan2026 18:46:02.232] [Netty Epoll Server IO #6/DEBUG] [net.minecraftforge.network.HandshakeHandler/FMLHANDSHAKE]: Received client connection with modlist [minecraft, tconstruct, farmersdelight, trade_cycling, mowziesmobs, geckolib, do_a_barrel_roll, chunky, jei, sophisticatedcore, mantle, xaerominimap, xaeroworldmap, securitycraft, mixinextras, sophisticatedbackpacks, coroutil, carryon, betterf3, watut, cloth_config, voicechat, voicechat_api, forge, zeta, quark, embeddium, rubidium, ironchest]
[05Jan2026 18:46:02.232] [Netty Epoll Server IO #6/DEBUG] [net.minecraftforge.network.NetworkRegistry/NETREGISTRY]: Channel 'watut:main' : Version test of '4' from client : ACCEPTED
[05Jan2026 18:46:02.232] [Netty Epoll Server IO #6/DEBUG] [net.minecraftforge.network.NetworkRegistry/NETREGISTRY]: Channel 'voicechat:secret' : Version test of 'ALLOWVANILLA 💓💓💓' from client : ACCEPTED
[05Jan2026 18:46:02.232] [Netty Epoll Server IO #6/DEBUG] [net.minecraftforge.network.NetworkRegistry/NETREGISTRY]: Channel 'voicechat:leave_group' : Version test of 'ALLOWVANILLA 💓💓💓' from client : ACCEPTED
[05Jan2026 18:46:02.232] [Netty Epoll Server IO #6/DEBUG] [net.minecraftforge.network.NetworkRegistry/NETREGISTRY]: Channel 'voicechat:create_group' : Version test of 'ALLOWVANILLA 💓💓💓' from client : ACCEPTED
[05Jan2026 18:46:02.233] [Netty Epoll Server IO #6/DEBUG] [net.minecraftforge.network.NetworkRegistry/NETREGISTRY]: Channel 'jei:channel' : Version test of '1.0.0' from client : ACCEPTED
[05Jan2026 18:46:02.233] [Netty Epoll Server IO #6/DEBUG] [net.minecraftforge.network.NetworkRegistry/NETREGISTRY]: Channel 'mantle:network' : Version test of '1' from client : ACCEPTED
[05Jan2026 18:46:02.233] [Netty Epoll Server IO #6/DEBUG] [net.minecraftforge.network.NetworkRegistry/NETREGISTRY]: Channel 'carryon:carryonpackets' : Version test of '1.0' from client : ACCEPTED
[05Jan2026 18:46:02.233] [Netty Epoll Server IO #6/DEBUG] [net.minecraftforge.network.NetworkRegistry/NETREGISTRY]: Channel 'minecraft:unregister' : Version test of 'FML3' from client : ACCEPTED
[05Jan2026 18:46:02.233] [Netty Epoll Server IO #6/DEBUG] [net.minecraftforge.network.NetworkRegistry/NETREGISTRY]: Channel 'xaerominimap:main' : Version test of '1.0' from client : ACCEPTED
[05Jan2026 18:46:02.233] [Netty Epoll Server IO #6/DEBUG] [net.minecraftforge.network.NetworkRegistry/NETREGISTRY]: Channel 'sophisticatedbackpacks:channel' : Version test of '1' from client : ACCEPTED
[05Jan2026 18:46:02.233] [Netty Epoll Server IO #6/DEBUG] [net.minecraftforge.network.NetworkRegistry/NETREGISTRY]: Channel 'voicechat:states' : Version test of 'ALLOWVANILLA 💓💓💓' from client : ACCEPTED
[05Jan2026 18:46:02.233] [Netty Epoll Server IO #6/DEBUG] [net.minecraftforge.network.NetworkRegistry/NETREGISTRY]: Channel 'securitycraft:securitycraft' : Version test of 'v1.10.1' from client : ACCEPTED
[05Jan2026 18:46:02.233] [Netty Epoll Server IO #6/DEBUG] [net.minecraftforge.network.NetworkRegistry/NETREGISTRY]: Channel 'trade_cycling:cycle_trades' : Version test of 'ALLOWVANILLA 💓💓💓' from client : ACCEPTED
[05Jan2026 18:46:02.233] [Netty Epoll Server IO #6/DEBUG] [net.minecraftforge.network.NetworkRegistry/NETREGISTRY]: Channel 'voicechat:set_group' : Version test of 'ALLOWVANILLA 💓💓💓' from client : ACCEPTED
[05Jan2026 18:46:02.233] [Netty Epoll Server IO #6/DEBUG] [net.minecraftforge.network.NetworkRegistry/NETREGISTRY]: Channel 'voicechat:joined_group' : Version test of 'ALLOWVANILLA 💓💓💓' from client : ACCEPTED
[05Jan2026 18:46:02.233] [Netty Epoll Server IO #6/DEBUG] [net.minecraftforge.network.NetworkRegistry/NETREGISTRY]: Channel 'do_a_barrel_roll:handshake' : Version test of '' from client : ACCEPTED
[05Jan2026 18:46:02.233] [Netty Epoll Server IO #6/DEBUG] [net.minecraftforge.network.NetworkRegistry/NETREGISTRY]: Channel 'voicechat:update_state' : Version test of 'ALLOWVANILLA 💓💓💓' from client : ACCEPTED
[05Jan2026 18:46:02.233] [Netty Epoll Server IO #6/DEBUG] [net.minecraftforge.network.NetworkRegistry/NETREGISTRY]: Channel 'tconstruct:network' : Version test of '2' from client : ACCEPTED
[05Jan2026 18:46:02.233] [Netty Epoll Server IO #6/DEBUG] [net.minecraftforge.network.NetworkRegistry/NETREGISTRY]: Channel 'voicechat:add_group' : Version test of 'ALLOWVANILLA 💓💓💓' from client : ACCEPTED
[05Jan2026 18:46:02.233] [Netty Epoll Server IO #6/DEBUG] [net.minecraftforge.network.NetworkRegistry/NETREGISTRY]: Channel 'fml:loginwrapper' : Version test of 'FML3' from client : ACCEPTED
[05Jan2026 18:46:02.233] [Netty Epoll Server IO #6/DEBUG] [net.minecraftforge.network.NetworkRegistry/NETREGISTRY]: Channel 'forge:tier_sorting' : Version test of '1.0' from client : ACCEPTED
[05Jan2026 18:46:02.233] [Netty Epoll Server IO #6/DEBUG] [net.minecraftforge.network.NetworkRegistry/NETREGISTRY]: Channel 'quark:main' : Version test of '4' from client : ACCEPTED
[05Jan2026 18:46:02.233] [Netty Epoll Server IO #6/DEBUG] [net.minecraftforge.network.NetworkRegistry/NETREGISTRY]: Channel 'mowziesmobs:net' : Version test of '1' from client : ACCEPTED
[05Jan2026 18:46:02.233] [Netty Epoll Server IO #6/DEBUG] [net.minecraftforge.network.NetworkRegistry/NETREGISTRY]: Channel 'fml:play' : Version test of 'FML3' from client : ACCEPTED
[05Jan2026 18:46:02.233] [Netty Epoll Server IO #6/DEBUG] [net.minecraftforge.network.NetworkRegistry/NETREGISTRY]: Channel 'do_a_barrel_roll:server_config_update' : Version test of '' from client : ACCEPTED
[05Jan2026 18:46:02.233] [Netty Epoll Server IO #6/DEBUG] [net.minecraftforge.network.NetworkRegistry/NETREGISTRY]: Channel 'voicechat:request_secret' : Version test of 'ALLOWVANILLA 💓💓💓' from client : ACCEPTED
[05Jan2026 18:46:02.233] [Netty Epoll Server IO #6/DEBUG] [net.minecraftforge.network.NetworkRegistry/NETREGISTRY]: Channel 'sophisticatedcore:channel' : Version test of '1' from client : ACCEPTED
[05Jan2026 18:46:02.233] [Netty Epoll Server IO #6/DEBUG] [net.minecraftforge.network.NetworkRegistry/NETREGISTRY]: Channel 'fml:handshake' : Version test of 'FML3' from client : ACCEPTED
[05Jan2026 18:46:02.233] [Netty Epoll Server IO #6/DEBUG] [net.minecraftforge.network.NetworkRegistry/NETREGISTRY]: Channel 'voicechat:state' : Version test of 'ALLOWVANILLA 💓💓💓' from client : ACCEPTED
[05Jan2026 18:46:02.233] [Netty Epoll Server IO #6/DEBUG] [net.minecraftforge.network.NetworkRegistry/NETREGISTRY]: Channel 'voicechat:remove_category' : Version test of 'ALLOWVANILLA 💓💓💓' from client : ACCEPTED
[05Jan2026 18:46:02.233] [Netty Epoll Server IO #6/DEBUG] [net.minecraftforge.network.NetworkRegistry/NETREGISTRY]: Channel 'ironchest:network' : Version test of '1' from client : ACCEPTED
[05Jan2026 18:46:02.233] [Netty Epoll Server IO #6/DEBUG] [net.minecraftforge.network.NetworkRegistry/NETREGISTRY]: Channel 'voicechat:remove_group' : Version test of 'ALLOWVANILLA 💓💓💓' from client : ACCEPTED
[05Jan2026 18:46:02.233] [Netty Epoll Server IO #6/DEBUG] [net.minecraftforge.network.NetworkRegistry/NETREGISTRY]: Channel 'voicechat:add_category' : Version test of 'ALLOWVANILLA 💓💓💓' from client : ACCEPTED
[05Jan2026 18:46:02.233] [Netty Epoll Server IO #6/DEBUG] [net.minecraftforge.network.NetworkRegistry/NETREGISTRY]: Channel 'zeta:main' : Version test of '1' from client : ACCEPTED
[05Jan2026 18:46:02.233] [Netty Epoll Server IO #6/DEBUG] [net.minecraftforge.network.NetworkRegistry/NETREGISTRY]: Channel 'xaeroworldmap:main' : Version test of '1.0' from client : ACCEPTED
[05Jan2026 18:46:02.234] [Netty Epoll Server IO #6/DEBUG] [net.minecraftforge.network.NetworkRegistry/NETREGISTRY]: Channel 'voicechat:remove_state' : Version test of 'ALLOWVANILLA 💓💓💓' from client : ACCEPTED
[05Jan2026 18:46:02.234] [Netty Epoll Server IO #6/DEBUG] [net.minecraftforge.network.NetworkRegistry/NETREGISTRY]: Channel 'minecraft:register' : Version test of 'FML3' from client : ACCEPTED
[05Jan2026 18:46:02.234] [Netty Epoll Server IO #6/DEBUG] [net.minecraftforge.network.NetworkRegistry/NETREGISTRY]: Channel 'forge:split' : Version test of '1.1' from client : ACCEPTED
[05Jan2026 18:46:02.234] [Netty Epoll Server IO #6/DEBUG] [net.minecraftforge.network.NetworkRegistry/NETREGISTRY]: Channel 'geckolib:main' : Version test of '1' from client : ACCEPTED
[05Jan2026 18:46:02.234] [Netty Epoll Server IO #6/DEBUG] [net.minecraftforge.network.NetworkRegistry/NETREGISTRY]: Channel 'do_a_barrel_roll:player_roll' : Version test of '' from client : ACCEPTED
[05Jan2026 18:46:02.234] [Netty Epoll Server IO #6/DEBUG] [net.minecraftforge.network.NetworkRegistry/NETREGISTRY]: Accepting channel list from client
[05Jan2026 18:46:02.234] [Netty Epoll Server IO #6/DEBUG] [net.minecraftforge.network.HandshakeHandler/FMLHANDSHAKE]: Accepted client connection mod list
[05Jan2026 18:46:02.253] [Server thread/DEBUG] [net.minecraftforge.network.HandshakeHandler/FMLHANDSHAKE]: Sending ticking packet info 'Registry minecraft:particle_type' to 'fml:handshake' sequence 5
[05Jan2026 18:46:02.273] [Netty Epoll Server IO #6/DEBUG] [net.minecraftforge.network.LoginWrapper/FMLHANDSHAKE]: Recieved login wrapper packet event for channel fml:handshake with index 2
[05Jan2026 18:46:02.273] [Netty Epoll Server IO #6/DEBUG] [net.minecraftforge.network.HandshakeHandler/FMLHANDSHAKE]: Received client indexed reply 2 of type net.minecraftforge.network.HandshakeMessages$C2SAcknowledge
[05Jan2026 18:46:02.273] [Netty Epoll Server IO #6/DEBUG] [net.minecraftforge.network.HandshakeHandler/FMLHANDSHAKE]: Received acknowledgement from client
[05Jan2026 18:46:02.303] [Server thread/DEBUG] [net.minecraftforge.network.HandshakeHandler/FMLHANDSHAKE]: Sending ticking packet info 'Registry minecraft:villager_profession' to 'fml:handshake' sequence 6
[05Jan2026 18:46:02.319] [Netty Epoll Server IO #6/DEBUG] [net.minecraftforge.network.LoginWrapper/FMLHANDSHAKE]: Recieved login wrapper packet event for channel fml:handshake with index 3
[05Jan2026 18:46:02.319] [Netty Epoll Server IO #6/DEBUG] [net.minecraftforge.network.HandshakeHandler/FMLHANDSHAKE]: Received client indexed reply 3 of type net.minecraftforge.network.HandshakeMessages$C2SAcknowledge
[05Jan2026 18:46:02.319] [Netty Epoll Server IO #6/DEBUG] [net.minecraftforge.network.HandshakeHandler/FMLHANDSHAKE]: Received acknowledgement from client
[05Jan2026 18:46:02.353] [Server thread/DEBUG] [net.minecraftforge.network.HandshakeHandler/FMLHANDSHAKE]: Sending ticking packet info 'Registry minecraft:item' to 'fml:handshake' sequence 7
[05Jan2026 18:46:02.403] [Server thread/DEBUG] [net.minecraftforge.network.HandshakeHandler/FMLHANDSHAKE]: Sending ticking packet info 'Registry minecraft:potion' to 'fml:handshake' sequence 8
[05Jan2026 18:46:02.453] [Server thread/DEBUG] [net.minecraftforge.network.HandshakeHandler/FMLHANDSHAKE]: Sending ticking packet info 'Registry minecraft:painting_variant' to 'fml:handshake' sequence 9
[05Jan2026 18:46:02.503] [Server thread/DEBUG] [net.minecraftforge.network.HandshakeHandler/FMLHANDSHAKE]: Sending ticking packet info 'Registry forge:fluid_type' to 'fml:handshake' sequence 10
[05Jan2026 18:46:02.553] [Server thread/DEBUG] [net.minecraftforge.network.HandshakeHandler/FMLHANDSHAKE]: Sending ticking packet info 'Registry minecraft:block_entity_type' to 'fml:handshake' sequence 11
[05Jan2026 18:46:02.603] [Server thread/DEBUG] [net.minecraftforge.network.HandshakeHandler/FMLHANDSHAKE]: Sending ticking packet info 'Registry forge:display_contexts' to 'fml:handshake' sequence 12
[05Jan2026 18:46:02.653] [Server thread/DEBUG] [net.minecraftforge.network.HandshakeHandler/FMLHANDSHAKE]: Sending ticking packet info 'Registry minecraft:block' to 'fml:handshake' sequence 13
[05Jan2026 18:46:02.689] [Netty Epoll Server IO #6/DEBUG] [net.minecraftforge.network.LoginWrapper/FMLHANDSHAKE]: Recieved login wrapper packet event for channel fml:handshake with index 4
[05Jan2026 18:46:02.689] [Netty Epoll Server IO #6/DEBUG] [net.minecraftforge.network.HandshakeHandler/FMLHANDSHAKE]: Received client indexed reply 4 of type net.minecraftforge.network.HandshakeMessages$C2SAcknowledge
[05Jan2026 18:46:02.689] [Netty Epoll Server IO #6/DEBUG] [net.minecraftforge.network.HandshakeHandler/FMLHANDSHAKE]: Received acknowledgement from client
[05Jan2026 18:46:02.689] [Netty Epoll Server IO #6/DEBUG] [net.minecraftforge.network.LoginWrapper/FMLHANDSHAKE]: Recieved login wrapper packet event for channel fml:handshake with index 5
[05Jan2026 18:46:02.689] [Netty Epoll Server IO #6/DEBUG] [net.minecraftforge.network.HandshakeHandler/FMLHANDSHAKE]: Received client indexed reply 5 of type net.minecraftforge.network.HandshakeMessages$C2SAcknowledge
[05Jan2026 18:46:02.689] [Netty Epoll Server IO #6/DEBUG] [net.minecraftforge.network.HandshakeHandler/FMLHANDSHAKE]: Received acknowledgement from client
[05Jan2026 18:46:02.689] [Netty Epoll Server IO #6/DEBUG] [net.minecraftforge.network.LoginWrapper/FMLHANDSHAKE]: Recieved login wrapper packet event for channel fml:handshake with index 6
[05Jan2026 18:46:02.689] [Netty Epoll Server IO #6/DEBUG] [net.minecraftforge.network.HandshakeHandler/FMLHANDSHAKE]: Received client indexed reply 6 of type net.minecraftforge.network.HandshakeMessages$C2SAcknowledge
[05Jan2026 18:46:02.689] [Netty Epoll Server IO #6/DEBUG] [net.minecraftforge.network.HandshakeHandler/FMLHANDSHAKE]: Received acknowledgement from client
[05Jan2026 18:46:02.703] [Server thread/DEBUG] [net.minecraftforge.network.HandshakeHandler/FMLHANDSHAKE]: Sending ticking packet info 'Registry forge:entity_data_serializers' to 'fml:handshake' sequence 14
[05Jan2026 18:46:02.753] [Server thread/DEBUG] [net.minecraftforge.network.HandshakeHandler/FMLHANDSHAKE]: Sending ticking packet info 'Registry minecraft:mob_effect' to 'fml:handshake' sequence 15
[05Jan2026 18:46:02.803] [Server thread/DEBUG] [net.minecraftforge.network.HandshakeHandler/FMLHANDSHAKE]: Sending ticking packet info 'Registry minecraft:stat_type' to 'fml:handshake' sequence 16
[05Jan2026 18:46:02.853] [Server thread/DEBUG] [net.minecraftforge.network.HandshakeHandler/FMLHANDSHAKE]: Sending ticking packet info 'Registry minecraft:menu' to 'fml:handshake' sequence 17
[05Jan2026 18:46:02.871] [Netty Epoll Server IO #6/DEBUG] [net.minecraftforge.network.LoginWrapper/FMLHANDSHAKE]: Recieved login wrapper packet event for channel fml:handshake with index 7
[05Jan2026 18:46:02.871] [Netty Epoll Server IO #6/DEBUG] [net.minecraftforge.network.HandshakeHandler/FMLHANDSHAKE]: Received client indexed reply 7 of type net.minecraftforge.network.HandshakeMessages$C2SAcknowledge
[05Jan2026 18:46:02.871] [Netty Epoll Server IO #6/DEBUG] [net.minecraftforge.network.HandshakeHandler/FMLHANDSHAKE]: Received acknowledgement from client
[05Jan2026 18:46:02.877] [Netty Epoll Server IO #6/DEBUG] [net.minecraftforge.network.LoginWrapper/FMLHANDSHAKE]: Recieved login wrapper packet event for channel fml:handshake with index 8
[05Jan2026 18:46:02.877] [Netty Epoll Server IO #6/DEBUG] [net.minecraftforge.network.HandshakeHandler/FMLHANDSHAKE]: Received client indexed reply 8 of type net.minecraftforge.network.HandshakeMessages$C2SAcknowledge
[05Jan2026 18:46:02.877] [Netty Epoll Server IO #6/DEBUG] [net.minecraftforge.network.HandshakeHandler/FMLHANDSHAKE]: Received acknowledgement from client
[05Jan2026 18:46:02.877] [Netty Epoll Server IO #6/DEBUG] [net.minecraftforge.network.LoginWrapper/FMLHANDSHAKE]: Recieved login wrapper packet event for channel fml:handshake with index 9
[05Jan2026 18:46:02.877] [Netty Epoll Server IO #6/DEBUG] [net.minecraftforge.network.HandshakeHandler/FMLHANDSHAKE]: Received client indexed reply 9 of type net.minecraftforge.network.HandshakeMessages$C2SAcknowledge
[05Jan2026 18:46:02.877] [Netty Epoll Server IO #6/DEBUG] [net.minecraftforge.network.HandshakeHandler/FMLHANDSHAKE]: Received acknowledgement from client
[05Jan2026 18:46:02.877] [Netty Epoll Server IO #6/DEBUG] [net.minecraftforge.network.LoginWrapper/FMLHANDSHAKE]: Recieved login wrapper packet event for channel fml:handshake with index 10
[05Jan2026 18:46:02.877] [Netty Epoll Server IO #6/DEBUG] [net.minecraftforge.network.HandshakeHandler/FMLHANDSHAKE]: Received client indexed reply 10 of type net.minecraftforge.network.HandshakeMessages$C2SAcknowledge
[05Jan2026 18:46:02.877] [Netty Epoll Server IO #6/DEBUG] [net.minecraftforge.network.HandshakeHandler/FMLHANDSHAKE]: Received acknowledgement from client
[05Jan2026 18:46:02.877] [Netty Epoll Server IO #6/DEBUG] [net.minecraftforge.network.LoginWrapper/FMLHANDSHAKE]: Recieved login wrapper packet event for channel fml:handshake with index 11
[05Jan2026 18:46:02.877] [Netty Epoll Server IO #6/DEBUG] [net.minecraftforge.network.HandshakeHandler/FMLHANDSHAKE]: Received client indexed reply 11 of type net.minecraftforge.network.HandshakeMessages$C2SAcknowledge
[05Jan2026 18:46:02.877] [Netty Epoll Server IO #6/DEBUG] [net.minecraftforge.network.HandshakeHandler/FMLHANDSHAKE]: Received acknowledgement from client
[05Jan2026 18:46:02.877] [Netty Epoll Server IO #6/DEBUG] [net.minecraftforge.network.LoginWrapper/FMLHANDSHAKE]: Recieved login wrapper packet event for channel fml:handshake with index 12
[05Jan2026 18:46:02.877] [Netty Epoll Server IO #6/DEBUG] [net.minecraftforge.network.HandshakeHandler/FMLHANDSHAKE]: Received client indexed reply 12 of type net.minecraftforge.network.HandshakeMessages$C2SAcknowledge
[05Jan2026 18:46:02.877] [Netty Epoll Server IO #6/DEBUG] [net.minecraftforge.network.HandshakeHandler/FMLHANDSHAKE]: Received acknowledgement from client
[05Jan2026 18:46:02.903] [Server thread/DEBUG] [net.minecraftforge.network.HandshakeHandler/FMLHANDSHAKE]: Sending ticking packet info 'Registry minecraft:enchantment' to 'fml:handshake' sequence 18
[05Jan2026 18:46:02.953] [Server thread/DEBUG] [net.minecraftforge.network.HandshakeHandler/FMLHANDSHAKE]: Sending ticking packet info 'Registry minecraft:fluid' to 'fml:handshake' sequence 19
[05Jan2026 18:46:02.989] [Netty Epoll Server IO #6/DEBUG] [net.minecraftforge.network.LoginWrapper/FMLHANDSHAKE]: Recieved login wrapper packet event for channel fml:handshake with index 13
[05Jan2026 18:46:02.989] [Netty Epoll Server IO #6/DEBUG] [net.minecraftforge.network.HandshakeHandler/FMLHANDSHAKE]: Received client indexed reply 13 of type net.minecraftforge.network.HandshakeMessages$C2SAcknowledge
[05Jan2026 18:46:02.989] [Netty Epoll Server IO #6/DEBUG] [net.minecraftforge.network.HandshakeHandler/FMLHANDSHAKE]: Received acknowledgement from client
[05Jan2026 18:46:02.989] [Netty Epoll Server IO #6/DEBUG] [net.minecraftforge.network.LoginWrapper/FMLHANDSHAKE]: Recieved login wrapper packet event for channel fml:handshake with index 14
[05Jan2026 18:46:02.989] [Netty Epoll Server IO #6/DEBUG] [net.minecraftforge.network.HandshakeHandler/FMLHANDSHAKE]: Received client indexed reply 14 of type net.minecraftforge.network.HandshakeMessages$C2SAcknowledge
[05Jan2026 18:46:02.989] [Netty Epoll Server IO #6/DEBUG] [net.minecraftforge.network.HandshakeHandler/FMLHANDSHAKE]: Received acknowledgement from client
[05Jan2026 18:46:02.989] [Netty Epoll Server IO #6/DEBUG] [net.minecraftforge.network.LoginWrapper/FMLHANDSHAKE]: Recieved login wrapper packet event for channel fml:handshake with index 15
[05Jan2026 18:46:02.989] [Netty Epoll Server IO #6/DEBUG] [net.minecraftforge.network.HandshakeHandler/FMLHANDSHAKE]: Received client indexed reply 15 of type net.minecraftforge.network.HandshakeMessages$C2SAcknowledge
[05Jan2026 18:46:02.989] [Netty Epoll Server IO #6/DEBUG] [net.minecraftforge.network.HandshakeHandler/FMLHANDSHAKE]: Received acknowledgement from client
[05Jan2026 18:46:02.989] [Netty Epoll Server IO #6/DEBUG] [net.minecraftforge.network.LoginWrapper/FMLHANDSHAKE]: Recieved login wrapper packet event for channel fml:handshake with index 16
[05Jan2026 18:46:02.989] [Netty Epoll Server IO #6/DEBUG] [net.minecraftforge.network.HandshakeHandler/FMLHANDSHAKE]: Received client indexed reply 16 of type net.minecraftforge.network.HandshakeMessages$C2SAcknowledge
[05Jan2026 18:46:02.989] [Netty Epoll Server IO #6/DEBUG] [net.minecraftforge.network.HandshakeHandler/FMLHANDSHAKE]: Received acknowledgement from client
[05Jan2026 18:46:03.003] [Server thread/DEBUG] [net.minecraftforge.network.HandshakeHandler/FMLHANDSHAKE]: Sending ticking packet info 'Registry minecraft:entity_type' to 'fml:handshake' sequence 20
[05Jan2026 18:46:03.053] [Server thread/DEBUG] [net.minecraftforge.network.HandshakeHandler/FMLHANDSHAKE]: Sending ticking packet info 'Config securitycraft-server.toml' to 'fml:handshake' sequence 21
[05Jan2026 18:46:03.069] [Netty Epoll Server IO #6/DEBUG] [net.minecraftforge.network.LoginWrapper/FMLHANDSHAKE]: Recieved login wrapper packet event for channel fml:handshake with index 17
[05Jan2026 18:46:03.069] [Netty Epoll Server IO #6/DEBUG] [net.minecraftforge.network.HandshakeHandler/FMLHANDSHAKE]: Received client indexed reply 17 of type net.minecraftforge.network.HandshakeMessages$C2SAcknowledge
[05Jan2026 18:46:03.069] [Netty Epoll Server IO #6/DEBUG] [net.minecraftforge.network.HandshakeHandler/FMLHANDSHAKE]: Received acknowledgement from client
[05Jan2026 18:46:03.107] [Server thread/INFO] [net.minecraft.server.network.ServerLoginPacketListenerImpl/]: com.mojang.authlib.GameProfile@6d8f3bea[id=<null>,name=pipe,properties={},legacy=false] (/100.91.245.104:63544) lost connection: Disconnected
[05Jan2026 18:46:05.472] [Netty Epoll Server IO #0/DEBUG] [net.minecraftforge.network.HandshakeHandler/FMLHANDSHAKE]: Starting new modded impl connection. Found 27 messages to dispatch.
[05Jan2026 18:46:05.504] [Server thread/DEBUG] [net.minecraftforge.network.HandshakeHandler/FMLHANDSHAKE]: Sending ticking packet info 'net.minecraftforge.network.HandshakeMessages$S2CModData' to 'fml:handshake' sequence 0
[05Jan2026 18:46:05.553] [Server thread/DEBUG] [net.minecraftforge.network.HandshakeHandler/FMLHANDSHAKE]: Sending ticking packet info 'net.minecraftforge.network.HandshakeMessages$S2CModList' to 'fml:handshake' sequence 1
[05Jan2026 18:46:05.603] [Server thread/DEBUG] [net.minecraftforge.network.HandshakeHandler/FMLHANDSHAKE]: Sending ticking packet info 'Registry minecraft:command_argument_type' to 'fml:handshake' sequence 2
[05Jan2026 18:46:05.653] [Server thread/DEBUG] [net.minecraftforge.network.HandshakeHandler/FMLHANDSHAKE]: Sending ticking packet info 'Registry minecraft:recipe_serializer' to 'fml:handshake' sequence 3
[05Jan2026 18:46:05.703] [Server thread/DEBUG] [net.minecraftforge.network.HandshakeHandler/FMLHANDSHAKE]: Sending ticking packet info 'Registry minecraft:sound_event' to 'fml:handshake' sequence 4
[05Jan2026 18:46:05.719] [Netty Epoll Server IO #0/DEBUG] [net.minecraftforge.network.LoginWrapper/FMLHANDSHAKE]: Recieved login wrapper packet event for channel fml:handshake with index 1
[05Jan2026 18:46:05.719] [Netty Epoll Server IO #0/DEBUG] [net.minecraftforge.network.HandshakeHandler/FMLHANDSHAKE]: Received client indexed reply 1 of type net.minecraftforge.network.HandshakeMessages$C2SModListReply
[05Jan2026 18:46:05.720] [Netty Epoll Server IO #0/DEBUG] [net.minecraftforge.network.HandshakeHandler/FMLHANDSHAKE]: Received client connection with modlist [minecraft, tconstruct, farmersdelight, trade_cycling, mowziesmobs, geckolib, do_a_barrel_roll, chunky, jei, sophisticatedcore, mantle, xaerominimap, xaeroworldmap, securitycraft, mixinextras, sophisticatedbackpacks, coroutil, carryon, betterf3, watut, cloth_config, voicechat, voicechat_api, forge, zeta, quark, embeddium, rubidium, ironchest]
[05Jan2026 18:46:05.720] [Netty Epoll Server IO #0/DEBUG] [net.minecraftforge.network.NetworkRegistry/NETREGISTRY]: Channel 'watut:main' : Version test of '4' from client : ACCEPTED
[05Jan2026 18:46:05.720] [Netty Epoll Server IO #0/DEBUG] [net.minecraftforge.network.NetworkRegistry/NETREGISTRY]: Channel 'voicechat:secret' : Version test of 'ALLOWVANILLA 💓💓💓' from client : ACCEPTED
[05Jan2026 18:46:05.720] [Netty Epoll Server IO #0/DEBUG] [net.minecraftforge.network.NetworkRegistry/NETREGISTRY]: Channel 'voicechat:leave_group' : Version test of 'ALLOWVANILLA 💓💓💓' from client : ACCEPTED
[05Jan2026 18:46:05.720] [Netty Epoll Server IO #0/DEBUG] [net.minecraftforge.network.NetworkRegistry/NETREGISTRY]: Channel 'voicechat:create_group' : Version test of 'ALLOWVANILLA 💓💓💓' from client : ACCEPTED
[05Jan2026 18:46:05.720] [Netty Epoll Server IO #0/DEBUG] [net.minecraftforge.network.NetworkRegistry/NETREGISTRY]: Channel 'jei:channel' : Version test of '1.0.0' from client : ACCEPTED
[05Jan2026 18:46:05.720] [Netty Epoll Server IO #0/DEBUG] [net.minecraftforge.network.NetworkRegistry/NETREGISTRY]: Channel 'mantle:network' : Version test of '1' from client : ACCEPTED
[05Jan2026 18:46:05.720] [Netty Epoll Server IO #0/DEBUG] [net.minecraftforge.network.NetworkRegistry/NETREGISTRY]: Channel 'carryon:carryonpackets' : Version test of '1.0' from client : ACCEPTED
[05Jan2026 18:46:05.720] [Netty Epoll Server IO #0/DEBUG] [net.minecraftforge.network.NetworkRegistry/NETREGISTRY]: Channel 'minecraft:unregister' : Version test of 'FML3' from client : ACCEPTED
[05Jan2026 18:46:05.720] [Netty Epoll Server IO #0/DEBUG] [net.minecraftforge.network.NetworkRegistry/NETREGISTRY]: Channel 'xaerominimap:main' : Version test of '1.0' from client : ACCEPTED
[05Jan2026 18:46:05.720] [Netty Epoll Server IO #0/DEBUG] [net.minecraftforge.network.NetworkRegistry/NETREGISTRY]: Channel 'sophisticatedbackpacks:channel' : Version test of '1' from client : ACCEPTED
[05Jan2026 18:46:05.720] [Netty Epoll Server IO #0/DEBUG] [net.minecraftforge.network.NetworkRegistry/NETREGISTRY]: Channel 'voicechat:states' : Version test of 'ALLOWVANILLA 💓💓💓' from client : ACCEPTED
[05Jan2026 18:46:05.720] [Netty Epoll Server IO #0/DEBUG] [net.minecraftforge.network.NetworkRegistry/NETREGISTRY]: Channel 'securitycraft:securitycraft' : Version test of 'v1.10.1' from client : ACCEPTED
[05Jan2026 18:46:05.720] [Netty Epoll Server IO #0/DEBUG] [net.minecraftforge.network.NetworkRegistry/NETREGISTRY]: Channel 'trade_cycling:cycle_trades' : Version test of 'ALLOWVANILLA 💓💓💓' from client : ACCEPTED
[05Jan2026 18:46:05.720] [Netty Epoll Server IO #0/DEBUG] [net.minecraftforge.network.NetworkRegistry/NETREGISTRY]: Channel 'voicechat:set_group' : Version test of 'ALLOWVANILLA 💓💓💓' from client : ACCEPTED
[05Jan2026 18:46:05.720] [Netty Epoll Server IO #0/DEBUG] [net.minecraftforge.network.NetworkRegistry/NETREGISTRY]: Channel 'voicechat:joined_group' : Version test of 'ALLOWVANILLA 💓💓💓' from client : ACCEPTED
[05Jan2026 18:46:05.720] [Netty Epoll Server IO #0/DEBUG] [net.minecraftforge.network.NetworkRegistry/NETREGISTRY]: Channel 'do_a_barrel_roll:handshake' : Version test of '' from client : ACCEPTED
[05Jan2026 18:46:05.720] [Netty Epoll Server IO #0/DEBUG] [net.minecraftforge.network.NetworkRegistry/NETREGISTRY]: Channel 'voicechat:update_state' : Version test of 'ALLOWVANILLA 💓💓💓' from client : ACCEPTED
[05Jan2026 18:46:05.720] [Netty Epoll Server IO #0/DEBUG] [net.minecraftforge.network.NetworkRegistry/NETREGISTRY]: Channel 'tconstruct:network' : Version test of '2' from client : ACCEPTED
[05Jan2026 18:46:05.720] [Netty Epoll Server IO #0/DEBUG] [net.minecraftforge.network.NetworkRegistry/NETREGISTRY]: Channel 'voicechat:add_group' : Version test of 'ALLOWVANILLA 💓💓💓' from client : ACCEPTED
[05Jan2026 18:46:05.720] [Netty Epoll Server IO #0/DEBUG] [net.minecraftforge.network.NetworkRegistry/NETREGISTRY]: Channel 'fml:loginwrapper' : Version test of 'FML3' from client : ACCEPTED
[05Jan2026 18:46:05.720] [Netty Epoll Server IO #0/DEBUG] [net.minecraftforge.network.NetworkRegistry/NETREGISTRY]: Channel 'forge:tier_sorting' : Version test of '1.0' from client : ACCEPTED
[05Jan2026 18:46:05.720] [Netty Epoll Server IO #0/DEBUG] [net.minecraftforge.network.NetworkRegistry/NETREGISTRY]: Channel 'quark:main' : Version test of '4' from client : ACCEPTED
[05Jan2026 18:46:05.720] [Netty Epoll Server IO #0/DEBUG] [net.minecraftforge.network.NetworkRegistry/NETREGISTRY]: Channel 'mowziesmobs:net' : Version test of '1' from client : ACCEPTED
[05Jan2026 18:46:05.720] [Netty Epoll Server IO #0/DEBUG] [net.minecraftforge.network.NetworkRegistry/NETREGISTRY]: Channel 'fml:play' : Version test of 'FML3' from client : ACCEPTED
[05Jan2026 18:46:05.720] [Netty Epoll Server IO #0/DEBUG] [net.minecraftforge.network.NetworkRegistry/NETREGISTRY]: Channel 'do_a_barrel_roll:server_config_update' : Version test of '' from client : ACCEPTED
[05Jan2026 18:46:05.720] [Netty Epoll Server IO #0/DEBUG] [net.minecraftforge.network.NetworkRegistry/NETREGISTRY]: Channel 'voicechat:request_secret' : Version test of 'ALLOWVANILLA 💓💓💓' from client : ACCEPTED
[05Jan2026 18:46:05.721] [Netty Epoll Server IO #0/DEBUG] [net.minecraftforge.network.NetworkRegistry/NETREGISTRY]: Channel 'sophisticatedcore:channel' : Version test of '1' from client : ACCEPTED
[05Jan2026 18:46:05.721] [Netty Epoll Server IO #0/DEBUG] [net.minecraftforge.network.NetworkRegistry/NETREGISTRY]: Channel 'fml:handshake' : Version test of 'FML3' from client : ACCEPTED
[05Jan2026 18:46:05.721] [Netty Epoll Server IO #0/DEBUG] [net.minecraftforge.network.NetworkRegistry/NETREGISTRY]: Channel 'voicechat:state' : Version test of 'ALLOWVANILLA 💓💓💓' from client : ACCEPTED
[05Jan2026 18:46:05.721] [Netty Epoll Server IO #0/DEBUG] [net.minecraftforge.network.NetworkRegistry/NETREGISTRY]: Channel 'voicechat:remove_category' : Version test of 'ALLOWVANILLA 💓💓💓' from client : ACCEPTED
[05Jan2026 18:46:05.721] [Netty Epoll Server IO #0/DEBUG] [net.minecraftforge.network.NetworkRegistry/NETREGISTRY]: Channel 'ironchest:network' : Version test of '1' from client : ACCEPTED
[05Jan2026 18:46:05.721] [Netty Epoll Server IO #0/DEBUG] [net.minecraftforge.network.NetworkRegistry/NETREGISTRY]: Channel 'voicechat:remove_group' : Version test of 'ALLOWVANILLA 💓💓💓' from client : ACCEPTED
[05Jan2026 18:46:05.721] [Netty Epoll Server IO #0/DEBUG] [net.minecraftforge.network.NetworkRegistry/NETREGISTRY]: Channel 'voicechat:add_category' : Version test of 'ALLOWVANILLA 💓💓💓' from client : ACCEPTED
[05Jan2026 18:46:05.721] [Netty Epoll Server IO #0/DEBUG] [net.minecraftforge.network.NetworkRegistry/NETREGISTRY]: Channel 'zeta:main' : Version test of '1' from client : ACCEPTED
[05Jan2026 18:46:05.721] [Netty Epoll Server IO #0/DEBUG] [net.minecraftforge.network.NetworkRegistry/NETREGISTRY]: Channel 'xaeroworldmap:main' : Version test of '1.0' from client : ACCEPTED
[05Jan2026 18:46:05.721] [Netty Epoll Server IO #0/DEBUG] [net.minecraftforge.network.NetworkRegistry/NETREGISTRY]: Channel 'voicechat:remove_state' : Version test of 'ALLOWVANILLA 💓💓💓' from client : ACCEPTED
[05Jan2026 18:46:05.721] [Netty Epoll Server IO #0/DEBUG] [net.minecraftforge.network.NetworkRegistry/NETREGISTRY]: Channel 'minecraft:register' : Version test of 'FML3' from client : ACCEPTED
[05Jan2026 18:46:05.721] [Netty Epoll Server IO #0/DEBUG] [net.minecraftforge.network.NetworkRegistry/NETREGISTRY]: Channel 'forge:split' : Version test of '1.1' from client : ACCEPTED
[05Jan2026 18:46:05.721] [Netty Epoll Server IO #0/DEBUG] [net.minecraftforge.network.NetworkRegistry/NETREGISTRY]: Channel 'geckolib:main' : Version test of '1' from client : ACCEPTED
[05Jan2026 18:46:05.721] [Netty Epoll Server IO #0/DEBUG] [net.minecraftforge.network.NetworkRegistry/NETREGISTRY]: Channel 'do_a_barrel_roll:player_roll' : Version test of '' from client : ACCEPTED
[05Jan2026 18:46:05.721] [Netty Epoll Server IO #0/DEBUG] [net.minecraftforge.network.NetworkRegistry/NETREGISTRY]: Accepting channel list from client
[05Jan2026 18:46:05.721] [Netty Epoll Server IO #0/DEBUG] [net.minecraftforge.network.HandshakeHandler/FMLHANDSHAKE]: Accepted client connection mod list
[05Jan2026 18:46:05.754] [Server thread/DEBUG] [net.minecraftforge.network.HandshakeHandler/FMLHANDSHAKE]: Sending ticking packet info 'Registry minecraft:particle_type' to 'fml:handshake' sequence 5
[05Jan2026 18:46:05.764] [Netty Epoll Server IO #0/DEBUG] [net.minecraftforge.network.LoginWrapper/FMLHANDSHAKE]: Recieved login wrapper packet event for channel fml:handshake with index 2
[05Jan2026 18:46:05.765] [Netty Epoll Server IO #0/DEBUG] [net.minecraftforge.network.HandshakeHandler/FMLHANDSHAKE]: Received client indexed reply 2 of type net.minecraftforge.network.HandshakeMessages$C2SAcknowledge
[05Jan2026 18:46:05.765] [Netty Epoll Server IO #0/DEBUG] [net.minecraftforge.network.HandshakeHandler/FMLHANDSHAKE]: Received acknowledgement from client
[05Jan2026 18:46:05.803] [Server thread/DEBUG] [net.minecraftforge.network.HandshakeHandler/FMLHANDSHAKE]: Sending ticking packet info 'Registry minecraft:villager_profession' to 'fml:handshake' sequence 6
[05Jan2026 18:46:05.810] [Netty Epoll Server IO #0/DEBUG] [net.minecraftforge.network.LoginWrapper/FMLHANDSHAKE]: Recieved login wrapper packet event for channel fml:handshake with index 3
[05Jan2026 18:46:05.810] [Netty Epoll Server IO #0/DEBUG] [net.minecraftforge.network.HandshakeHandler/FMLHANDSHAKE]: Received client indexed reply 3 of type net.minecraftforge.network.HandshakeMessages$C2SAcknowledge
[05Jan2026 18:46:05.810] [Netty Epoll Server IO #0/DEBUG] [net.minecraftforge.network.HandshakeHandler/FMLHANDSHAKE]: Received acknowledgement from client
[05Jan2026 18:46:05.854] [Server thread/DEBUG] [net.minecraftforge.network.HandshakeHandler/FMLHANDSHAKE]: Sending ticking packet info 'Registry minecraft:item' to 'fml:handshake' sequence 7
[05Jan2026 18:46:05.903] [Server thread/DEBUG] [net.minecraftforge.network.HandshakeHandler/FMLHANDSHAKE]: Sending ticking packet info 'Registry minecraft:potion' to 'fml:handshake' sequence 8
[05Jan2026 18:46:05.953] [Server thread/DEBUG] [net.minecraftforge.network.HandshakeHandler/FMLHANDSHAKE]: Sending ticking packet info 'Registry minecraft:painting_variant' to 'fml:handshake' sequence 9
[05Jan2026 18:46:06.003] [Server thread/DEBUG] [net.minecraftforge.network.HandshakeHandler/FMLHANDSHAKE]: Sending ticking packet info 'Registry forge:fluid_type' to 'fml:handshake' sequence 10
[05Jan2026 18:46:06.053] [Server thread/DEBUG] [net.minecraftforge.network.HandshakeHandler/FMLHANDSHAKE]: Sending ticking packet info 'Registry minecraft:block_entity_type' to 'fml:handshake' sequence 11
[05Jan2026 18:46:06.103] [Server thread/DEBUG] [net.minecraftforge.network.HandshakeHandler/FMLHANDSHAKE]: Sending ticking packet info 'Registry forge:display_contexts' to 'fml:handshake' sequence 12
[05Jan2026 18:46:06.151] [Netty Epoll Server IO #0/DEBUG] [net.minecraftforge.network.LoginWrapper/FMLHANDSHAKE]: Recieved login wrapper packet event for channel fml:handshake with index 4
[05Jan2026 18:46:06.151] [Netty Epoll Server IO #0/DEBUG] [net.minecraftforge.network.HandshakeHandler/FMLHANDSHAKE]: Received client indexed reply 4 of type net.minecraftforge.network.HandshakeMessages$C2SAcknowledge
[05Jan2026 18:46:06.151] [Netty Epoll Server IO #0/DEBUG] [net.minecraftforge.network.HandshakeHandler/FMLHANDSHAKE]: Received acknowledgement from client
[05Jan2026 18:46:06.151] [Netty Epoll Server IO #0/DEBUG] [net.minecraftforge.network.LoginWrapper/FMLHANDSHAKE]: Recieved login wrapper packet event for channel fml:handshake with index 5
[05Jan2026 18:46:06.151] [Netty Epoll Server IO #0/DEBUG] [net.minecraftforge.network.HandshakeHandler/FMLHANDSHAKE]: Received client indexed reply 5 of type net.minecraftforge.network.HandshakeMessages$C2SAcknowledge
[05Jan2026 18:46:06.151] [Netty Epoll Server IO #0/DEBUG] [net.minecraftforge.network.HandshakeHandler/FMLHANDSHAKE]: Received acknowledgement from client
[05Jan2026 18:46:06.151] [Netty Epoll Server IO #0/DEBUG] [net.minecraftforge.network.LoginWrapper/FMLHANDSHAKE]: Recieved login wrapper packet event for channel fml:handshake with index 6
[05Jan2026 18:46:06.151] [Netty Epoll Server IO #0/DEBUG] [net.minecraftforge.network.HandshakeHandler/FMLHANDSHAKE]: Received client indexed reply 6 of type net.minecraftforge.network.HandshakeMessages$C2SAcknowledge
[05Jan2026 18:46:06.151] [Netty Epoll Server IO #0/DEBUG] [net.minecraftforge.network.HandshakeHandler/FMLHANDSHAKE]: Received acknowledgement from client
[05Jan2026 18:46:06.154] [Server thread/DEBUG] [net.minecraftforge.network.HandshakeHandler/FMLHANDSHAKE]: Sending ticking packet info 'Registry minecraft:block' to 'fml:handshake' sequence 13
[05Jan2026 18:46:06.204] [Server thread/DEBUG] [net.minecraftforge.network.HandshakeHandler/FMLHANDSHAKE]: Sending ticking packet info 'Registry forge:entity_data_serializers' to 'fml:handshake' sequence 14
[05Jan2026 18:46:06.254] [Server thread/DEBUG] [net.minecraftforge.network.HandshakeHandler/FMLHANDSHAKE]: Sending ticking packet info 'Registry minecraft:mob_effect' to 'fml:handshake' sequence 15
[05Jan2026 18:46:06.303] [Server thread/DEBUG] [net.minecraftforge.network.HandshakeHandler/FMLHANDSHAKE]: Sending ticking packet info 'Registry minecraft:stat_type' to 'fml:handshake' sequence 16
[05Jan2026 18:46:06.354] [Server thread/DEBUG] [net.minecraftforge.network.HandshakeHandler/FMLHANDSHAKE]: Sending ticking packet info 'Registry minecraft:menu' to 'fml:handshake' sequence 17
[05Jan2026 18:46:06.404] [Server thread/DEBUG] [net.minecraftforge.network.HandshakeHandler/FMLHANDSHAKE]: Sending ticking packet info 'Registry minecraft:enchantment' to 'fml:handshake' sequence 18
[05Jan2026 18:46:06.446] [Netty Epoll Server IO #0/DEBUG] [net.minecraftforge.network.LoginWrapper/FMLHANDSHAKE]: Recieved login wrapper packet event for channel fml:handshake with index 7
[05Jan2026 18:46:06.447] [Netty Epoll Server IO #0/DEBUG] [net.minecraftforge.network.HandshakeHandler/FMLHANDSHAKE]: Received client indexed reply 7 of type net.minecraftforge.network.HandshakeMessages$C2SAcknowledge
[05Jan2026 18:46:06.447] [Netty Epoll Server IO #0/DEBUG] [net.minecraftforge.network.HandshakeHandler/FMLHANDSHAKE]: Received acknowledgement from client
[05Jan2026 18:46:06.447] [Netty Epoll Server IO #0/DEBUG] [net.minecraftforge.network.LoginWrapper/FMLHANDSHAKE]: Recieved login wrapper packet event for channel fml:handshake with index 8
[05Jan2026 18:46:06.447] [Netty Epoll Server IO #0/DEBUG] [net.minecraftforge.network.HandshakeHandler/FMLHANDSHAKE]: Received client indexed reply 8 of type net.minecraftforge.network.HandshakeMessages$C2SAcknowledge
[05Jan2026 18:46:06.447] [Netty Epoll Server IO #0/DEBUG] [net.minecraftforge.network.HandshakeHandler/FMLHANDSHAKE]: Received acknowledgement from client
[05Jan2026 18:46:06.447] [Netty Epoll Server IO #0/DEBUG] [net.minecraftforge.network.LoginWrapper/FMLHANDSHAKE]: Recieved login wrapper packet event for channel fml:handshake with index 9
[05Jan2026 18:46:06.447] [Netty Epoll Server IO #0/DEBUG] [net.minecraftforge.network.HandshakeHandler/FMLHANDSHAKE]: Received client indexed reply 9 of type net.minecraftforge.network.HandshakeMessages$C2SAcknowledge
[05Jan2026 18:46:06.447] [Netty Epoll Server IO #0/DEBUG] [net.minecraftforge.network.HandshakeHandler/FMLHANDSHAKE]: Received acknowledgement from client
[05Jan2026 18:46:06.447] [Netty Epoll Server IO #0/DEBUG] [net.minecraftforge.network.LoginWrapper/FMLHANDSHAKE]: Recieved login wrapper packet event for channel fml:handshake with index 10
[05Jan2026 18:46:06.447] [Netty Epoll Server IO #0/DEBUG] [net.minecraftforge.network.HandshakeHandler/FMLHANDSHAKE]: Received client indexed reply 10 of type net.minecraftforge.network.HandshakeMessages$C2SAcknowledge
[05Jan2026 18:46:06.447] [Netty Epoll Server IO #0/DEBUG] [net.minecraftforge.network.HandshakeHandler/FMLHANDSHAKE]: Received acknowledgement from client
[05Jan2026 18:46:06.447] [Netty Epoll Server IO #0/DEBUG] [net.minecraftforge.network.LoginWrapper/FMLHANDSHAKE]: Recieved login wrapper packet event for channel fml:handshake with index 11
[05Jan2026 18:46:06.447] [Netty Epoll Server IO #0/DEBUG] [net.minecraftforge.network.HandshakeHandler/FMLHANDSHAKE]: Received client indexed reply 11 of type net.minecraftforge.network.HandshakeMessages$C2SAcknowledge
[05Jan2026 18:46:06.447] [Netty Epoll Server IO #0/DEBUG] [net.minecraftforge.network.HandshakeHandler/FMLHANDSHAKE]: Received acknowledgement from client
[05Jan2026 18:46:06.447] [Netty Epoll Server IO #0/DEBUG] [net.minecraftforge.network.LoginWrapper/FMLHANDSHAKE]: Recieved login wrapper packet event for channel fml:handshake with index 12
[05Jan2026 18:46:06.447] [Netty Epoll Server IO #0/DEBUG] [net.minecraftforge.network.HandshakeHandler/FMLHANDSHAKE]: Received client indexed reply 12 of type net.minecraftforge.network.HandshakeMessages$C2SAcknowledge
[05Jan2026 18:46:06.447] [Netty Epoll Server IO #0/DEBUG] [net.minecraftforge.network.HandshakeHandler/FMLHANDSHAKE]: Received acknowledgement from client
[05Jan2026 18:46:06.453] [Server thread/DEBUG] [net.minecraftforge.network.HandshakeHandler/FMLHANDSHAKE]: Sending ticking packet info 'Registry minecraft:fluid' to 'fml:handshake' sequence 19
[05Jan2026 18:46:06.503] [Server thread/DEBUG] [net.minecraftforge.network.HandshakeHandler/FMLHANDSHAKE]: Sending ticking packet info 'Registry minecraft:entity_type' to 'fml:handshake' sequence 20
[05Jan2026 18:46:06.553] [Server thread/DEBUG] [net.minecraftforge.network.HandshakeHandler/FMLHANDSHAKE]: Sending ticking packet info 'Config securitycraft-server.toml' to 'fml:handshake' sequence 21
[05Jan2026 18:46:06.603] [Server thread/DEBUG] [net.minecraftforge.network.HandshakeHandler/FMLHANDSHAKE]: Sending ticking packet info 'Config sophisticatedbackpacks-server.toml' to 'fml:handshake' sequence 22
[05Jan2026 18:46:06.615] [Netty Epoll Server IO #0/DEBUG] [net.minecraftforge.network.LoginWrapper/FMLHANDSHAKE]: Recieved login wrapper packet event for channel fml:handshake with index 13
[05Jan2026 18:46:06.615] [Netty Epoll Server IO #0/DEBUG] [net.minecraftforge.network.HandshakeHandler/FMLHANDSHAKE]: Received client indexed reply 13 of type net.minecraftforge.network.HandshakeMessages$C2SAcknowledge
[05Jan2026 18:46:06.615] [Netty Epoll Server IO #0/DEBUG] [net.minecraftforge.network.HandshakeHandler/FMLHANDSHAKE]: Received acknowledgement from client
[05Jan2026 18:46:06.625] [Netty Epoll Server IO #0/DEBUG] [net.minecraftforge.network.LoginWrapper/FMLHANDSHAKE]: Recieved login wrapper packet event for channel fml:handshake with index 14
[05Jan2026 18:46:06.625] [Netty Epoll Server IO #0/DEBUG] [net.minecraftforge.network.HandshakeHandler/FMLHANDSHAKE]: Received client indexed reply 14 of type net.minecraftforge.network.HandshakeMessages$C2SAcknowledge
[05Jan2026 18:46:06.625] [Netty Epoll Server IO #0/DEBUG] [net.minecraftforge.network.HandshakeHandler/FMLHANDSHAKE]: Received acknowledgement from client
[05Jan2026 18:46:06.625] [Netty Epoll Server IO #0/DEBUG] [net.minecraftforge.network.LoginWrapper/FMLHANDSHAKE]: Recieved login wrapper packet event for channel fml:handshake with index 15
[05Jan2026 18:46:06.625] [Netty Epoll Server IO #0/DEBUG] [net.minecraftforge.network.HandshakeHandler/FMLHANDSHAKE]: Received client indexed reply 15 of type net.minecraftforge.network.HandshakeMessages$C2SAcknowledge
[05Jan2026 18:46:06.625] [Netty Epoll Server IO #0/DEBUG] [net.minecraftforge.network.HandshakeHandler/FMLHANDSHAKE]: Received acknowledgement from client
[05Jan2026 18:46:06.625] [Netty Epoll Server IO #0/DEBUG] [net.minecraftforge.network.LoginWrapper/FMLHANDSHAKE]: Recieved login wrapper packet event for channel fml:handshake with index 16
[05Jan2026 18:46:06.625] [Netty Epoll Server IO #0/DEBUG] [net.minecraftforge.network.HandshakeHandler/FMLHANDSHAKE]: Received client indexed reply 16 of type net.minecraftforge.network.HandshakeMessages$C2SAcknowledge
[05Jan2026 18:46:06.625] [Netty Epoll Server IO #0/DEBUG] [net.minecraftforge.network.HandshakeHandler/FMLHANDSHAKE]: Received acknowledgement from client
[05Jan2026 18:46:06.625] [Netty Epoll Server IO #0/DEBUG] [net.minecraftforge.network.LoginWrapper/FMLHANDSHAKE]: Recieved login wrapper packet event for channel fml:handshake with index 17
[05Jan2026 18:46:06.625] [Netty Epoll Server IO #0/DEBUG] [net.minecraftforge.network.HandshakeHandler/FMLHANDSHAKE]: Received client indexed reply 17 of type net.minecraftforge.network.HandshakeMessages$C2SAcknowledge
[05Jan2026 18:46:06.625] [Netty Epoll Server IO #0/DEBUG] [net.minecraftforge.network.HandshakeHandler/FMLHANDSHAKE]: Received acknowledgement from client
[05Jan2026 18:46:06.626] [Netty Epoll Server IO #0/DEBUG] [net.minecraftforge.network.LoginWrapper/FMLHANDSHAKE]: Recieved login wrapper packet event for channel fml:handshake with index 18
[05Jan2026 18:46:06.626] [Netty Epoll Server IO #0/DEBUG] [net.minecraftforge.network.HandshakeHandler/FMLHANDSHAKE]: Received client indexed reply 18 of type net.minecraftforge.network.HandshakeMessages$C2SAcknowledge
[05Jan2026 18:46:06.626] [Netty Epoll Server IO #0/DEBUG] [net.minecraftforge.network.HandshakeHandler/FMLHANDSHAKE]: Received acknowledgement from client
[05Jan2026 18:46:06.626] [Netty Epoll Server IO #0/DEBUG] [net.minecraftforge.network.LoginWrapper/FMLHANDSHAKE]: Recieved login wrapper packet event for channel fml:handshake with index 19
[05Jan2026 18:46:06.626] [Netty Epoll Server IO #0/DEBUG] [net.minecraftforge.network.HandshakeHandler/FMLHANDSHAKE]: Received client indexed reply 19 of type net.minecraftforge.network.HandshakeMessages$C2SAcknowledge
[05Jan2026 18:46:06.626] [Netty Epoll Server IO #0/DEBUG] [net.minecraftforge.network.HandshakeHandler/FMLHANDSHAKE]: Received acknowledgement from client
[05Jan2026 18:46:06.653] [Server thread/DEBUG] [net.minecraftforge.network.HandshakeHandler/FMLHANDSHAKE]: Sending ticking packet info 'Config mantle-server.toml' to 'fml:handshake' sequence 23
[05Jan2026 18:46:06.703] [Server thread/DEBUG] [net.minecraftforge.network.HandshakeHandler/FMLHANDSHAKE]: Sending ticking packet info 'Config jei-server.toml' to 'fml:handshake' sequence 24
[05Jan2026 18:46:06.753] [Server thread/DEBUG] [net.minecraftforge.network.HandshakeHandler/FMLHANDSHAKE]: Sending ticking packet info 'Config forge-server.toml' to 'fml:handshake' sequence 25
[05Jan2026 18:46:06.803] [Server thread/DEBUG] [net.minecraftforge.network.HandshakeHandler/FMLHANDSHAKE]: Sending ticking packet info 'org.violetmoon.zeta.network.message.S2CLoginFlag' to 'zeta:main' sequence 26
[05Jan2026 18:46:13.329] [Netty Epoll Server IO #0/DEBUG] [net.minecraftforge.network.LoginWrapper/FMLHANDSHAKE]: Recieved login wrapper packet event for channel fml:handshake with index 20
[05Jan2026 18:46:13.329] [Netty Epoll Server IO #0/DEBUG] [net.minecraftforge.network.HandshakeHandler/FMLHANDSHAKE]: Received client indexed reply 20 of type net.minecraftforge.network.HandshakeMessages$C2SAcknowledge
[05Jan2026 18:46:13.329] [Netty Epoll Server IO #0/DEBUG] [net.minecraftforge.network.HandshakeHandler/FMLHANDSHAKE]: Received acknowledgement from client
[05Jan2026 18:46:13.545] [Netty Epoll Server IO #0/DEBUG] [net.minecraftforge.network.LoginWrapper/FMLHANDSHAKE]: Recieved login wrapper packet event for channel fml:handshake with index 21
[05Jan2026 18:46:13.545] [Netty Epoll Server IO #0/DEBUG] [net.minecraftforge.network.HandshakeHandler/FMLHANDSHAKE]: Received client indexed reply 21 of type net.minecraftforge.network.HandshakeMessages$C2SAcknowledge
[05Jan2026 18:46:13.545] [Netty Epoll Server IO #0/DEBUG] [net.minecraftforge.network.HandshakeHandler/FMLHANDSHAKE]: Received acknowledgement from client
[05Jan2026 18:46:13.545] [Netty Epoll Server IO #0/DEBUG] [net.minecraftforge.network.LoginWrapper/FMLHANDSHAKE]: Recieved login wrapper packet event for channel fml:handshake with index 22
[05Jan2026 18:46:13.545] [Netty Epoll Server IO #0/DEBUG] [net.minecraftforge.network.HandshakeHandler/FMLHANDSHAKE]: Received client indexed reply 22 of type net.minecraftforge.network.HandshakeMessages$C2SAcknowledge
[05Jan2026 18:46:13.546] [Netty Epoll Server IO #0/DEBUG] [net.minecraftforge.network.HandshakeHandler/FMLHANDSHAKE]: Received acknowledgement from client
[05Jan2026 18:46:13.546] [Netty Epoll Server IO #0/DEBUG] [net.minecraftforge.network.LoginWrapper/FMLHANDSHAKE]: Recieved login wrapper packet event for channel fml:handshake with index 23
[05Jan2026 18:46:13.546] [Netty Epoll Server IO #0/DEBUG] [net.minecraftforge.network.HandshakeHandler/FMLHANDSHAKE]: Received client indexed reply 23 of type net.minecraftforge.network.HandshakeMessages$C2SAcknowledge
[05Jan2026 18:46:13.546] [Netty Epoll Server IO #0/DEBUG] [net.minecraftforge.network.HandshakeHandler/FMLHANDSHAKE]: Received acknowledgement from client
[05Jan2026 18:46:13.546] [Netty Epoll Server IO #0/DEBUG] [net.minecraftforge.network.LoginWrapper/FMLHANDSHAKE]: Recieved login wrapper packet event for channel fml:handshake with index 24
[05Jan2026 18:46:13.546] [Netty Epoll Server IO #0/DEBUG] [net.minecraftforge.network.HandshakeHandler/FMLHANDSHAKE]: Received client indexed reply 24 of type net.minecraftforge.network.HandshakeMessages$C2SAcknowledge
[05Jan2026 18:46:13.546] [Netty Epoll Server IO #0/DEBUG] [net.minecraftforge.network.HandshakeHandler/FMLHANDSHAKE]: Received acknowledgement from client
[05Jan2026 18:46:13.546] [Netty Epoll Server IO #0/DEBUG] [net.minecraftforge.network.LoginWrapper/FMLHANDSHAKE]: Recieved login wrapper packet event for channel fml:handshake with index 25
[05Jan2026 18:46:13.546] [Netty Epoll Server IO #0/DEBUG] [net.minecraftforge.network.HandshakeHandler/FMLHANDSHAKE]: Received client indexed reply 25 of type net.minecraftforge.network.HandshakeMessages$C2SAcknowledge
[05Jan2026 18:46:13.546] [Netty Epoll Server IO #0/DEBUG] [net.minecraftforge.network.HandshakeHandler/FMLHANDSHAKE]: Received acknowledgement from client
[05Jan2026 18:46:13.546] [Netty Epoll Server IO #0/DEBUG] [net.minecraftforge.network.LoginWrapper/FMLHANDSHAKE]: Recieved login wrapper packet event for channel zeta:main with index 26
[05Jan2026 18:46:13.546] [Netty Epoll Server IO #0/DEBUG] [net.minecraftforge.network.HandshakeHandler/FMLHANDSHAKE]: Received client indexed reply 26 of type org.violetmoon.zeta.network.message.C2SLoginFlag
[05Jan2026 18:46:13.553] [Server thread/DEBUG] [net.minecraftforge.network.HandshakeHandler/FMLHANDSHAKE]: Handshake complete!
[05Jan2026 18:46:13.676] [Server thread/INFO] [net.minecraft.server.players.PlayerList/]: pipe[/100.91.245.104:63546] logged in with entity id 993 at (-1189.0532630952225, 110.9375, 954.9926695859543)
[05Jan2026 18:46:13.677] [Server thread/DEBUG] [net.minecraftforge.network.filters.NetworkFilters/]: Injected net.minecraftforge.network.filters.ForgeConnectionNetworkFilter@486d9555 into net.minecraft.network.Connection@cbcb28d
[05Jan2026 18:46:13.710] [Server thread/INFO] [net.minecraft.server.MinecraftServer/]: pipe joined the game
[05Jan2026 18:46:13.729] [Server thread/DEBUG] [voicechat/]: [voicechat] Setting default state of pipe: {disabled=false, disconnected=true, uuid=f7a4f819-c9d5-36c7-8ede-59daf05cc89a, name=pipe, group=null}
[05Jan2026 18:46:15.629] [Server thread/INFO] [voicechat/]: [voicechat] Received secret request of pipe (20)
[05Jan2026 18:46:15.630] [Server thread/DEBUG] [voicechat/]: [voicechat] Sending initial states to pipe
[05Jan2026 18:46:15.630] [Server thread/DEBUG] [voicechat/]: [voicechat] Synchronizing 0 groups with pipe
[05Jan2026 18:46:15.630] [Server thread/DEBUG] [voicechat/]: [voicechat] Synchronizing 0 volume categories with pipe
[05Jan2026 18:46:15.630] [Server thread/INFO] [voicechat/]: [voicechat] Sent secret to pipe
[05Jan2026 18:46:28.887] [Server thread/INFO] [do_a_barrel_roll/]: Client of pipe accepted server config.
[05Jan2026 18:46:29.676] [VoiceChatPacketProcessingThread/INFO] [voicechat/]: [voicechat] Successfully authenticated player f7a4f819-c9d5-36c7-8ede-59daf05cc89a
[05Jan2026 18:46:30.696] [VoiceChatPacketProcessingThread/INFO] [voicechat/]: [voicechat] Successfully validated connection of player f7a4f819-c9d5-36c7-8ede-59daf05cc89a
[05Jan2026 18:46:30.697] [VoiceChatPacketProcessingThread/DEBUG] [voicechat/]: [voicechat] Set state of pipe to connected: {disabled=false, disconnected=false, uuid=f7a4f819-c9d5-36c7-8ede-59daf05cc89a, name=pipe, group=null}
[05Jan2026 18:46:30.697] [VoiceChatPacketProcessingThread/INFO] [voicechat/]: [voicechat] Player pipe (f7a4f819-c9d5-36c7-8ede-59daf05cc89a) successfully connected to voice chat
[05Jan2026 18:46:30.915] [Server thread/DEBUG] [voicechat/]: [voicechat] Got state of pipe: {disabled=false, disconnected=false, uuid=f7a4f819-c9d5-36c7-8ede-59daf05cc89a, name=pipe, group=null}
